{"type":"FeatureCollection","features":[{"type":"Feature","properties":{"id":"223100","riverUk":null,"riverEn":null,"oblasts":["luhansk"],"point":[39.6313,47.9229],"kakhovka":false},"geometry":{"type":"MultiPolygon","coordinates":[[[[39.6286,48.0064],[39.6298,47.9926],[39.6451,47.9866],[39.6465,47.9759],[39.6704,47.9615],[39.6842,47.9423],[39.7314,47.9328],[39.7583,47.9208],[39.7381,47.9022],[39.7367,47.8925],[39.7,47.8875],[39.7325,47.8658],[39.7375,47.85],[39.7559,47.846],[39.7385,47.828],[39.6522,47.833],[39.6217,47.8364],[39.5655,47.8364],[39.5406,47.827],[39.5209,47.8257],[39.4778,47.8607],[39.4486,47.8519],[39.44,47.8548],[39.4394,47.8402],[39.4118,47.831],[39.3873,47.8712],[39.3554,47.8727],[39.3514,47.8669],[39.2417,47.8671],[39.2365,47.8536],[39.181,47.8537],[39.1719,47.8462],[39.1499,47.8515],[39.1496,47.8424],[39.1256,47.8426],[39.1083,47.875],[39.1417,47.8875],[39.1917,47.8833],[39.2108,47.8962],[39.2517,47.8879],[39.2941,47.8871],[39.3274,47.8788],[39.3792,47.8833],[39.3799,47.8951],[39.3983,47.8962],[39.4191,47.9045],[39.4566,47.8955],[39.4941,47.8962],[39.5125,47.9042],[39.5047,47.9188],[39.5175,47.941],[39.5493,47.9466],[39.5506,47.9605],[39.5744,47.9853],[39.5884,48.0116],[39.6083,48.0208],[39.6286,48.0064]]],[[[39.7632,47.8463],[39.7609,47.8463],[39.7634,47.8488],[39.7632,47.8463]]]]}},{"type":"Feature","properties":{"id":"223401","riverUk":null,"riverEn":null,"oblasts":["luhansk"],"point":[39.7268,47.9667],"kakhovka":false},"geometry":{"type":"Polygon","coordinates":[[[39.7559,47.846],[39.7375,47.85],[39.7325,47.8658],[39.7,47.8875],[39.7367,47.8925],[39.7381,47.9022],[39.7583,47.9208],[39.7314,47.9328],[39.6842,47.9423],[39.6704,47.9615],[39.6465,47.9759],[39.6451,47.9866],[39.6298,47.9926],[39.6286,48.0064],[39.6083,48.0208],[39.6125,48.0542],[39.6451,48.0494],[39.6825,48.055],[39.6936,48.0703],[39.7316,48.0879],[39.7941,48.0871],[39.8318,48.0712],[39.8436,48.0409],[39.7769,48.0399],[39.7828,48.0297],[39.7599,48.015],[39.7802,47.9931],[39.7944,47.9713],[39.794,47.9457],[39.7798,47.9225],[39.7776,47.9066],[39.7829,47.8866],[39.7785,47.8694],[39.7634,47.8707],[39.7634,47.8488],[39.7609,47.8463],[39.7559,47.846]]]}},{"type":"Feature","properties":{"id":"223403","riverUk":"Сіверський Донець","riverEn":"Siverskyi Donets","oblasts":["luhansk"],"point":[39.6943,48.3208],"kakhovka":false},"geometry":{"type":"Polygon","coordinates":[[[39.691,48.5862],[39.7214,48.5849],[39.7506,48.5886],[39.8092,48.5838],[39.8353,48.5735],[39.8542,48.5569],[39.8557,48.5352],[39.8671,48.5087],[39.8421,48.4991],[39.8464,48.4738],[39.8731,48.4577],[39.8962,48.4239],[39.9097,48.3932],[39.9231,48.3754],[39.8841,48.3464],[39.863,48.3345],[39.8453,48.3329],[39.8417,48.3226],[39.8159,48.3082],[39.8848,48.279],[39.9147,48.283],[39.9104,48.2714],[39.9246,48.2713],[39.9368,48.2884],[39.9574,48.2934],[39.9789,48.2901],[39.9932,48.2732],[39.9907,48.2537],[39.9673,48.2274],[39.942,48.2286],[39.9407,48.212],[39.9126,48.1977],[39.8937,48.183],[39.8431,48.1198],[39.8312,48.1],[39.8318,48.0712],[39.7941,48.0871],[39.7316,48.0879],[39.6936,48.0703],[39.6825,48.055],[39.6451,48.0494],[39.6125,48.0542],[39.5684,48.0621],[39.5646,48.0583],[39.5233,48.0795],[39.5149,48.0712],[39.4941,48.0663],[39.4524,48.0955],[39.4229,48.0958],[39.4108,48.1038],[39.3775,48.1087],[39.3145,48.1078],[39.2853,48.1131],[39.2397,48.1369],[39.1868,48.1422],[39.1684,48.1337],[39.1295,48.1601],[39.1282,48.1826],[39.102,48.1881],[39.084,48.1967],[39.0708,48.2208],[39.0854,48.2333],[39.1066,48.2295],[39.1267,48.2455],[39.2108,48.2462],[39.2301,48.2577],[39.2689,48.2631],[39.2936,48.2703],[39.3233,48.2705],[39.34,48.2621],[39.3559,48.2705],[39.3899,48.2712],[39.3976,48.2788],[39.4316,48.2837],[39.4434,48.2955],[39.4566,48.2962],[39.4684,48.308],[39.5366,48.309],[39.5436,48.3203],[39.5603,48.3244],[39.6125,48.325],[39.617,48.3358],[39.6333,48.3458],[39.6462,48.3697],[39.6176,48.3839],[39.6208,48.4],[39.6093,48.4046],[39.5921,48.4312],[39.5994,48.4395],[39.5953,48.4738],[39.6035,48.4759],[39.6083,48.5],[39.6488,48.4953],[39.6509,48.5035],[39.6866,48.5132],[39.6993,48.5408],[39.6799,48.5509],[39.6869,48.5686],[39.6834,48.5913],[39.691,48.5862]]]}},{"type":"Feature","properties":{"id":"223404","riverUk":null,"riverEn":null,"oblasts":["luhansk"],"point":[39.702,49.1285],"kakhovka":false},"geometry":{"type":"MultiPolygon","coordinates":[[[[39.27,49.33],[39.275,49.3458],[39.2952,49.3509],[39.297,49.3829],[39.3215,49.4117],[39.3326,49.4133],[39.334,49.4367],[39.3583,49.45],[39.3823,49.4506],[39.3882,49.4658],[39.4645,49.5078],[39.4833,49.5125],[39.4744,49.5382],[39.4833,49.5542],[39.4953,49.5603],[39.5007,49.5824],[39.5285,49.6009],[39.5298,49.6158],[39.5493,49.6259],[39.5575,49.6422],[39.5784,49.6369],[39.6048,49.638],[39.6229,49.6135],[39.6533,49.5998],[39.6887,49.5935],[39.7292,49.5808],[39.7811,49.5484],[39.8015,49.5422],[39.8287,49.5415],[39.8594,49.5456],[39.9147,49.563],[39.968,49.5985],[40.0349,49.6048],[40.1155,49.5906],[40.1307,49.5798],[40.1261,49.5591],[40.1154,49.5496],[40.0392,49.5207],[40.0419,49.4989],[40.0293,49.4536],[40.0492,49.4438],[40.062,49.4258],[40.1014,49.3855],[40.1481,49.3496],[40.1595,49.3336],[40.1572,49.3159],[40.1427,49.2819],[40.1417,49.2458],[40.1284,49.2342],[40.0909,49.2173],[40.059,49.1841],[40.0311,49.1798],[40.0034,49.1526],[39.9521,49.1245],[39.9309,49.1006],[39.923,49.0572],[39.8802,49.0643],[39.8173,49.058],[39.8052,49.0599],[39.7664,49.0401],[39.6932,49.0505],[39.6724,49.0404],[39.6851,49.0339],[39.6637,49.0009],[39.6768,48.9896],[39.674,48.9701],[39.6875,48.9576],[39.726,48.937],[39.7474,48.9053],[39.7587,48.8954],[39.7823,48.8884],[39.8619,48.8764],[39.8965,48.8799],[39.9186,48.8725],[39.9376,48.8562],[39.9504,48.8528],[39.9932,48.8682],[40.0089,48.8878],[40.0343,48.8856],[40.0538,48.8692],[40.0528,48.8502],[39.9755,48.793],[39.9482,48.7958],[39.8824,48.822],[39.8299,48.8338],[39.8011,48.8429],[39.7794,48.8077],[39.7594,48.7928],[39.7363,48.7615],[39.7114,48.7548],[39.7029,48.7466],[39.6452,48.6191],[39.6286,48.6382],[39.6411,48.6561],[39.6506,48.6926],[39.6333,48.7042],[39.6246,48.7309],[39.633,48.7434],[39.633,48.7733],[39.6009,48.8009],[39.6052,48.8202],[39.6324,48.8214],[39.6464,48.8382],[39.6464,48.853],[39.6262,48.8668],[39.6286,48.877],[39.6062,48.8882],[39.5888,48.9043],[39.5789,48.9325],[39.6063,48.934],[39.6212,48.9517],[39.6,48.9708],[39.5603,48.9714],[39.5509,48.9759],[39.5368,48.999],[39.5244,49.009],[39.534,49.0215],[39.5256,49.0312],[39.5243,49.0534],[39.505,49.0586],[39.5,49.1],[39.4865,49.1119],[39.4603,49.1131],[39.4333,49.1375],[39.4464,49.1552],[39.4339,49.1686],[39.4282,49.1869],[39.4051,49.1881],[39.4079,49.2104],[39.3994,49.2257],[39.4125,49.2458],[39.3934,49.2462],[39.375,49.2625],[39.3395,49.2672],[39.3145,49.2797],[39.2855,49.2994],[39.2676,49.3006],[39.2542,49.3208],[39.27,49.33]]],[[[39.6825,48.5917],[39.6832,48.5918],[39.6832,48.5917],[39.6825,48.5917]]]]}},{"type":"Feature","properties":{"id":"223405","riverUk":"Сіверський Донець","riverEn":"Siverskyi Donets","oblasts":["luhansk","donetsk"],"point":[39.4252,48.7692],"kakhovka":false},"geometry":{"type":"Polygon","coordinates":[[[38.0993,48.3467],[38.0963,48.3646],[38.1036,48.3728],[38.1047,48.3939],[38.1186,48.4036],[38.145,48.4092],[38.1536,48.4228],[38.1547,48.4397],[38.1703,48.4561],[38.1786,48.4814],[38.1649,48.4962],[38.1871,48.5184],[38.2082,48.5118],[38.2791,48.5257],[38.295,48.5207],[38.2956,48.5493],[38.3292,48.55],[38.3411,48.5814],[38.3297,48.5936],[38.3292,48.6125],[38.3583,48.6083],[38.37,48.6217],[38.3631,48.6449],[38.3744,48.6561],[38.3756,48.673],[38.3881,48.6946],[38.3798,48.6967],[38.3795,48.7149],[38.448,48.7172],[38.4534,48.7214],[38.498,48.7203],[38.5208,48.7167],[38.5366,48.7297],[38.5605,48.7286],[38.5853,48.7214],[38.6691,48.7205],[38.7108,48.7087],[38.7191,48.717],[38.7399,48.7163],[38.7991,48.6866],[38.8149,48.683],[38.8434,48.6629],[38.8691,48.658],[38.8767,48.6504],[38.9233,48.6462],[38.9351,48.6538],[38.9608,48.6538],[39.0059,48.6337],[39.0566,48.6205],[39.0687,48.6125],[39.0854,48.6125],[39.1042,48.625],[39.1316,48.6205],[39.1583,48.6292],[39.1684,48.6455],[39.1899,48.6496],[39.2267,48.6337],[39.2451,48.6385],[39.2468,48.6506],[39.2813,48.6465],[39.2948,48.6621],[39.2717,48.6759],[39.2675,48.6951],[39.2917,48.7042],[39.2858,48.7121],[39.2684,48.7129],[39.2566,48.7246],[39.2417,48.7208],[39.2496,48.7309],[39.2458,48.75],[39.2342,48.7506],[39.2174,48.7676],[39.2214,48.7882],[39.209,48.7967],[39.1952,48.8199],[39.173,48.8328],[39.152,48.8339],[39.1411,48.8466],[39.1408,48.8616],[39.1257,48.8676],[39.1244,48.8814],[39.1089,48.902],[39.1087,48.9358],[39.1129,48.9559],[39.1038,48.9733],[39.0875,48.9833],[39.0796,48.9979],[39.0885,49.0119],[39.1189,49.0131],[39.1297,49.0299],[39.1092,49.0425],[39.1042,49.0542],[39.1256,49.0597],[39.1122,49.0782],[39.1417,49.0833],[39.1464,49.123],[39.1575,49.1367],[39.1344,49.1461],[39.152,49.1661],[39.1673,49.1755],[39.1511,49.1877],[39.1661,49.2009],[39.1631,49.2314],[39.1717,49.2451],[39.1824,49.2465],[39.1936,49.2619],[39.2167,49.2667],[39.2292,49.2938],[39.2208,49.3083],[39.2441,49.3129],[39.2542,49.3208],[39.2676,49.3006],[39.2855,49.2994],[39.3145,49.2797],[39.3395,49.2672],[39.375,49.2625],[39.3934,49.2462],[39.4125,49.2458],[39.3994,49.2257],[39.4079,49.2104],[39.4051,49.1881],[39.4282,49.1869],[39.4339,49.1686],[39.4464,49.1552],[39.4333,49.1375],[39.4603,49.1131],[39.4865,49.1119],[39.5,49.1],[39.505,49.0586],[39.5243,49.0534],[39.5256,49.0312],[39.534,49.0215],[39.5244,49.009],[39.5368,48.999],[39.5509,48.9759],[39.5603,48.9714],[39.6,48.9708],[39.6212,48.9517],[39.6063,48.934],[39.5789,48.9325],[39.5888,48.9043],[39.6062,48.8882],[39.6286,48.877],[39.6262,48.8668],[39.6464,48.853],[39.6464,48.8382],[39.6324,48.8214],[39.6052,48.8202],[39.6009,48.8009],[39.633,48.7733],[39.633,48.7434],[39.6246,48.7309],[39.6333,48.7042],[39.6506,48.6926],[39.6411,48.6561],[39.6286,48.6382],[39.6452,48.6191],[39.6317,48.5869],[39.6825,48.5917],[39.6832,48.5917],[39.6834,48.5913],[39.6869,48.5686],[39.6799,48.5509],[39.6993,48.5408],[39.6866,48.5132],[39.6509,48.5035],[39.6488,48.4953],[39.6083,48.5],[39.6035,48.4759],[39.5953,48.4738],[39.5994,48.4395],[39.5921,48.4312],[39.6093,48.4046],[39.6208,48.4],[39.6176,48.3839],[39.6462,48.3697],[39.6333,48.3458],[39.617,48.3358],[39.6125,48.325],[39.5603,48.3244],[39.5436,48.3203],[39.5366,48.309],[39.4684,48.308],[39.4566,48.2962],[39.4434,48.2955],[39.4316,48.2837],[39.3976,48.2788],[39.3899,48.2712],[39.3559,48.2705],[39.34,48.2621],[39.3233,48.2705],[39.2936,48.2703],[39.2689,48.2631],[39.2301,48.2577],[39.2108,48.2462],[39.1267,48.2455],[39.1066,48.2295],[39.0854,48.2333],[39.0708,48.2208],[39.0566,48.2246],[39.0066,48.2246],[38.9775,48.2295],[38.9691,48.2212],[38.925,48.2208],[38.909,48.2342],[38.8991,48.2576],[38.8667,48.2625],[38.8566,48.2788],[38.8149,48.2955],[38.7175,48.2868],[38.7116,48.2676],[38.6691,48.2545],[38.6441,48.2538],[38.6274,48.2705],[38.6066,48.2788],[38.5458,48.2958],[38.5408,48.3035],[38.5125,48.3125],[38.4708,48.3542],[38.4267,48.3538],[38.4042,48.3417],[38.3958,48.3083],[38.3483,48.2996],[38.3226,48.3045],[38.2941,48.3163],[38.2476,48.317],[38.2191,48.3254],[38.2024,48.317],[38.1775,48.3163],[38.1525,48.3212],[38.1174,48.3091],[38.1158,48.3201],[38.0917,48.3292],[38.0875,48.3375],[38.0993,48.3467]]]}},{"type":"Feature","properties":{"id":"223406","riverUk":null,"riverEn":null,"oblasts":["luhansk"],"point":[39.016,49.3388],"kakhovka":false},"geometry":{"type":"Polygon","coordinates":[[[39.223,48.7172],[39.1326,48.7172],[39.1118,48.7119],[39.0926,48.7173],[39.0728,48.7297],[39.0506,48.7509],[39.0542,48.775],[39.0407,48.7868],[39.0125,48.8],[39.0078,48.8135],[39.0203,48.827],[39.0214,48.8405],[38.9839,48.8811],[38.9866,48.9033],[38.9311,48.9256],[38.9131,48.9478],[38.9118,48.9574],[38.8965,48.9676],[38.8917,48.9833],[38.8644,48.988],[38.8576,48.9991],[38.825,49.0],[38.8244,49.0439],[38.8119,49.0655],[38.8294,49.0761],[38.8175,49.0842],[38.8173,49.1282],[38.8342,49.1452],[38.8458,49.1458],[38.8413,49.1608],[38.8208,49.175],[38.825,49.1896],[38.8042,49.225],[38.842,49.247],[38.8214,49.2728],[38.8286,49.298],[38.8115,49.316],[38.7936,49.3172],[38.778,49.3336],[38.7659,49.3286],[38.7493,49.3422],[38.7312,49.3338],[38.7189,49.3453],[38.7009,49.3509],[38.6954,49.3615],[38.676,49.3712],[38.6756,49.3908],[38.6828,49.398],[38.6714,49.4103],[38.6756,49.4321],[38.6575,49.445],[38.6426,49.441],[38.6223,49.4167],[38.6158,49.4285],[38.5927,49.4298],[38.575,49.4417],[38.5619,49.463],[38.5744,49.4812],[38.5799,49.5117],[38.595,49.517],[38.6042,49.5333],[38.5708,49.5417],[38.5632,49.5574],[38.575,49.564],[38.5578,49.6009],[38.5718,49.6202],[38.5908,49.6215],[38.5912,49.6396],[38.575,49.6542],[38.5798,49.673],[38.5925,49.695],[38.609,49.7079],[38.6076,49.7284],[38.5962,49.73],[38.5827,49.7493],[38.6125,49.7667],[38.608,49.7899],[38.5858,49.7913],[38.5525,49.817],[38.5441,49.8087],[38.5191,49.8038],[38.4976,49.817],[38.4708,49.8167],[38.4661,49.8439],[38.4578,49.8613],[38.4917,49.889],[38.4871,49.8949],[38.4395,49.9172],[38.4217,49.93],[38.4301,49.9496],[38.4566,49.9504],[38.4661,49.9557],[38.4975,49.9482],[38.5497,49.9543],[38.5608,49.9545],[38.5619,49.9557],[38.5705,49.9566],[38.575,49.9542],[38.5755,49.956],[38.6195,49.9508],[38.6643,49.9627],[38.6756,49.927],[38.6873,49.9138],[38.7478,49.8854],[38.8522,49.8658],[38.8863,49.8452],[38.9302,49.797],[38.9491,49.796],[38.9647,49.8046],[39.0323,49.8073],[39.0491,49.8106],[39.1105,49.8379],[39.1307,49.8616],[39.1558,49.8736],[39.1828,49.8585],[39.238,49.7651],[39.2609,49.7445],[39.2899,49.7321],[39.3277,49.7263],[39.3672,49.7318],[39.406,49.7443],[39.4436,49.7495],[39.4991,49.7281],[39.5575,49.724],[39.5704,49.7133],[39.5974,49.648],[39.6048,49.638],[39.5784,49.6369],[39.5575,49.6422],[39.5493,49.6259],[39.5298,49.6158],[39.5285,49.6009],[39.5007,49.5824],[39.4953,49.5603],[39.4833,49.5542],[39.4744,49.5382],[39.4833,49.5125],[39.4645,49.5078],[39.3882,49.4658],[39.3823,49.4506],[39.3583,49.45],[39.334,49.4367],[39.3326,49.4133],[39.3215,49.4117],[39.297,49.3829],[39.2952,49.3509],[39.275,49.3458],[39.27,49.33],[39.2542,49.3208],[39.2441,49.3129],[39.2208,49.3083],[39.2292,49.2938],[39.2167,49.2667],[39.1936,49.2619],[39.1824,49.2465],[39.1717,49.2451],[39.1631,49.2314],[39.1661,49.2009],[39.1511,49.1877],[39.1673,49.1755],[39.152,49.1661],[39.1344,49.1461],[39.1575,49.1367],[39.1464,49.123],[39.1417,49.0833],[39.1122,49.0782],[39.1256,49.0597],[39.1042,49.0542],[39.1092,49.0425],[39.1297,49.0299],[39.1189,49.0131],[39.0885,49.0119],[39.0796,48.9979],[39.0875,48.9833],[39.1038,48.9733],[39.1129,48.9559],[39.1087,48.9358],[39.1089,48.902],[39.1244,48.8814],[39.1257,48.8676],[39.1408,48.8616],[39.1411,48.8466],[39.152,48.8339],[39.173,48.8328],[39.1952,48.8199],[39.209,48.7967],[39.2214,48.7882],[39.2174,48.7676],[39.2342,48.7506],[39.2458,48.75],[39.2496,48.7309],[39.2417,48.7208],[39.223,48.7172]]]}},{"type":"Feature","properties":{"id":"223407","riverUk":"Сіверський Донець","riverEn":"Siverskyi Donets","oblasts":["donetsk","luhansk","kharkiv"],"point":[37.875,48.9729],"kakhovka":false},"geometry":{"type":"Polygon","coordinates":[[[38.05,48.3375],[38.0541,48.3182],[38.0214,48.2855],[38.0202,48.2676],[38.0,48.2542],[37.9994,48.2427],[37.9717,48.2241],[37.9767,48.2087],[37.9983,48.1996],[38.033,48.1774],[38.0458,48.1354],[38.0417,48.1125],[38.0184,48.1129],[37.9941,48.1212],[37.9816,48.1087],[37.9566,48.1004],[37.8976,48.1004],[37.8833,48.1208],[37.8507,48.1283],[37.8493,48.1176],[37.7875,48.1042],[37.75,48.1167],[37.7548,48.1448],[37.7175,48.1587],[37.7006,48.202],[37.7,48.2167],[37.6467,48.2298],[37.6355,48.2411],[37.6145,48.2422],[37.5917,48.2583],[37.5726,48.2587],[37.5458,48.2667],[37.5341,48.2578],[37.5216,48.2631],[37.4967,48.2577],[37.4674,48.2408],[37.4616,48.2215],[37.4395,48.2203],[37.4047,48.1897],[37.3958,48.1667],[37.3583,48.1792],[37.3577,48.1908],[37.3413,48.2074],[37.3048,48.2259],[37.3036,48.2397],[37.2875,48.2583],[37.2635,48.2629],[37.2575,48.2783],[37.2396,48.2796],[37.2,48.2917],[37.2038,48.3191],[37.1881,48.3312],[37.1869,48.3532],[37.2108,48.3622],[37.2089,48.3908],[37.2339,48.4071],[37.2213,48.4188],[37.225,48.4292],[37.2413,48.435],[37.2417,48.4458],[37.2538,48.4524],[37.2458,48.4625],[37.2189,48.4786],[37.1978,48.4797],[37.173,48.4994],[37.1592,48.5007],[37.1504,48.5233],[37.1812,48.5494],[37.2159,48.5591],[37.2258,48.5952],[37.2417,48.5958],[37.2328,48.6074],[37.1965,48.6342],[37.1953,48.6522],[37.1833,48.6792],[37.1645,48.6797],[37.1333,48.6958],[37.0936,48.6964],[37.0564,48.7161],[37.0228,48.7172],[36.9875,48.7333],[36.9699,48.7576],[36.9355,48.7703],[36.9034,48.7703],[36.8784,48.7756],[36.8701,48.7703],[36.8381,48.776],[36.8316,48.7996],[36.7775,48.8045],[36.7691,48.7962],[36.7517,48.7962],[36.7417,48.8083],[36.7157,48.813],[36.7093,48.8079],[36.6625,48.8333],[36.687,48.8812],[36.6721,48.8918],[36.6837,48.9053],[36.6708,48.925],[36.698,48.9256],[36.7125,48.9333],[36.7271,48.925],[36.7517,48.9371],[36.7649,48.9379],[36.7809,48.9496],[36.8149,48.9545],[36.8342,48.966],[36.8658,48.9757],[36.8679,48.9839],[36.8908,48.9798],[36.9034,48.9922],[36.9282,48.9828],[36.9451,48.9922],[36.9659,48.9869],[36.975,48.9917],[37.0358,48.9913],[37.04,48.9871],[37.0691,48.9913],[37.0858,48.9788],[37.1024,48.9795],[37.1267,48.9913],[37.1608,48.992],[37.1684,48.9996],[37.225,49.0042],[37.2309,49.0121],[37.3024,49.0121],[37.3184,49.008],[37.3517,49.0087],[37.3642,49.0038],[37.3869,49.0218],[37.3884,49.0491],[37.4042,49.0542],[37.4091,49.0826],[37.4492,49.0882],[37.45,49.0958],[37.462,49.1061],[37.4769,49.137],[37.5199,49.1381],[37.5324,49.1547],[37.5564,49.1536],[37.5645,49.1464],[37.6083,49.1333],[37.627,49.1453],[37.6439,49.1464],[37.6509,49.1576],[37.6949,49.1631],[37.7217,49.1951],[37.741,49.2009],[37.752,49.216],[37.7697,49.2209],[37.7759,49.2366],[37.7926,49.2534],[37.8243,49.2633],[37.8298,49.2838],[37.825,49.2958],[37.8542,49.2958],[37.8663,49.3101],[37.8619,49.328],[37.8702,49.3301],[37.85,49.3604],[37.8583,49.3729],[37.8545,49.3899],[37.8658,49.4009],[37.8786,49.4353],[37.8797,49.4591],[37.8747,49.4905],[37.8911,49.5009],[37.8917,49.5167],[37.9413,49.5392],[37.9506,49.578],[37.9341,49.5884],[37.9381,49.6071],[37.93,49.6092],[37.9167,49.6458],[37.917,49.6608],[37.9295,49.6809],[37.9212,49.6934],[37.9254,49.7108],[37.9476,49.7288],[37.966,49.752],[37.9716,49.77],[37.9875,49.7764],[37.9833,49.7958],[37.998,49.7964],[38.0119,49.8092],[38.0167,49.8375],[38.0566,49.8371],[38.0637,49.8286],[38.0853,49.8453],[38.1283,49.8411],[38.14,49.8246],[38.1646,49.8292],[38.1775,49.8205],[38.2233,49.8337],[38.2434,49.8496],[38.2667,49.85],[38.2726,49.8379],[38.2858,49.8371],[38.2958,49.8167],[38.3103,49.8047],[38.35,49.8],[38.3699,49.8131],[38.4146,49.8005],[38.4493,49.8172],[38.4708,49.8167],[38.4976,49.817],[38.5191,49.8038],[38.5441,49.8087],[38.5525,49.817],[38.5858,49.7913],[38.608,49.7899],[38.6125,49.7667],[38.5827,49.7493],[38.5962,49.73],[38.6076,49.7284],[38.609,49.7079],[38.5925,49.695],[38.5798,49.673],[38.575,49.6542],[38.5912,49.6396],[38.5908,49.6215],[38.5718,49.6202],[38.5578,49.6009],[38.575,49.564],[38.5632,49.5574],[38.5708,49.5417],[38.6042,49.5333],[38.595,49.517],[38.5799,49.5117],[38.5744,49.4812],[38.5619,49.463],[38.575,49.4417],[38.5927,49.4298],[38.6158,49.4285],[38.6223,49.4167],[38.6426,49.441],[38.6575,49.445],[38.6756,49.4321],[38.6714,49.4103],[38.6828,49.398],[38.6756,49.3908],[38.676,49.3712],[38.6954,49.3615],[38.7009,49.3509],[38.7189,49.3453],[38.7312,49.3338],[38.7493,49.3422],[38.7659,49.3286],[38.778,49.3336],[38.7936,49.3172],[38.8115,49.316],[38.8286,49.298],[38.8214,49.2728],[38.842,49.247],[38.8042,49.225],[38.825,49.1896],[38.8208,49.175],[38.8413,49.1608],[38.8458,49.1458],[38.8342,49.1452],[38.8173,49.1282],[38.8175,49.0842],[38.8294,49.0761],[38.8119,49.0655],[38.8244,49.0439],[38.825,49.0],[38.8576,48.9991],[38.8644,48.988],[38.8917,48.9833],[38.8965,48.9676],[38.9118,48.9574],[38.9131,48.9478],[38.9311,48.9256],[38.9866,48.9033],[38.9839,48.8811],[39.0214,48.8405],[39.0203,48.827],[39.0078,48.8135],[39.0125,48.8],[39.0407,48.7868],[39.0542,48.775],[39.0506,48.7509],[39.0728,48.7297],[39.0926,48.7173],[39.1118,48.7119],[39.1326,48.7172],[39.223,48.7172],[39.2417,48.7208],[39.2566,48.7246],[39.2684,48.7129],[39.2858,48.7121],[39.2917,48.7042],[39.2675,48.6951],[39.2717,48.6759],[39.2948,48.6621],[39.2813,48.6465],[39.2468,48.6506],[39.2451,48.6385],[39.2267,48.6337],[39.1899,48.6496],[39.1684,48.6455],[39.1583,48.6292],[39.1316,48.6205],[39.1042,48.625],[39.0854,48.6125],[39.0687,48.6125],[39.0566,48.6205],[39.0059,48.6337],[38.9608,48.6538],[38.9351,48.6538],[38.9233,48.6462],[38.8767,48.6504],[38.8691,48.658],[38.8434,48.6629],[38.8149,48.683],[38.7991,48.6866],[38.7399,48.7163],[38.7191,48.717],[38.7108,48.7087],[38.6691,48.7205],[38.5853,48.7214],[38.5605,48.7286],[38.5366,48.7297],[38.5208,48.7167],[38.498,48.7203],[38.4534,48.7214],[38.448,48.7172],[38.3795,48.7149],[38.3798,48.6967],[38.3881,48.6946],[38.3756,48.673],[38.3744,48.6561],[38.3631,48.6449],[38.37,48.6217],[38.3583,48.6083],[38.3292,48.6125],[38.3297,48.5936],[38.3411,48.5814],[38.3292,48.55],[38.2956,48.5493],[38.295,48.5207],[38.2791,48.5257],[38.2082,48.5118],[38.1871,48.5184],[38.1649,48.4962],[38.1786,48.4814],[38.1703,48.4561],[38.1547,48.4397],[38.1536,48.4228],[38.145,48.4092],[38.1186,48.4036],[38.1047,48.3939],[38.1036,48.3728],[38.0963,48.3646],[38.0993,48.3467],[38.0875,48.3375],[38.05,48.3375]]]}},{"type":"Feature","properties":{"id":"223408","riverUk":"Оскіл","riverEn":"Oskil","oblasts":["kharkiv","luhansk"],"point":[37.6415,49.7011],"kakhovka":false},"geometry":{"type":"MultiPolygon","coordinates":[[[[38.5755,49.956],[38.575,49.9542],[38.5705,49.9566],[38.5755,49.956]]],[[[38.5619,49.9557],[38.5608,49.9545],[38.5497,49.9543],[38.5619,49.9557]]],[[[38.4493,49.8172],[38.4146,49.8005],[38.3699,49.8131],[38.35,49.8],[38.3103,49.8047],[38.2958,49.8167],[38.2858,49.8371],[38.2726,49.8379],[38.2667,49.85],[38.2434,49.8496],[38.2233,49.8337],[38.1775,49.8205],[38.1646,49.8292],[38.14,49.8246],[38.1283,49.8411],[38.0853,49.8453],[38.0637,49.8286],[38.0566,49.8371],[38.0167,49.8375],[38.0119,49.8092],[37.998,49.7964],[37.9833,49.7958],[37.9875,49.7764],[37.9716,49.77],[37.966,49.752],[37.9476,49.7288],[37.9254,49.7108],[37.9212,49.6934],[37.9295,49.6809],[37.917,49.6608],[37.9167,49.6458],[37.93,49.6092],[37.9381,49.6071],[37.9341,49.5884],[37.9506,49.578],[37.9413,49.5392],[37.8917,49.5167],[37.8911,49.5009],[37.8747,49.4905],[37.8797,49.4591],[37.8786,49.4353],[37.8658,49.4009],[37.8545,49.3899],[37.8583,49.3729],[37.85,49.3604],[37.8702,49.3301],[37.8619,49.328],[37.8663,49.3101],[37.8542,49.2958],[37.825,49.2958],[37.8298,49.2838],[37.8243,49.2633],[37.7926,49.2534],[37.7759,49.2366],[37.7697,49.2209],[37.752,49.216],[37.741,49.2009],[37.7217,49.1951],[37.6949,49.1631],[37.6509,49.1576],[37.6439,49.1464],[37.627,49.1453],[37.6083,49.1333],[37.5645,49.1464],[37.5564,49.1536],[37.5324,49.1547],[37.5199,49.1381],[37.4769,49.137],[37.462,49.1061],[37.45,49.0958],[37.4104,49.113],[37.398,49.1244],[37.3811,49.1256],[37.3674,49.1384],[37.3714,49.173],[37.3833,49.1792],[37.3839,49.198],[37.3962,49.2053],[37.3833,49.2125],[37.3923,49.2284],[37.3883,49.2451],[37.399,49.2466],[37.4051,49.2616],[37.4368,49.2801],[37.4465,49.3199],[37.4577,49.327],[37.4578,49.3676],[37.463,49.374],[37.445,49.3908],[37.438,49.4146],[37.4464,49.4382],[37.434,49.4467],[37.4328,49.4634],[37.4453,49.4811],[37.441,49.4985],[37.4303,49.5089],[37.3941,49.4955],[37.3795,49.51],[37.3798,49.5366],[37.3866,49.5384],[37.4047,49.573],[37.4161,49.5853],[37.4078,49.6049],[37.4286,49.6311],[37.4285,49.6491],[37.3978,49.6547],[37.3855,49.6619],[37.3618,49.6631],[37.3512,49.6578],[37.3507,49.6783],[37.3631,49.6847],[37.3591,49.7157],[37.395,49.7257],[37.3968,49.7381],[37.4145,49.734],[37.4667,49.7417],[37.4701,49.7575],[37.4328,49.772],[37.434,49.7865],[37.4452,49.7926],[37.4667,49.8292],[37.4272,49.8453],[37.4083,49.8458],[37.4089,49.8605],[37.4243,49.8718],[37.4257,49.8866],[37.4375,49.8932],[37.4328,49.9174],[37.4448,49.9258],[37.4417,49.95],[37.4132,49.9592],[37.4119,49.973],[37.3964,49.9936],[37.3964,50.0189],[37.4089,50.0304],[37.3966,50.0491],[37.4157,50.0549],[37.4217,50.066],[37.4409,50.0714],[37.4563,50.0671],[37.4833,50.0875],[37.4978,50.1036],[37.5314,50.1047],[37.5381,50.1241],[37.5494,50.1353],[37.5458,50.15],[37.5267,50.1504],[37.5108,50.1663],[37.492,50.1767],[37.5049,50.2116],[37.5167,50.2208],[37.5119,50.2424],[37.5214,50.2655],[37.5132,50.2676],[37.5257,50.2881],[37.5521,50.2755],[37.5625,50.2849],[37.5595,50.2957],[37.5784,50.3054],[37.5992,50.2909],[37.6016,50.249],[37.5886,50.2146],[37.5971,50.1969],[37.6318,50.1741],[37.7276,50.0787],[37.7634,50.0626],[37.8428,50.0391],[37.8817,50.023],[37.9159,50.0033],[37.9466,49.9782],[37.9953,49.9213],[38.0004,49.8998],[38.0228,49.9091],[38.033,49.9002],[38.0549,49.9224],[38.0792,49.9299],[38.119,49.9192],[38.171,49.9419],[38.1677,49.9535],[38.1977,49.9621],[38.1956,49.9693],[38.2218,49.9791],[38.1862,50.0228],[38.1835,50.0617],[38.2538,50.0591],[38.2999,50.0605],[38.3141,50.0495],[38.3442,49.9921],[38.356,49.9806],[38.3763,49.9749],[38.4201,49.9718],[38.4661,49.9557],[38.4566,49.9504],[38.4301,49.9496],[38.4217,49.93],[38.4395,49.9172],[38.4871,49.8949],[38.4917,49.889],[38.4578,49.8613],[38.4661,49.8439],[38.4708,49.8167],[38.4493,49.8172]]]]}},{"type":"Feature","properties":{"id":"223409","riverUk":"Сіверський Донець","riverEn":"Siverskyi Donets","oblasts":["kharkiv"],"point":[36.7843,49.6251],"kakhovka":false},"geometry":{"type":"Polygon","coordinates":[[[35.5215,49.8163],[35.5201,49.8326],[35.4979,49.834],[35.4744,49.8469],[35.4855,49.8798],[35.5104,49.8994],[35.5327,49.9009],[35.5434,49.9163],[35.5774,49.917],[35.5833,49.925],[35.6118,49.9203],[35.6447,49.9253],[35.6784,49.9203],[35.7034,49.9297],[35.7243,49.9244],[35.7708,49.925],[35.772,49.9297],[35.7991,49.9286],[35.8189,49.9339],[35.8517,49.958],[35.8494,49.9759],[35.8589,49.9905],[35.8458,50.0],[35.8032,49.9953],[35.7826,50.0089],[35.747,50.0036],[35.7365,50.0288],[35.7244,50.0345],[35.7454,50.051],[35.7603,50.0703],[35.7792,50.0792],[35.7792,50.0875],[35.7483,50.0871],[35.7337,50.1017],[35.7292,50.125],[35.7547,50.1488],[35.7414,50.1614],[35.7647,50.1839],[35.802,50.2119],[35.809,50.2241],[35.823,50.2297],[35.837,50.2479],[35.8328,50.2882],[35.8379,50.3025],[35.8542,50.3125],[35.8767,50.3371],[35.8941,50.3379],[35.9038,50.3476],[35.9,50.3708],[35.9282,50.3714],[35.9342,50.3826],[35.9551,50.3786],[35.9645,50.3869],[35.9897,50.3922],[36.0035,50.401],[36.0048,50.4241],[36.0111,50.426],[36.1058,50.4211],[36.1332,50.4116],[36.1408,50.3929],[36.1693,50.3837],[36.269,50.2814],[36.292,50.274],[36.3159,50.2749],[36.3551,50.2887],[36.3793,50.293],[36.3739,50.2996],[36.3985,50.3066],[36.4527,50.2936],[36.4802,50.2809],[36.5121,50.2764],[36.5364,50.2675],[36.5317,50.2288],[36.5495,50.2122],[36.5944,50.2044],[36.6169,50.2064],[36.6643,50.2219],[36.6799,50.2381],[36.69,50.2634],[36.8203,50.3129],[36.8329,50.3131],[36.8486,50.3237],[36.9141,50.3391],[36.9801,50.3421],[37.0517,50.3353],[37.197,50.3624],[37.256,50.3925],[37.2925,50.4013],[37.3148,50.423],[37.4152,50.4319],[37.4353,50.4249],[37.4503,50.399],[37.4638,50.3665],[37.48,50.34],[37.5682,50.3125],[37.5784,50.3054],[37.5595,50.2957],[37.5625,50.2849],[37.5521,50.2755],[37.5257,50.2881],[37.5132,50.2676],[37.5214,50.2655],[37.5119,50.2424],[37.5167,50.2208],[37.5049,50.2116],[37.492,50.1767],[37.5108,50.1663],[37.5267,50.1504],[37.5458,50.15],[37.5494,50.1353],[37.5381,50.1241],[37.5314,50.1047],[37.4978,50.1036],[37.4833,50.0875],[37.4563,50.0671],[37.4409,50.0714],[37.4217,50.066],[37.4157,50.0549],[37.3966,50.0491],[37.4089,50.0304],[37.3964,50.0189],[37.3964,49.9936],[37.4119,49.973],[37.4132,49.9592],[37.4417,49.95],[37.4448,49.9258],[37.4328,49.9174],[37.4375,49.8932],[37.4257,49.8866],[37.4243,49.8718],[37.4089,49.8605],[37.4083,49.8458],[37.4272,49.8453],[37.4667,49.8292],[37.4452,49.7926],[37.434,49.7865],[37.4328,49.772],[37.4701,49.7575],[37.4667,49.7417],[37.4145,49.734],[37.3968,49.7381],[37.395,49.7257],[37.3591,49.7157],[37.3631,49.6847],[37.3507,49.6783],[37.3512,49.6578],[37.3618,49.6631],[37.3855,49.6619],[37.3978,49.6547],[37.4285,49.6491],[37.4286,49.6311],[37.4078,49.6049],[37.4161,49.5853],[37.4047,49.573],[37.3866,49.5384],[37.3798,49.5366],[37.3795,49.51],[37.3941,49.4955],[37.4303,49.5089],[37.441,49.4985],[37.4453,49.4811],[37.4328,49.4634],[37.434,49.4467],[37.4464,49.4382],[37.438,49.4146],[37.445,49.3908],[37.463,49.374],[37.4578,49.3676],[37.4577,49.327],[37.4465,49.3199],[37.4368,49.2801],[37.4051,49.2616],[37.399,49.2466],[37.3883,49.2451],[37.3923,49.2284],[37.3833,49.2125],[37.3962,49.2053],[37.3839,49.198],[37.3833,49.1792],[37.3714,49.173],[37.3674,49.1384],[37.3811,49.1256],[37.398,49.1244],[37.4104,49.113],[37.45,49.0958],[37.4492,49.0882],[37.4091,49.0826],[37.4042,49.0542],[37.3884,49.0491],[37.3869,49.0218],[37.3642,49.0038],[37.3517,49.0087],[37.3184,49.008],[37.3024,49.0121],[37.2309,49.0121],[37.225,49.0042],[37.1684,48.9996],[37.1608,48.992],[37.1267,48.9913],[37.1024,48.9795],[37.0858,48.9788],[37.0691,48.9913],[37.04,48.9871],[37.0358,48.9913],[36.975,48.9917],[36.9659,48.9869],[36.9451,48.9922],[36.9282,48.9828],[36.9034,48.9922],[36.8908,48.9798],[36.8679,48.9839],[36.8658,48.9757],[36.8342,48.966],[36.8149,48.9545],[36.7809,48.9496],[36.7649,48.9379],[36.7517,48.9371],[36.7271,48.925],[36.7125,48.9333],[36.698,48.9256],[36.6708,48.925],[36.6837,48.9053],[36.6721,48.8918],[36.687,48.8812],[36.6625,48.8333],[36.6465,48.8283],[36.6451,48.8176],[36.6324,48.8119],[36.623,48.8203],[36.6042,48.8167],[36.5824,48.841],[36.5728,48.8422],[36.5616,48.8577],[36.5229,48.8662],[36.4993,48.8672],[36.4868,48.8619],[36.3929,48.8631],[36.3784,48.8536],[36.3561,48.8631],[36.3272,48.8828],[36.2993,48.8881],[36.2826,48.8828],[36.2566,48.9038],[36.2351,48.9129],[36.225,48.925],[36.2299,48.9407],[36.2509,48.9618],[36.2908,48.9673],[36.2965,48.9866],[36.325,49.0125],[36.3327,49.0522],[36.3244,49.0662],[36.3298,49.0787],[36.3244,49.1063],[36.316,49.1204],[36.3159,49.1534],[36.3048,49.155],[36.2869,49.1787],[36.3008,49.2034],[36.3122,49.205],[36.3241,49.2325],[36.3121,49.2434],[36.317,49.2559],[36.3083,49.2646],[36.317,49.285],[36.2955,49.309],[36.2806,49.3035],[36.2718,49.3135],[36.2492,49.3534],[36.2312,49.3548],[36.2079,49.3764],[36.2091,49.3909],[36.2208,49.3917],[36.2161,49.4105],[36.2009,49.4217],[36.1949,49.4369],[36.1458,49.4375],[36.1298,49.4551],[36.1292,49.4667],[36.1467,49.4993],[36.1574,49.5007],[36.1741,49.5175],[36.1703,49.5382],[36.1786,49.5603],[36.1797,49.5799],[36.1688,49.5923],[36.1509,49.6002],[36.1417,49.6375],[36.1274,49.6295],[36.0934,49.6288],[36.0858,49.6212],[35.9868,49.6214],[35.9675,49.6116],[35.9715,49.5986],[35.959,49.5897],[35.9576,49.5716],[35.9438,49.5673],[35.8967,49.566],[35.8881,49.5563],[35.8618,49.5631],[35.8534,49.5578],[35.8355,49.5703],[35.8228,49.5714],[35.7939,49.5911],[35.7395,49.5964],[35.7295,49.6059],[35.7327,49.6533],[35.7259,49.655],[35.7131,49.6811],[35.7119,49.7022],[35.6958,49.7208],[35.6684,49.7254],[35.6476,49.7337],[35.625,49.7625],[35.5853,49.7672],[35.5772,49.7744],[35.527,49.7797],[35.5125,49.7917],[35.5215,49.8163]]]}},{"type":"Feature","properties":{"id":"224002","riverUk":null,"riverEn":null,"oblasts":["donetsk","luhansk"],"point":[38.8895,48.0167],"kakhovka":false},"geometry":{"type":"MultiPolygon","coordinates":[[[[39.084,48.1967],[39.102,48.1881],[39.1282,48.1826],[39.1295,48.1601],[39.1684,48.1337],[39.1868,48.1422],[39.2397,48.1369],[39.2853,48.1131],[39.3145,48.1078],[39.3775,48.1087],[39.4108,48.1038],[39.4229,48.0958],[39.4524,48.0955],[39.4941,48.0663],[39.5149,48.0712],[39.5233,48.0795],[39.5646,48.0583],[39.5684,48.0621],[39.6125,48.0542],[39.6083,48.0208],[39.5884,48.0116],[39.5744,47.9853],[39.5506,47.9605],[39.5493,47.9466],[39.5175,47.941],[39.5047,47.9188],[39.5125,47.9042],[39.4941,47.8962],[39.4566,47.8955],[39.4191,47.9045],[39.3983,47.8962],[39.3799,47.8951],[39.3792,47.8833],[39.3274,47.8788],[39.2941,47.8871],[39.2517,47.8879],[39.2108,47.8962],[39.1917,47.8833],[39.1417,47.8875],[39.1083,47.875],[39.1256,47.8426],[39.1095,47.8427],[39.1095,47.8517],[39.0831,47.8516],[39.0831,47.8695],[38.9541,47.8694],[38.9414,47.8733],[38.8778,47.8757],[38.8776,47.8671],[38.843,47.8653],[38.8426,47.8515],[38.8262,47.8444],[38.7962,47.8199],[38.771,47.7808],[38.7533,47.7351],[38.7452,47.6931],[38.7349,47.6996],[38.6688,47.6988],[38.6659,47.6837],[38.6528,47.6784],[38.6379,47.7017],[38.6325,47.72],[38.6116,47.7366],[38.5851,47.7379],[38.5699,47.7576],[38.548,47.7703],[38.5311,47.7714],[38.5073,47.7952],[38.4853,47.7964],[38.4524,47.8163],[38.4316,47.817],[38.4229,47.8083],[38.3895,47.8078],[38.3649,47.792],[38.3392,47.792],[38.3167,47.8],[38.3074,47.8118],[38.2811,47.8172],[38.2703,47.8301],[38.2741,47.8494],[38.2478,47.8506],[38.225,47.8583],[38.2254,47.8733],[38.2375,47.8917],[38.2145,47.8964],[38.2,47.9125],[38.2,47.9292],[38.1882,47.9342],[38.1912,47.9521],[38.1786,47.9718],[38.187,47.9812],[38.1797,48.002],[38.1786,48.023],[38.1605,48.0369],[38.1186,48.0547],[38.1075,48.07],[38.0754,48.0892],[38.0783,48.1076],[38.0417,48.1125],[38.0458,48.1354],[38.033,48.1774],[37.9983,48.1996],[37.9767,48.2087],[37.9717,48.2241],[37.9994,48.2427],[38.0,48.2542],[38.0202,48.2676],[38.0214,48.2855],[38.0541,48.3182],[38.05,48.3375],[38.0875,48.3375],[38.0917,48.3292],[38.1158,48.3201],[38.1174,48.3091],[38.1525,48.3212],[38.1775,48.3163],[38.2024,48.317],[38.2191,48.3254],[38.2476,48.317],[38.2941,48.3163],[38.3226,48.3045],[38.3483,48.2996],[38.3958,48.3083],[38.4042,48.3417],[38.4267,48.3538],[38.4708,48.3542],[38.5125,48.3125],[38.5408,48.3035],[38.5458,48.2958],[38.6066,48.2788],[38.6274,48.2705],[38.6441,48.2538],[38.6691,48.2545],[38.7116,48.2676],[38.7175,48.2868],[38.8149,48.2955],[38.8566,48.2788],[38.8667,48.2625],[38.8991,48.2576],[38.909,48.2342],[38.925,48.2208],[38.9691,48.2212],[38.9775,48.2295],[39.0066,48.2246],[39.0566,48.2246],[39.0708,48.2208],[39.084,48.1967]]],[[[38.7365,47.6802],[38.7356,47.6826],[38.7388,47.6836],[38.7365,47.6802]]]]}},{"type":"Feature","properties":{"id":"224003","riverUk":null,"riverEn":null,"oblasts":["donetsk"],"point":[38.1092,47.4302],"kakhovka":false},"geometry":{"type":"Polygon","coordinates":[[[37.5851,47.0996],[37.6158,47.109],[37.627,47.1203],[37.6522,47.1214],[37.6686,47.1328],[37.6924,47.1381],[37.7174,47.1328],[37.748,47.1381],[37.7583,47.15],[37.8066,47.1754],[37.8295,47.2191],[37.8663,47.2475],[37.8667,47.2625],[37.9101,47.283],[37.934,47.3075],[37.9256,47.3271],[37.93,47.3409],[37.95,47.3458],[37.942,47.3559],[37.942,47.3774],[37.9663,47.4017],[37.9509,47.4368],[37.9875,47.4542],[37.9967,47.4825],[38.0217,47.5075],[38.0397,47.5131],[38.0619,47.5395],[38.0714,47.5632],[38.0634,47.5741],[38.0934,47.5913],[38.1066,47.592],[38.1333,47.6083],[38.1645,47.6369],[38.1785,47.6426],[38.1843,47.6577],[38.198,47.6589],[38.225,47.6958],[38.25,47.7],[38.2676,47.7368],[38.2939,47.7422],[38.3006,47.7632],[38.2953,47.7799],[38.3167,47.8],[38.3392,47.792],[38.3649,47.792],[38.3895,47.8078],[38.4229,47.8083],[38.4316,47.817],[38.4524,47.8163],[38.4853,47.7964],[38.5073,47.7952],[38.5311,47.7714],[38.548,47.7703],[38.5699,47.7576],[38.5851,47.7379],[38.6116,47.7366],[38.6325,47.72],[38.6379,47.7017],[38.6528,47.6784],[38.6058,47.6447],[38.4565,47.644],[38.4568,47.6171],[38.3505,47.6166],[38.3505,47.606],[38.319,47.5913],[38.2934,47.5628],[38.2744,47.5278],[38.2603,47.4929],[38.2636,47.4217],[38.258,47.3932],[38.2334,47.3624],[38.2034,47.3346],[38.1906,47.3169],[38.1887,47.301],[38.201,47.2906],[38.2203,47.2888],[38.2576,47.2927],[38.2919,47.287],[38.3009,47.276],[38.2983,47.2568],[38.288,47.2568],[38.2789,47.2384],[38.2603,47.2383],[38.2346,47.2309],[38.2385,47.2226],[38.2225,47.2152],[38.2035,47.1923],[38.197,47.1624],[38.2014,47.1307],[38.2141,47.1078],[38.1837,47.09],[38.1563,47.0589],[38.1178,47.0403],[38.1338,47.0633],[38.1272,47.0754],[38.1022,47.0994],[38.0813,47.1077],[38.0561,47.1078],[38.0408,47.0881],[38.0243,47.0869],[38.0064,47.0953],[37.979,47.0933],[37.9392,47.0962],[37.9108,47.108],[37.8816,47.1087],[37.789,47.084],[37.7608,47.0879],[37.7399,47.0795],[37.6733,47.0788],[37.6649,47.0871],[37.6275,47.092],[37.6134,47.0863],[37.5792,47.09],[37.5851,47.0996]]]}},{"type":"Feature","properties":{"id":"224004","riverUk":null,"riverEn":null,"oblasts":["donetsk"],"point":[37.807,47.6093],"kakhovka":false},"geometry":{"type":"Polygon","coordinates":[[[37.8493,48.1176],[37.8507,48.1283],[37.8833,48.1208],[37.8976,48.1004],[37.9566,48.1004],[37.9816,48.1087],[37.9941,48.1212],[38.0184,48.1129],[38.0417,48.1125],[38.0783,48.1076],[38.0754,48.0892],[38.1075,48.07],[38.1186,48.0547],[38.1605,48.0369],[38.1786,48.023],[38.1797,48.002],[38.187,47.9812],[38.1786,47.9718],[38.1912,47.9521],[38.1882,47.9342],[38.2,47.9292],[38.2,47.9125],[38.2145,47.8964],[38.2375,47.8917],[38.2254,47.8733],[38.225,47.8583],[38.2478,47.8506],[38.2741,47.8494],[38.2703,47.8301],[38.2811,47.8172],[38.3074,47.8118],[38.3167,47.8],[38.2953,47.7799],[38.3006,47.7632],[38.2939,47.7422],[38.2676,47.7368],[38.25,47.7],[38.225,47.6958],[38.198,47.6589],[38.1843,47.6577],[38.1785,47.6426],[38.1645,47.6369],[38.1333,47.6083],[38.1066,47.592],[38.0934,47.5913],[38.0634,47.5741],[38.0714,47.5632],[38.0619,47.5395],[38.0397,47.5131],[38.0217,47.5075],[37.9967,47.4825],[37.9875,47.4542],[37.9509,47.4368],[37.9663,47.4017],[37.942,47.3774],[37.942,47.3559],[37.95,47.3458],[37.93,47.3409],[37.9256,47.3271],[37.934,47.3075],[37.9101,47.283],[37.8667,47.2625],[37.8663,47.2475],[37.8295,47.2191],[37.8066,47.1754],[37.7583,47.15],[37.748,47.1381],[37.7174,47.1328],[37.6924,47.1381],[37.6686,47.1328],[37.6522,47.1214],[37.627,47.1203],[37.6158,47.109],[37.5851,47.0996],[37.5792,47.09],[37.5747,47.0888],[37.5392,47.0962],[37.5191,47.1163],[37.4976,47.117],[37.4667,47.1292],[37.4659,47.1409],[37.452,47.1423],[37.4365,47.1576],[37.4229,47.159],[37.398,47.1785],[37.3729,47.1798],[37.3563,47.1869],[37.3226,47.183],[37.2792,47.1833],[37.2744,47.2088],[37.2919,47.2176],[37.2865,47.2285],[37.252,47.2298],[37.2298,47.251],[37.2339,47.2966],[37.2161,47.3314],[37.1949,47.3535],[37.1783,47.3548],[37.1333,47.3458],[37.1215,47.3509],[37.1163,47.3774],[37.1083,47.3833],[37.117,47.4108],[37.1288,47.4226],[37.1212,47.4351],[37.1259,47.4658],[37.1353,47.4703],[37.2341,47.4714],[37.2674,47.4661],[37.2792,47.475],[37.3476,47.4587],[37.3774,47.4587],[37.4077,47.4717],[37.4173,47.5199],[37.4285,47.5259],[37.4353,47.5494],[37.4917,47.55],[37.5121,47.5767],[37.5051,47.5882],[37.4842,47.6009],[37.4917,47.6417],[37.4756,47.6645],[37.475,47.6792],[37.4869,47.6885],[37.4922,47.7314],[37.5033,47.7384],[37.5134,47.7575],[37.5333,47.775],[37.5559,47.783],[37.5899,47.7837],[37.5976,47.7913],[37.6208,47.7958],[37.6411,47.8186],[37.6424,47.8282],[37.6616,47.8384],[37.675,47.8542],[37.6792,47.8833],[37.6911,47.8939],[37.6797,47.9061],[37.6785,47.9408],[37.6868,47.951],[37.6882,47.9784],[37.7083,47.9833],[37.7129,47.9983],[37.7458,48.0265],[37.7411,48.0382],[37.7917,48.0854],[37.7875,48.1042],[37.8493,48.1176]]]}},{"type":"Feature","properties":{"id":"224005","riverUk":null,"riverEn":null,"oblasts":["zaporizhzhia","donetsk"],"point":[36.4093,46.9083],"kakhovka":false},"geometry":{"type":"MultiPolygon","coordinates":[[[[36.4605,47.2661],[36.4799,47.2578],[36.4978,47.2661],[36.5365,47.2756],[36.5453,47.2853],[36.5507,47.3074],[36.577,47.3286],[36.5917,47.3292],[36.602,47.3214],[36.675,47.3042],[36.6714,47.3272],[36.6841,47.3381],[36.7451,47.3244],[36.7772,47.3256],[36.7991,47.3342],[36.8009,47.3408],[36.8478,47.3578],[36.8917,47.3625],[36.9517,47.3462],[36.9718,47.3494],[37.0283,47.3506],[37.0603,47.3744],[37.1083,47.3833],[37.1163,47.3774],[37.1215,47.3509],[37.1333,47.3458],[37.1783,47.3548],[37.1949,47.3535],[37.2161,47.3314],[37.2339,47.2966],[37.2298,47.251],[37.252,47.2298],[37.2865,47.2285],[37.2919,47.2176],[37.2744,47.2088],[37.2792,47.1833],[37.3226,47.183],[37.3563,47.1869],[37.3729,47.1798],[37.398,47.1785],[37.4229,47.159],[37.4365,47.1576],[37.452,47.1423],[37.4659,47.1409],[37.4667,47.1292],[37.4976,47.117],[37.5191,47.1163],[37.5392,47.0962],[37.5747,47.0888],[37.5353,47.0785],[37.5206,47.0631],[37.4829,47.036],[37.3779,46.9339],[37.3415,46.8886],[37.313,46.8756],[37.3256,46.8921],[37.3202,46.9063],[37.3038,46.9239],[37.2608,46.9455],[37.2358,46.9504],[37.2112,46.9341],[37.1934,46.933],[37.1691,46.9129],[37.1309,46.908],[37.086,46.8884],[36.9978,46.8661],[36.9388,46.8395],[36.8862,46.804],[36.8537,46.8005],[36.8625,46.7769],[36.8491,46.7545],[36.8296,46.7319],[36.8219,46.7133],[36.8155,46.7248],[36.7854,46.7494],[36.7715,46.7479],[36.77,46.7573],[36.7188,46.7785],[36.6186,46.7786],[36.5689,46.7589],[36.5241,46.7589],[36.4925,46.7457],[36.4325,46.7348],[36.4002,46.7239],[36.3711,46.7084],[36.3035,46.6592],[36.2844,46.6364],[36.2789,46.6103],[36.2708,46.6074],[36.2676,46.6256],[36.2536,46.6272],[36.2285,46.6532],[36.1899,46.6705],[36.1566,46.6712],[36.1337,46.6627],[36.062,46.6701],[36.0108,46.667],[36.0066,46.6629],[35.9434,46.6621],[35.8726,46.6455],[35.8518,46.6331],[35.7689,46.6006],[35.7478,46.5953],[35.702,46.5661],[35.648,46.5172],[35.5984,46.4879],[35.4939,46.4506],[35.4645,46.4453],[35.4458,46.4333],[35.4417,46.4458],[35.4583,46.4542],[35.5063,46.4631],[35.5272,46.4881],[35.5584,46.5137],[35.5535,46.5296],[35.5631,46.5605],[35.5826,46.5716],[35.5871,46.6191],[35.5691,46.633],[35.5375,46.6458],[35.5333,46.6562],[35.542,46.685],[35.5292,46.7125],[35.5297,46.748],[35.5381,46.7814],[35.5509,46.7991],[35.5782,46.809],[35.5978,46.8328],[35.6074,46.834],[35.6342,46.8825],[35.6509,46.8908],[35.6743,46.8924],[35.6754,46.9149],[35.6897,46.9172],[35.7019,46.9286],[35.8024,46.9295],[35.8316,46.9462],[35.8476,46.9621],[35.8733,46.967],[35.8983,46.9663],[35.9226,46.9587],[35.948,46.9578],[35.9583,46.95],[35.9772,46.9506],[36.027,46.9703],[36.0397,46.9714],[36.0603,46.9911],[36.0784,46.9964],[36.0909,46.9911],[36.1188,46.9921],[36.1311,46.9994],[36.15,47.0],[36.1583,47.0167],[36.1684,47.0205],[36.2149,47.0212],[36.2392,47.033],[36.2608,47.0337],[36.2917,47.0417],[36.3004,47.0691],[36.3283,47.0967],[36.3259,47.12],[36.3522,47.1339],[36.3645,47.1453],[36.3866,47.1507],[36.3964,47.1772],[36.4436,47.2244],[36.4455,47.2524],[36.4333,47.2667],[36.4605,47.2661]]],[[[36.7994,46.683],[36.8123,46.6806],[36.7937,46.6536],[36.7693,46.6374],[36.7474,46.6415],[36.7717,46.6435],[36.7994,46.683]]]]}},{"type":"Feature","properties":{"id":"224006","riverUk":null,"riverEn":null,"oblasts":["zaporizhzhia"],"point":[35.3624,46.9025],"kakhovka":false},"geometry":{"type":"Polygon","coordinates":[[[36.4455,47.2524],[36.4436,47.2244],[36.3964,47.1772],[36.3866,47.1507],[36.3645,47.1453],[36.3522,47.1339],[36.3259,47.12],[36.3283,47.0967],[36.3004,47.0691],[36.2917,47.0417],[36.2608,47.0337],[36.2392,47.033],[36.2149,47.0212],[36.1684,47.0205],[36.1583,47.0167],[36.15,47.0],[36.1311,46.9994],[36.1188,46.9921],[36.0909,46.9911],[36.0784,46.9964],[36.0603,46.9911],[36.0397,46.9714],[36.027,46.9703],[35.9772,46.9506],[35.9583,46.95],[35.948,46.9578],[35.9226,46.9587],[35.8983,46.9663],[35.8733,46.967],[35.8476,46.9621],[35.8316,46.9462],[35.8024,46.9295],[35.7019,46.9286],[35.6897,46.9172],[35.6754,46.9149],[35.6743,46.8924],[35.6509,46.8908],[35.6342,46.8825],[35.6074,46.834],[35.5978,46.8328],[35.5782,46.809],[35.5509,46.7991],[35.5381,46.7814],[35.5297,46.748],[35.5292,46.7125],[35.542,46.685],[35.5333,46.6562],[35.5375,46.6458],[35.5691,46.633],[35.5871,46.6191],[35.5826,46.5716],[35.5631,46.5605],[35.5535,46.5296],[35.5584,46.5137],[35.5272,46.4881],[35.5063,46.4631],[35.4583,46.4542],[35.4417,46.4458],[35.4458,46.4333],[35.4358,46.4379],[35.3858,46.392],[35.3566,46.3746],[35.3462,46.3892],[35.3449,46.4119],[35.3228,46.4131],[35.309,46.4218],[35.312,46.4438],[35.3076,46.4574],[35.2882,46.4718],[35.2786,46.4988],[35.2868,46.5009],[35.2828,46.5272],[35.2744,46.548],[35.2629,46.5601],[35.2621,46.5733],[35.2476,46.5795],[35.2254,46.6017],[35.225,46.6125],[35.1966,46.6175],[35.2006,46.6463],[35.1952,46.6695],[35.2035,46.6718],[35.209,46.698],[35.2259,46.7201],[35.2411,46.726],[35.2422,46.7522],[35.2583,46.764],[35.2395,46.7714],[35.2203,46.8091],[35.2288,46.8358],[35.2108,46.8538],[35.1851,46.867],[35.175,46.8792],[35.1559,46.8788],[35.1316,46.867],[35.0917,46.8667],[35.0909,46.8742],[35.0687,46.8714],[35.052,46.8756],[35.0506,46.9128],[35.0409,46.9284],[35.0551,46.9451],[35.0771,46.9579],[35.0966,46.9494],[35.1202,46.955],[35.1214,46.9689],[35.1342,46.9869],[35.1522,46.9881],[35.1701,47.0051],[35.175,47.0208],[35.1858,47.0295],[35.1979,47.0208],[35.2272,47.0214],[35.2451,47.0297],[35.2784,47.0203],[35.3408,47.0298],[35.3426,47.0369],[35.3667,47.0375],[35.3712,47.0691],[35.3925,47.1033],[35.4125,47.1167],[35.4233,47.117],[35.4399,47.1337],[35.4792,47.1292],[35.4879,47.149],[35.499,47.1546],[35.5092,47.1783],[35.5366,47.2009],[35.5464,47.2355],[35.5667,47.2833],[35.6042,47.2833],[35.5965,47.2967],[35.6,47.3417],[35.6159,47.3508],[35.6173,47.3605],[35.6447,47.3834],[35.6552,47.3993],[35.6772,47.4006],[35.7283,47.4217],[35.7343,47.4327],[35.7583,47.4417],[35.7983,47.4288],[35.8375,47.4333],[35.8423,47.4176],[35.8687,47.3964],[35.8909,47.409],[35.9162,47.4035],[35.937,47.4131],[36.0035,47.3909],[36.0048,47.3676],[36.04,47.3504],[36.0733,47.3455],[36.0892,47.3379],[36.1149,47.3337],[36.1292,47.3458],[36.1728,47.3339],[36.2022,47.3328],[36.2395,47.3131],[36.2522,47.3119],[36.2701,47.2994],[36.3407,47.2994],[36.37,47.2634],[36.3759,47.2783],[36.3978,47.2714],[36.4333,47.2667],[36.4455,47.2524]]]}},{"type":"Feature","properties":{"id":"224007","riverUk":null,"riverEn":null,"oblasts":["kherson","zaporizhzhia"],"point":[34.8779,46.5659],"kakhovka":false},"geometry":{"type":"MultiPolygon","coordinates":[[[[35.4085,46.4029],[35.3507,46.3438],[35.3493,46.3396],[35.304,46.2945],[35.2827,46.2646],[35.2465,46.2271],[35.2154,46.1793],[35.1729,46.1382],[35.1527,46.1261],[35.1211,46.1185],[35.0976,46.1048],[35.0771,46.1035],[35.0085,46.0785],[34.9831,46.08],[34.9874,46.0891],[35.0171,46.1128],[35.0519,46.1282],[35.0462,46.1381],[35.0653,46.1375],[35.0625,46.1458],[35.1489,46.1641],[35.2124,46.1885],[35.2279,46.2217],[35.2518,46.2402],[35.2694,46.2662],[35.2958,46.2965],[35.3278,46.3192],[35.3421,46.3358],[35.3458,46.3583],[35.3344,46.3576],[35.3156,46.3401],[35.3034,46.3535],[35.2671,46.3524],[35.2586,46.3734],[35.2645,46.3998],[35.2845,46.4374],[35.2387,46.4499],[35.2146,46.4626],[35.1914,46.4943],[35.1883,46.5124],[35.1667,46.4932],[35.174,46.4733],[35.202,46.4405],[35.2125,46.4151],[35.2015,46.3853],[35.1608,46.3545],[35.1392,46.3496],[35.1254,46.3358],[35.1163,46.31],[35.0899,46.2837],[35.0399,46.2587],[34.9899,46.2504],[34.9125,46.2417],[34.9048,46.2557],[34.8866,46.2427],[34.8848,46.2295],[34.8389,46.2077],[34.8176,46.1862],[34.8113,46.1662],[34.8162,46.15],[34.8125,46.15],[34.7978,46.1715],[34.7813,46.1827],[34.737,46.1869],[34.7062,46.2006],[34.6855,46.2202],[34.6758,46.2216],[34.6646,46.2369],[34.6522,46.2298],[34.6104,46.2328],[34.6,46.225],[34.5951,46.2339],[34.5814,46.2256],[34.5462,46.2267],[34.5388,46.2501],[34.5539,46.259],[34.5623,46.2535],[34.579,46.2634],[34.5952,46.2812],[34.6052,46.3118],[34.6252,46.3133],[34.6217,46.3283],[34.6313,46.3298],[34.6663,46.3517],[34.6715,46.3991],[34.6382,46.4094],[34.6375,46.4167],[34.6103,46.4172],[34.5881,46.4436],[34.5907,46.4577],[34.5561,46.4589],[34.5313,46.4745],[34.5175,46.4759],[34.5125,46.4875],[34.5119,46.5189],[34.4922,46.5478],[34.4964,46.578],[34.4803,46.5836],[34.4646,46.5713],[34.4506,46.5844],[34.45,46.6167],[34.4,46.6333],[34.3927,46.6575],[34.4077,46.6687],[34.3965,46.6854],[34.3949,46.7004],[34.3855,46.6923],[34.3632,46.6966],[34.3577,46.7312],[34.359,46.7521],[34.392,46.7756],[34.3988,46.7708],[34.4048,46.8003],[34.4,46.8125],[34.4092,46.8243],[34.4241,46.8257],[34.4297,46.8368],[34.4203,46.8576],[34.4257,46.8741],[34.4451,46.8703],[34.4868,46.8842],[34.4882,46.8949],[34.5198,46.9007],[34.5299,46.9242],[34.5407,46.9258],[34.552,46.941],[34.5912,46.9535],[34.6103,46.966],[34.6441,46.9663],[34.6642,46.9621],[34.6892,46.9788],[34.7066,46.9837],[34.7208,47.0083],[34.7441,47.017],[34.7691,47.0163],[34.7917,47.0],[34.8115,47.0048],[34.8229,47.0204],[34.8707,47.0179],[34.8759,47.0285],[34.9128,47.0341],[34.9083,47.0458],[34.9351,47.058],[34.9536,47.0439],[34.9634,47.0215],[34.975,47.0167],[35.0184,47.0288],[35.0866,47.0326],[35.0967,47.0175],[35.1188,47.0088],[35.127,47.0161],[35.1522,47.0172],[35.1637,47.0297],[35.175,47.0208],[35.1701,47.0051],[35.1522,46.9881],[35.1342,46.9869],[35.1214,46.9689],[35.1202,46.955],[35.0966,46.9494],[35.0771,46.9579],[35.0551,46.9451],[35.0409,46.9284],[35.0506,46.9128],[35.052,46.8756],[35.0687,46.8714],[35.0909,46.8742],[35.0917,46.8667],[35.1316,46.867],[35.1559,46.8788],[35.175,46.8792],[35.1851,46.867],[35.2108,46.8538],[35.2288,46.8358],[35.2203,46.8091],[35.2395,46.7714],[35.2583,46.764],[35.2422,46.7522],[35.2411,46.726],[35.2259,46.7201],[35.209,46.698],[35.2035,46.6718],[35.1952,46.6695],[35.2006,46.6463],[35.1966,46.6175],[35.225,46.6125],[35.2254,46.6017],[35.2476,46.5795],[35.2621,46.5733],[35.2629,46.5601],[35.2744,46.548],[35.2828,46.5272],[35.2868,46.5009],[35.2786,46.4988],[35.2882,46.4718],[35.3076,46.4574],[35.312,46.4438],[35.309,46.4218],[35.3228,46.4131],[35.3449,46.4119],[35.3462,46.3892],[35.3566,46.3746],[35.3858,46.392],[35.4358,46.4379],[35.4458,46.4333],[35.4085,46.4029]],[[35.3547,46.3613],[35.3471,46.3631],[35.3458,46.3583],[35.3547,46.3613]]],[[[35.0444,46.1419],[35.0447,46.142],[35.0445,46.1418],[35.0444,46.1419]]]]}},{"type":"Feature","properties":{"id":"224008","riverUk":null,"riverEn":null,"oblasts":["crimea","kherson","zaporizhzhia"],"point":[34.3094,46.0617],"kakhovka":false},"geometry":{"type":"Polygon","coordinates":[[[34.8199,46.1322],[34.8225,46.0996],[34.8167,46.0833],[34.8238,46.0829],[34.8328,46.057],[34.834,46.0312],[34.859,45.9562],[34.8798,45.9127],[34.8708,45.8917],[34.8913,45.8899],[34.9337,45.8101],[34.958,45.7774],[34.992,45.7226],[35.0158,45.695],[35.0464,45.652],[35.0717,45.6216],[35.1145,45.5797],[35.1542,45.5458],[35.1608,45.5455],[35.2205,45.4858],[35.2212,45.4809],[35.283,45.4191],[35.2927,45.4122],[35.3322,45.3712],[35.3549,45.36],[35.3561,45.3589],[35.3583,45.3583],[35.3618,45.3566],[35.4059,45.3254],[35.4351,45.3087],[35.4691,45.2955],[35.5042,45.275],[35.5105,45.2619],[35.5494,45.223],[35.5506,45.2051],[35.5714,45.1841],[35.5667,45.1667],[35.5439,45.1744],[35.5179,45.1756],[35.5158,45.1673],[35.4659,45.1619],[35.4574,45.1703],[35.3892,45.1705],[35.3726,45.1663],[35.3522,45.1381],[35.3299,45.1328],[35.3132,45.1381],[35.2925,45.1368],[35.2756,45.1147],[35.2708,45.0958],[35.2483,45.0913],[35.2358,45.0962],[35.2066,45.0712],[35.1934,45.0705],[35.1629,45.0441],[35.1583,45.0333],[35.1259,45.0241],[35.1203,45.0103],[35.0967,44.9908],[35.0865,44.9714],[35.0667,44.9708],[35.0524,44.9871],[35.0259,44.9827],[35.0161,44.9676],[35.0042,44.9625],[34.977,44.9631],[34.9534,44.9714],[34.9397,44.9631],[34.9062,44.9546],[34.8938,44.9662],[34.8824,44.9507],[34.8583,44.9417],[34.8458,44.9292],[34.7792,44.925],[34.7674,44.9119],[34.7505,44.9173],[34.7409,44.9008],[34.6726,44.8996],[34.642,44.8775],[34.6358,44.867],[34.6066,44.8587],[34.5684,44.8538],[34.5483,44.842],[34.5142,44.8413],[34.4809,44.8455],[34.4441,44.8212],[34.4212,44.815],[34.4186,44.7953],[34.3949,44.7786],[34.3854,44.787],[34.3616,44.7632],[34.3201,44.7453],[34.2958,44.7458],[34.2825,44.7741],[34.2733,44.7788],[34.24,44.7795],[34.2358,44.7754],[34.1978,44.7798],[34.1782,44.7991],[34.1532,44.816],[34.1341,44.8174],[34.134,44.8425],[34.1158,44.8618],[34.1,44.8625],[34.1083,44.8771],[34.0936,44.8839],[34.059,44.9134],[34.0576,44.9241],[34.0333,44.925],[34.0454,44.9437],[34.0339,44.9561],[34.0244,44.9897],[34.0047,45.0103],[33.9871,45.0365],[33.98,45.0384],[33.9837,45.0858],[33.992,45.1024],[34.0125,45.125],[34.0256,45.1491],[34.0535,45.1634],[34.0592,45.1825],[34.0785,45.1926],[34.0839,45.2189],[34.0911,45.227],[34.1007,45.2574],[34.1423,45.299],[34.1741,45.3132],[34.1951,45.3342],[34.1965,45.3449],[34.2157,45.3549],[34.2214,45.3897],[34.2339,45.4272],[34.2455,45.4476],[34.2462,45.4684],[34.2212,45.5017],[34.2208,45.5167],[34.2051,45.5257],[34.1884,45.5509],[34.1792,45.5792],[34.1631,45.5939],[34.1704,45.6021],[34.1381,45.652],[34.1375,45.6708],[34.1297,45.6895],[34.1286,45.7314],[34.1241,45.7408],[34.0911,45.7605],[34.0743,45.7783],[34.0587,45.785],[34.0583,45.7958],[34.0333,45.8],[34.0204,45.8199],[34.0172,45.8363],[33.9917,45.8473],[33.9917,45.8667],[33.9816,45.8621],[33.9646,45.875],[33.9566,45.8705],[33.9351,45.8795],[33.92,45.8991],[33.9061,45.9047],[33.8884,45.9215],[33.8788,45.9407],[33.8678,45.9461],[33.8573,45.9298],[33.8284,45.9286],[33.8089,45.9385],[33.8129,45.9733],[33.8246,45.9851],[33.8254,46.0017],[33.7879,46.0434],[33.7917,46.0708],[33.7631,46.0801],[33.7608,46.1121],[33.7478,46.1131],[33.7408,46.1244],[33.7186,46.1256],[33.7075,46.1366],[33.6895,46.1422],[33.6689,46.1619],[33.6199,46.1536],[33.605,46.1634],[33.5994,46.1772],[33.5562,46.1798],[33.5369,46.1962],[33.5423,46.209],[33.5332,46.2196],[33.5063,46.2369],[33.4717,46.2327],[33.4758,46.2784],[33.498,46.2798],[33.5145,46.291],[33.5625,46.3138],[33.5675,46.3284],[33.5866,46.3381],[33.6012,46.3244],[33.6228,46.3328],[33.6533,46.3339],[33.6728,46.3411],[33.698,46.3422],[33.7113,46.3546],[33.7121,46.3767],[33.7267,46.3871],[33.7691,46.3962],[33.7858,46.392],[33.8311,46.4161],[33.8774,46.4246],[33.8979,46.4167],[33.9184,46.4371],[33.9399,46.4379],[33.9517,46.4455],[33.9907,46.4507],[33.9882,46.4698],[34.025,46.4917],[34.0309,46.4996],[34.0687,46.513],[34.0868,46.5133],[34.0875,46.5458],[34.0637,46.5417],[34.054,46.5571],[34.0299,46.5674],[34.0242,46.591],[33.9937,46.5923],[33.9638,46.6041],[33.9423,46.6395],[33.941,46.6616],[33.9496,46.6733],[33.9208,46.6875],[33.9161,46.7174],[33.9327,46.7302],[33.9339,46.7549],[33.9286,46.7677],[33.9453,46.7853],[33.9421,46.7937],[33.9535,46.8051],[33.9464,46.827],[33.9467,46.8494],[33.9589,46.8561],[33.9589,46.8939],[33.9676,46.9035],[33.9824,46.9048],[34.0003,46.922],[33.9921,46.9354],[33.9964,46.9522],[34.0077,46.9592],[34.0089,46.973],[34.0224,46.9874],[34.0354,46.9796],[34.0533,46.984],[34.0682,47.0083],[34.0827,47.0092],[34.065,47.0413],[34.0392,47.042],[34.0233,47.0538],[34.0,47.0583],[34.013,47.0783],[34.0588,47.1006],[34.078,47.1043],[34.0843,47.1201],[34.1159,47.1258],[34.1208,47.15],[34.1522,47.1589],[34.1616,47.1672],[34.1826,47.1578],[34.2157,47.1589],[34.222,47.1711],[34.2983,47.1705],[34.3042,47.1625],[34.3242,47.1632],[34.3299,47.1867],[34.374,47.1827],[34.3991,47.1701],[34.4092,47.155],[34.4408,47.1494],[34.4465,47.13],[34.4783,47.1368],[34.4792,47.1208],[34.4991,47.1214],[34.5201,47.1339],[34.5417,47.1333],[34.5605,47.1328],[34.5699,47.1244],[34.6228,47.1369],[34.6781,47.1381],[34.6934,47.158],[34.7125,47.1542],[34.7436,47.1619],[34.7689,47.1631],[34.7979,47.175],[34.8691,47.1754],[34.9103,47.1911],[34.9566,47.1962],[34.9726,47.2121],[35.0034,47.2078],[35.0397,47.2089],[35.0939,47.2172],[35.1076,47.2256],[35.1191,47.2212],[35.1566,47.2212],[35.1917,47.2292],[35.2077,47.2562],[35.2128,47.2741],[35.1968,47.2794],[35.2048,47.3088],[35.2042,47.3292],[35.2115,47.3298],[35.237,47.3646],[35.2429,47.3797],[35.2826,47.3619],[35.2951,47.3672],[35.3159,47.3578],[35.3354,47.3588],[35.3478,47.3661],[35.3899,47.3663],[35.4316,47.3496],[35.4858,47.3504],[35.5059,47.358],[35.5566,47.3538],[35.5812,47.3375],[35.6,47.3417],[35.5965,47.2967],[35.6042,47.2833],[35.5667,47.2833],[35.5464,47.2355],[35.5366,47.2009],[35.5092,47.1783],[35.499,47.1546],[35.4879,47.149],[35.4792,47.1292],[35.4399,47.1337],[35.4233,47.117],[35.4125,47.1167],[35.3925,47.1033],[35.3712,47.0691],[35.3667,47.0375],[35.3426,47.0369],[35.3408,47.0298],[35.2784,47.0203],[35.2451,47.0297],[35.2272,47.0214],[35.1979,47.0208],[35.1858,47.0295],[35.175,47.0208],[35.1637,47.0297],[35.1522,47.0172],[35.127,47.0161],[35.1188,47.0088],[35.0967,47.0175],[35.0866,47.0326],[35.0184,47.0288],[34.975,47.0167],[34.9634,47.0215],[34.9536,47.0439],[34.9351,47.058],[34.9083,47.0458],[34.9128,47.0341],[34.8759,47.0285],[34.8707,47.0179],[34.8229,47.0204],[34.8115,47.0048],[34.7917,47.0],[34.7691,47.0163],[34.7441,47.017],[34.7208,47.0083],[34.7066,46.9837],[34.6892,46.9788],[34.6642,46.9621],[34.6441,46.9663],[34.6103,46.966],[34.5912,46.9535],[34.552,46.941],[34.5407,46.9258],[34.5299,46.9242],[34.5198,46.9007],[34.4882,46.8949],[34.4868,46.8842],[34.4451,46.8703],[34.4257,46.8741],[34.4203,46.8576],[34.4297,46.8368],[34.4241,46.8257],[34.4092,46.8243],[34.4,46.8125],[34.4048,46.8003],[34.3988,46.7708],[34.392,46.7756],[34.359,46.7521],[34.3577,46.7312],[34.3632,46.6966],[34.3855,46.6923],[34.3949,46.7004],[34.3965,46.6854],[34.4077,46.6687],[34.3927,46.6575],[34.4,46.6333],[34.45,46.6167],[34.4506,46.5844],[34.4646,46.5713],[34.4803,46.5836],[34.4964,46.578],[34.4922,46.5478],[34.5119,46.5189],[34.5125,46.4875],[34.5175,46.4759],[34.5313,46.4745],[34.5561,46.4589],[34.5907,46.4577],[34.5881,46.4436],[34.6103,46.4172],[34.6375,46.4167],[34.6382,46.4094],[34.6715,46.3991],[34.6663,46.3517],[34.6313,46.3298],[34.6217,46.3283],[34.6252,46.3133],[34.6052,46.3118],[34.5952,46.2812],[34.579,46.2634],[34.5623,46.2535],[34.5539,46.259],[34.5388,46.2501],[34.5462,46.2267],[34.5814,46.2256],[34.5951,46.2339],[34.6,46.225],[34.6104,46.2328],[34.6522,46.2298],[34.6646,46.2369],[34.6758,46.2216],[34.6855,46.2202],[34.7062,46.2006],[34.737,46.1869],[34.7813,46.1827],[34.7978,46.1715],[34.8125,46.15],[34.8199,46.1322]]]}},{"type":"Feature","properties":{"id":"224009","riverUk":null,"riverEn":null,"oblasts":["crimea","kherson"],"point":[33.6332,45.7229],"kakhovka":false},"geometry":{"type":"MultiPolygon","coordinates":[[[[31.9668,46.2001],[31.9748,46.1987],[31.9675,46.1965],[31.9668,46.2001]]],[[[31.537,46.3296],[31.5381,46.3062],[31.549,46.2824],[31.522,46.3132],[31.5087,46.3446],[31.522,46.3685],[31.537,46.3296]]],[[[31.6827,46.2483],[31.6667,46.2396],[31.6418,46.2463],[31.6497,46.2506],[31.6827,46.2483]]],[[[31.7498,46.2189],[31.7374,46.2207],[31.748,46.2202],[31.7498,46.2189]]],[[[31.9801,46.1847],[31.9632,46.1872],[31.9771,46.1869],[31.9801,46.1847]]],[[[32.0386,46.1761],[32.0185,46.179],[32.0367,46.1785],[32.0386,46.1761]]],[[[35.4807,45.2978],[35.5108,45.2871],[35.5316,45.2879],[35.5434,45.2955],[35.5808,45.3079],[35.695,45.3304],[35.7199,45.3382],[35.7249,45.3473],[35.7589,45.3741],[35.7529,45.3864],[35.7674,45.389],[35.7884,45.4075],[35.7931,45.4203],[35.825,45.4375],[35.8161,45.447],[35.8173,45.4615],[35.8333,45.4709],[35.8577,45.4694],[35.86,45.4595],[35.8469,45.4263],[35.854,45.414],[35.8711,45.4041],[35.9466,45.3721],[35.986,45.3627],[36.0223,45.3681],[36.0708,45.4042],[36.0704,45.4307],[36.0964,45.442],[36.1179,45.4571],[36.1375,45.4621],[36.2525,45.4615],[36.284,45.4766],[36.3,45.4733],[36.3074,45.4609],[36.2988,45.443],[36.3117,45.4435],[36.3405,45.4573],[36.3596,45.4545],[36.3914,45.4396],[36.4118,45.4362],[36.4706,45.4458],[36.4906,45.443],[36.533,45.4089],[36.5486,45.4123],[36.5667,45.4252],[36.5833,45.4274],[36.6135,45.4089],[36.6328,45.3691],[36.6063,45.3465],[36.552,45.3452],[36.5187,45.3506],[36.5105,45.3577],[36.4833,45.3583],[36.4713,45.3396],[36.4865,45.3249],[36.4866,45.3049],[36.4353,45.2953],[36.4203,45.2863],[36.4215,45.2759],[36.4366,45.2785],[36.4177,45.2283],[36.4036,45.2135],[36.4078,45.2064],[36.4089,45.1495],[36.4148,45.1284],[36.4539,45.0933],[36.4439,45.0839],[36.3814,45.0589],[36.302,45.0578],[36.2551,45.0493],[36.2491,45.0384],[36.2257,45.0244],[36.2022,45.0328],[36.1645,45.0339],[36.0316,45.0504],[35.9976,45.0371],[35.9816,45.0212],[35.9649,45.0129],[35.94,45.0121],[35.9233,45.0212],[35.9042,45.0167],[35.8647,45.0006],[35.8421,44.9952],[35.8285,45.0037],[35.8334,45.0113],[35.8199,45.0193],[35.8116,45.037],[35.7772,45.066],[35.748,45.0827],[35.673,45.1119],[35.602,45.1256],[35.5963,45.1298],[35.5292,45.125],[35.498,45.1131],[35.4728,45.1078],[35.4395,45.0911],[35.4145,45.0744],[35.3869,45.0463],[35.3883,45.0341],[35.4065,45.0201],[35.4292,45.0129],[35.4031,45.0013],[35.374,44.998],[35.3577,44.9838],[35.365,44.9533],[35.351,44.9549],[35.3396,44.9661],[35.3193,44.97],[35.2933,44.9585],[35.2903,44.9673],[35.2586,44.9614],[35.2332,44.9257],[35.2151,44.9144],[35.1719,44.9072],[35.1543,44.9011],[35.1297,44.8686],[35.1084,44.8249],[35.0808,44.7938],[35.0466,44.801],[35.0451,44.8159],[35.0272,44.8285],[34.986,44.8403],[34.9525,44.8415],[34.9302,44.8361],[34.9079,44.8205],[34.8899,44.8181],[34.8572,44.8237],[34.8397,44.8161],[34.7856,44.8169],[34.757,44.8205],[34.721,44.811],[34.6644,44.7839],[34.6436,44.7828],[34.6061,44.7703],[34.5934,44.7622],[34.5332,44.7529],[34.5,44.7426],[34.4753,44.7236],[34.469,44.7298],[34.4143,44.6738],[34.3802,44.6313],[34.3412,44.5585],[34.3313,44.5455],[34.3015,44.5507],[34.2754,44.5464],[34.2429,44.5075],[34.2311,44.5006],[34.1937,44.4994],[34.1633,44.4865],[34.1618,44.477],[34.1365,44.442],[34.1028,44.4253],[34.0645,44.4202],[34.0095,44.4005],[33.9896,44.3994],[33.9696,44.387],[33.9312,44.3923],[33.9105,44.3994],[33.8437,44.4035],[33.8076,44.3947],[33.7412,44.3959],[33.721,44.3996],[33.7071,44.4209],[33.7005,44.416],[33.6691,44.4171],[33.6468,44.4259],[33.6368,44.4698],[33.6147,44.4869],[33.591,44.4891],[33.5784,44.4971],[33.5391,44.4916],[33.5213,44.5006],[33.5017,44.4996],[33.4872,44.5103],[33.4134,44.5475],[33.3756,44.5855],[33.4039,44.59],[33.4116,44.5791],[33.4208,44.5917],[33.4411,44.6062],[33.4774,44.6066],[33.5,44.6139],[33.5511,44.6147],[33.5715,44.6206],[33.5252,44.6289],[33.5186,44.6411],[33.5324,44.6423],[33.5458,44.6708],[33.5484,44.6987],[33.5458,44.7292],[33.5369,44.7451],[33.5422,44.7534],[33.5328,44.7826],[33.5381,44.8022],[33.5494,44.8145],[33.5506,44.8408],[33.5772,44.8422],[33.5958,44.85],[33.6092,44.8717],[33.6199,44.9086],[33.6196,44.9315],[33.5917,45.0292],[33.5797,45.0478],[33.5625,45.0939],[33.5374,45.1174],[33.517,45.1268],[33.4647,45.1661],[33.4167,45.1917],[33.3868,45.1964],[33.3793,45.1881],[33.3552,45.1857],[33.3176,45.1755],[33.2826,45.1605],[33.2596,45.1561],[33.2401,45.1796],[33.2185,45.1874],[33.1736,45.1966],[33.1233,45.2379],[33.0985,45.2481],[33.0786,45.2717],[33.0478,45.2839],[33.0022,45.3161],[32.9801,45.3257],[32.9783,45.3325],[32.9397,45.3494],[32.8687,45.3662],[32.7951,45.3672],[32.7868,45.3619],[32.7285,45.3611],[32.7127,45.3532],[32.6774,45.326],[32.6631,45.3201],[32.6195,45.3201],[32.6147,45.3244],[32.5811,45.3256],[32.5647,45.3328],[32.5129,45.3406],[32.5034,45.3595],[32.5118,45.3784],[32.4916,45.3833],[32.4819,45.4079],[32.502,45.4285],[32.5241,45.4384],[32.5262,45.4457],[32.5645,45.4744],[32.602,45.491],[32.6313,45.5006],[32.652,45.5119],[32.6912,45.5256],[32.7034,45.516],[32.7092,45.5288],[32.7353,45.5452],[32.7829,45.5631],[32.8287,45.5577],[32.8417,45.5667],[32.841,45.5782],[32.8256,45.5837],[32.8269,45.5952],[32.952,45.6619],[32.9605,45.6631],[33.0007,45.6833],[33.0355,45.6922],[33.1028,45.7166],[33.123,45.7172],[33.1761,45.7431],[33.181,45.7552],[33.1621,45.7663],[33.1692,45.7844],[33.1948,45.7651],[33.2302,45.7509],[33.2654,45.7538],[33.304,45.7707],[33.3147,45.7714],[33.3743,45.7965],[33.4129,45.8274],[33.4826,45.8544],[33.5078,45.841],[33.5382,45.8436],[33.5446,45.8376],[33.5784,45.8682],[33.6199,45.8818],[33.6416,45.876],[33.6589,45.8593],[33.6917,45.8607],[33.6933,45.9126],[33.7087,45.9097],[33.7595,45.9223],[33.777,45.9296],[33.7458,45.95],[33.7263,45.9503],[33.6825,45.9584],[33.6572,45.9569],[33.632,45.9444],[33.6199,45.9508],[33.6468,45.9797],[33.6311,45.9965],[33.6436,46.015],[33.6279,46.0678],[33.6484,46.09],[33.6436,46.1047],[33.6135,46.1452],[33.5873,46.159],[33.5498,46.1364],[33.5229,46.1131],[33.5125,46.1208],[33.5176,46.101],[33.5437,46.0882],[33.5056,46.0803],[33.491,46.0632],[33.5036,46.0477],[33.4855,46.0532],[33.4238,46.0533],[33.3843,46.0876],[33.3578,46.1038],[33.3321,46.1124],[33.3132,46.098],[33.3108,46.0873],[33.2914,46.0952],[33.309,46.0967],[33.3177,46.1197],[33.3157,46.131],[33.2935,46.1357],[33.2229,46.1327],[33.2148,46.1286],[33.2254,46.1541],[33.2351,46.2238],[33.2119,46.2063],[33.1751,46.1531],[33.1229,46.1359],[33.1033,46.1384],[33.0818,46.1494],[33.0234,46.1699],[33.0325,46.141],[33.0182,46.1277],[32.9131,46.1152],[32.8762,46.1214],[32.8446,46.1214],[32.7898,46.1343],[32.7513,46.133],[32.714,46.1201],[32.5882,46.1044],[32.5676,46.0966],[32.5437,46.0805],[32.5034,46.0761],[32.3025,46.1167],[32.2805,46.1276],[32.2625,46.1282],[32.2474,46.1707],[32.242,46.1767],[32.2609,46.1886],[32.2693,46.2046],[32.2393,46.1953],[32.2131,46.1931],[32.1873,46.1967],[32.1154,46.2145],[32.0779,46.2495],[32.0501,46.2661],[32.0181,46.2575],[31.9684,46.2757],[31.8858,46.32],[31.8827,46.2986],[31.8899,46.2838],[31.8823,46.2791],[31.8192,46.2806],[31.8011,46.2851],[31.7725,46.3027],[31.78,46.3242],[31.8229,46.3369],[31.8938,46.3381],[31.9646,46.3465],[32.0083,46.3625],[32.0132,46.3783],[32.0369,46.3901],[32.0384,46.3789],[32.0619,46.3938],[32.0333,46.425],[32.0252,46.4444],[31.9917,46.4536],[31.9546,46.451],[31.9107,46.4559],[31.7717,46.4958],[31.7264,46.5009],[31.7107,46.4954],[31.6903,46.4786],[31.6858,46.4451],[31.6734,46.4541],[31.6636,46.4721],[31.6414,46.4821],[31.5244,46.5642],[31.5562,46.5465],[31.5834,46.5368],[31.5896,46.541],[31.6501,46.5423],[31.7271,46.5465],[31.7543,46.5507],[31.7896,46.534],[31.8442,46.5246],[31.8793,46.516],[31.9094,46.5193],[31.9437,46.5048],[31.9601,46.5132],[31.9582,46.501],[31.9976,46.5048],[31.9957,46.4926],[32.0459,46.491],[32.1044,46.5126],[32.1207,46.511],[32.1121,46.5008],[32.1544,46.4966],[32.1419,46.5078],[32.1646,46.5035],[32.1959,46.4906],[32.1914,46.4841],[32.2479,46.4827],[32.2761,46.4709],[32.3176,46.4643],[32.361,46.4669],[32.3997,46.4783],[32.427,46.4988],[32.4084,46.5173],[32.4211,46.5293],[32.4405,46.5247],[32.4509,46.5453],[32.4955,46.5506],[32.5173,46.5444],[32.5115,46.5218],[32.4798,46.4896],[32.4798,46.4717],[32.4922,46.4632],[32.4869,46.4424],[32.4911,46.4228],[32.4759,46.3924],[32.495,46.3866],[32.5118,46.3703],[32.5449,46.3756],[32.5625,46.3833],[32.5717,46.3548],[32.6022,46.3536],[32.6146,46.3421],[32.6326,46.3464],[32.6547,46.3341],[32.6514,46.3077],[32.6662,46.3215],[32.6854,46.3131],[32.6968,46.2994],[32.7272,46.3048],[32.7368,46.3131],[32.7562,46.3006],[32.7833,46.3],[32.8073,46.2828],[32.8448,46.2798],[32.8657,46.3089],[32.8879,46.3066],[32.9066,46.317],[32.9333,46.3458],[32.95,46.3458],[32.9627,46.3613],[32.9853,46.3547],[33.0189,46.3536],[33.0674,46.3589],[33.0863,46.3536],[33.0927,46.366],[33.1147,46.3672],[33.1397,46.3839],[33.1603,46.4036],[33.1718,46.3994],[33.1811,46.4078],[33.2292,46.4167],[33.2343,46.4284],[33.2577,46.4384],[33.259,46.4659],[33.2978,46.491],[33.316,46.4966],[33.3167,46.5083],[33.3322,46.5122],[33.3382,46.5324],[33.3452,46.5342],[33.3465,46.5533],[33.3771,46.5631],[33.3844,46.5743],[33.4076,46.5841],[33.4091,46.5993],[33.4271,46.6006],[33.4576,46.6135],[33.459,46.6271],[33.4702,46.6437],[33.4798,46.6772],[33.4883,46.6868],[33.5159,46.6925],[33.5175,46.7035],[33.5405,46.7084],[33.5552,46.7452],[33.5779,46.7465],[33.5792,46.7667],[33.6075,46.7616],[33.6125,46.7458],[33.6316,46.7413],[33.6517,46.7288],[33.6629,46.7434],[33.6462,46.7559],[33.6455,46.7899],[33.6413,46.7975],[33.6708,46.8167],[33.7,46.8167],[33.7285,46.8465],[33.7455,46.841],[33.7917,46.8554],[33.816,46.8812],[33.8174,46.8951],[33.8384,46.916],[33.8616,46.9215],[33.8671,46.9324],[33.9022,46.9506],[33.9145,46.9619],[33.9491,46.9715],[34.0035,47.0259],[34.0,47.0583],[34.0233,47.0538],[34.0392,47.042],[34.065,47.0413],[34.0827,47.0092],[34.0682,47.0083],[34.0533,46.984],[34.0354,46.9796],[34.0224,46.9874],[34.0089,46.973],[34.0077,46.9592],[33.9964,46.9522],[33.9921,46.9354],[34.0003,46.922],[33.9824,46.9048],[33.9676,46.9035],[33.9589,46.8939],[33.9589,46.8561],[33.9467,46.8494],[33.9464,46.827],[33.9535,46.8051],[33.9421,46.7937],[33.9453,46.7853],[33.9286,46.7677],[33.9339,46.7549],[33.9327,46.7302],[33.9161,46.7174],[33.9208,46.6875],[33.9496,46.6733],[33.941,46.6616],[33.9423,46.6395],[33.9638,46.6041],[33.9937,46.5923],[34.0242,46.591],[34.0299,46.5674],[34.054,46.5571],[34.0637,46.5417],[34.0875,46.5458],[34.0868,46.5133],[34.0687,46.513],[34.0309,46.4996],[34.025,46.4917],[33.9882,46.4698],[33.9907,46.4507],[33.9517,46.4455],[33.9399,46.4379],[33.9184,46.4371],[33.8979,46.4167],[33.8774,46.4246],[33.8311,46.4161],[33.7858,46.392],[33.7691,46.3962],[33.7267,46.3871],[33.7121,46.3767],[33.7113,46.3546],[33.698,46.3422],[33.6728,46.3411],[33.6533,46.3339],[33.6228,46.3328],[33.6012,46.3244],[33.5866,46.3381],[33.5675,46.3284],[33.5625,46.3138],[33.5145,46.291],[33.498,46.2798],[33.4758,46.2784],[33.4717,46.2327],[33.5063,46.2369],[33.5332,46.2196],[33.5423,46.209],[33.5369,46.1962],[33.5562,46.1798],[33.5994,46.1772],[33.605,46.1634],[33.6199,46.1536],[33.6689,46.1619],[33.6895,46.1422],[33.7075,46.1366],[33.7186,46.1256],[33.7408,46.1244],[33.7478,46.1131],[33.7608,46.1121],[33.7631,46.0801],[33.7917,46.0708],[33.7879,46.0434],[33.8254,46.0017],[33.8246,45.9851],[33.8129,45.9733],[33.8089,45.9385],[33.8284,45.9286],[33.8573,45.9298],[33.8678,45.9461],[33.8788,45.9407],[33.8884,45.9215],[33.9061,45.9047],[33.92,45.8991],[33.9351,45.8795],[33.9566,45.8705],[33.9646,45.875],[33.9816,45.8621],[33.9917,45.8667],[33.9917,45.8473],[34.0172,45.8363],[34.0204,45.8199],[34.0333,45.8],[34.0583,45.7958],[34.0587,45.785],[34.0743,45.7783],[34.0911,45.7605],[34.1241,45.7408],[34.1286,45.7314],[34.1297,45.6895],[34.1375,45.6708],[34.1381,45.652],[34.1704,45.6021],[34.1631,45.5939],[34.1792,45.5792],[34.1884,45.5509],[34.2051,45.5257],[34.2208,45.5167],[34.2212,45.5017],[34.2462,45.4684],[34.2455,45.4476],[34.2339,45.4272],[34.2214,45.3897],[34.2157,45.3549],[34.1965,45.3449],[34.1951,45.3342],[34.1741,45.3132],[34.1423,45.299],[34.1007,45.2574],[34.0911,45.227],[34.0839,45.2189],[34.0785,45.1926],[34.0592,45.1825],[34.0535,45.1634],[34.0256,45.1491],[34.0125,45.125],[33.992,45.1024],[33.9837,45.0858],[33.98,45.0384],[33.9871,45.0365],[34.0047,45.0103],[34.0244,44.9897],[34.0339,44.9561],[34.0454,44.9437],[34.0333,44.925],[34.0576,44.9241],[34.059,44.9134],[34.0936,44.8839],[34.1083,44.8771],[34.1,44.8625],[34.1158,44.8618],[34.134,44.8425],[34.1341,44.8174],[34.1532,44.816],[34.1782,44.7991],[34.1978,44.7798],[34.2358,44.7754],[34.24,44.7795],[34.2733,44.7788],[34.2825,44.7741],[34.2958,44.7458],[34.3201,44.7453],[34.3616,44.7632],[34.3854,44.787],[34.3949,44.7786],[34.4186,44.7953],[34.4212,44.815],[34.4441,44.8212],[34.4809,44.8455],[34.5142,44.8413],[34.5483,44.842],[34.5684,44.8538],[34.6066,44.8587],[34.6358,44.867],[34.642,44.8775],[34.6726,44.8996],[34.7409,44.9008],[34.7505,44.9173],[34.7674,44.9119],[34.7792,44.925],[34.8458,44.9292],[34.8583,44.9417],[34.8824,44.9507],[34.8938,44.9662],[34.9062,44.9546],[34.9397,44.9631],[34.9534,44.9714],[34.977,44.9631],[35.0042,44.9625],[35.0161,44.9676],[35.0259,44.9827],[35.0524,44.9871],[35.0667,44.9708],[35.0865,44.9714],[35.0967,44.9908],[35.1203,45.0103],[35.1259,45.0241],[35.1583,45.0333],[35.1629,45.0441],[35.1934,45.0705],[35.2066,45.0712],[35.2358,45.0962],[35.2483,45.0913],[35.2708,45.0958],[35.2756,45.1147],[35.2925,45.1368],[35.3132,45.1381],[35.3299,45.1328],[35.3522,45.1381],[35.3726,45.1663],[35.3892,45.1705],[35.4574,45.1703],[35.4659,45.1619],[35.5158,45.1673],[35.5179,45.1756],[35.5439,45.1744],[35.5667,45.1667],[35.5714,45.1841],[35.5506,45.2051],[35.5494,45.223],[35.5105,45.2619],[35.5042,45.275],[35.4691,45.2955],[35.4351,45.3087],[35.4059,45.3254],[35.3618,45.3566],[35.4807,45.2978]],[[33.4238,44.5828],[33.4256,44.5904],[33.4208,44.5917],[33.4238,44.5828]],[[32.8245,45.5516],[32.8278,45.55],[32.8277,45.5544],[32.8245,45.5516]],[[32.8115,45.5503],[32.7753,45.5365],[32.7861,45.5333],[32.8129,45.5429],[32.8115,45.5503]],[[33.0187,45.3131],[33.0334,45.3305],[33.0245,45.3409],[33.0613,45.3416],[33.0632,45.3491],[33.0455,45.3509],[33.0672,45.3783],[33.0985,45.3743],[33.098,45.384],[33.0771,45.3869],[33.0603,45.3827],[33.048,45.3715],[33.0228,45.3702],[33.0117,45.3549],[32.9887,45.3457],[32.9829,45.3548],[32.9704,45.3494],[32.9452,45.3514],[32.998,45.3285],[33.0187,45.3131]],[[33.1292,45.4042],[33.125,45.4],[33.1283,45.4009],[33.1292,45.4042]],[[33.1386,45.4169],[33.1333,45.4042],[33.1483,45.4087],[33.1386,45.4169]],[[33.1637,45.4339],[33.1625,45.4292],[33.1667,45.4292],[33.1637,45.4339]],[[33.1884,45.441],[33.1717,45.4368],[33.1784,45.4286],[33.1884,45.441]],[[33.187,46.1891],[33.1903,46.1875],[33.1902,46.1919],[33.187,46.1891]]],[[[35.3583,45.3583],[35.3561,45.3589],[35.3549,45.36],[35.3583,45.3583]]],[[[34.8386,46.0476],[34.8744,45.9261],[34.8952,45.901],[34.9198,45.861],[34.9381,45.8228],[34.9582,45.7895],[35.0444,45.6701],[35.0675,45.6424],[35.1315,45.5796],[35.2927,45.4122],[35.283,45.4191],[35.2212,45.4809],[35.2205,45.4858],[35.1608,45.5455],[35.1542,45.5458],[35.1145,45.5797],[35.0717,45.6216],[35.0464,45.652],[35.0158,45.695],[34.992,45.7226],[34.958,45.7774],[34.9337,45.8101],[34.8913,45.8899],[34.8708,45.8917],[34.8798,45.9127],[34.859,45.9562],[34.834,46.0312],[34.8328,46.057],[34.8386,46.0476]]],[[[34.8238,46.0829],[34.8167,46.0833],[34.8225,46.0996],[34.8238,46.0829]]],[[[34.8162,46.15],[34.8199,46.1322],[34.8125,46.15],[34.8162,46.15]]],[[[32.6268,46.0592],[32.6194,46.06],[32.623,46.0618],[32.6268,46.0592]]],[[[32.6446,46.0571],[32.6311,46.0587],[32.6438,46.0577],[32.6446,46.0571]]],[[[32.6595,46.0554],[32.6503,46.0565],[32.6547,46.0585],[32.6595,46.0554]]],[[[32.8797,46.0555],[32.9164,46.0368],[32.9448,46.0486],[32.9729,46.034],[33.0438,46.0285],[33.0563,46.0243],[33.0401,46.0122],[32.8086,46.0385],[32.8354,46.0535],[32.8797,46.0555]],[[32.8745,46.0433],[32.8778,46.0417],[32.8777,46.0461],[32.8745,46.0433]]],[[[32.0527,46.174],[32.0489,46.1745],[32.0515,46.1749],[32.0527,46.174]]],[[[32.121,46.1603],[32.1158,46.162],[32.1188,46.1619],[32.121,46.1603]]],[[[32.1335,46.1561],[32.1267,46.1584],[32.1313,46.1577],[32.1335,46.1561]]],[[[32.1558,46.1509],[32.1382,46.1546],[32.1522,46.1536],[32.1558,46.1509]]],[[[32.1663,46.1494],[32.1594,46.1504],[32.1651,46.15],[32.1663,46.1494]]]]}},{"type":"Feature","properties":{"id":"225111","riverUk":"Дніпро","riverEn":"Dnipro","oblasts":["mykolaiv","kherson"],"point":[32.4945,47.0202],"kakhovka":false},"geometry":{"type":"Polygon","coordinates":[[[32.2785,47.0676],[32.2759,47.1116],[32.3075,47.1217],[32.3172,47.1439],[32.3328,47.1603],[32.3329,47.1979],[32.3255,47.2062],[32.3351,47.2246],[32.348,47.2256],[32.3631,47.242],[32.3625,47.2529],[32.3854,47.266],[32.409,47.2619],[32.4242,47.2718],[32.4375,47.2946],[32.4593,47.3115],[32.5034,47.3341],[32.517,47.3774],[32.5288,47.3892],[32.5205,47.4191],[32.5004,47.4351],[32.4993,47.4492],[32.4842,47.4545],[32.4715,47.477],[32.4716,47.4909],[32.4909,47.4966],[32.5009,47.5205],[32.5159,47.5258],[32.5254,47.5524],[32.5455,47.5684],[32.5462,47.5774],[32.5625,47.5937],[32.5542,47.6167],[32.565,47.6212],[32.5934,47.6663],[32.6,47.6667],[32.6035,47.6574],[32.6297,47.6299],[32.6203,47.6238],[32.6257,47.6051],[32.6494,47.5897],[32.6548,47.5604],[32.6632,47.5418],[32.6414,47.5008],[32.6753,47.4992],[32.659,47.4729],[32.6625,47.4625],[32.6826,47.4532],[32.6841,47.4424],[32.7022,47.441],[32.7292,47.4292],[32.7295,47.4184],[32.7542,47.4021],[32.7496,47.3975],[32.7545,47.3559],[32.7756,47.3216],[32.7661,47.3007],[32.7672,47.2603],[32.7744,47.2522],[32.775,47.225],[32.7858,47.2205],[32.8205,47.1858],[32.816,47.1755],[32.8201,47.1551],[32.8132,47.1532],[32.8086,47.1259],[32.7966,47.1242],[32.7951,47.1093],[32.759,47.0949],[32.7533,47.0759],[32.7342,47.0619],[32.7288,47.051],[32.709,47.0365],[32.7,47.0167],[32.7006,46.9967],[32.7162,46.9854],[32.7365,46.9827],[32.7464,46.9632],[32.7452,46.9218],[32.7337,46.9157],[32.7295,46.9017],[32.7371,46.8899],[32.7244,46.8507],[32.734,46.8051],[32.7408,46.8033],[32.7368,46.78],[32.7105,46.7673],[32.6924,46.766],[32.7078,46.7354],[32.7048,46.7145],[32.7125,46.7],[32.7314,46.6964],[32.7407,46.7047],[32.7743,46.6869],[32.7939,46.6881],[32.8076,46.6964],[32.8292,46.6875],[32.8375,46.6646],[32.834,46.6478],[32.8488,46.6291],[32.8615,46.6367],[32.8673,46.6255],[32.8619,46.613],[32.8709,46.6014],[32.8582,46.5946],[32.8675,46.5758],[32.8866,46.5657],[32.8589,46.5439],[32.8577,46.5342],[32.8206,46.5325],[32.8257,46.5206],[32.8202,46.4956],[32.8257,46.4831],[32.8198,46.4716],[32.8062,46.4702],[32.7899,46.4587],[32.7767,46.458],[32.7608,46.4462],[32.7108,46.4504],[32.6691,46.4295],[32.6517,46.4288],[32.6158,46.4173],[32.5968,46.416],[32.5827,46.3926],[32.5625,46.3833],[32.5449,46.3756],[32.5118,46.3703],[32.495,46.3866],[32.4759,46.3924],[32.4911,46.4228],[32.4869,46.4424],[32.4922,46.4632],[32.4798,46.4717],[32.4798,46.4896],[32.5115,46.5218],[32.5173,46.5444],[32.4955,46.5506],[32.4509,46.5453],[32.4405,46.5247],[32.4211,46.5293],[32.4357,46.5432],[32.5057,46.5841],[32.5248,46.5927],[32.571,46.5964],[32.5884,46.6043],[32.6338,46.6331],[32.6455,46.6496],[32.5674,46.6185],[32.5437,46.6217],[32.409,46.5689],[32.3831,46.5665],[32.3833,46.575],[32.4324,46.5798],[32.4381,46.6128],[32.4326,46.6326],[32.4145,46.634],[32.3907,46.6534],[32.3687,46.659],[32.3509,46.6712],[32.3452,46.698],[32.3325,46.7158],[32.3162,46.7119],[32.2966,46.7174],[32.295,46.7284],[32.2717,46.738],[32.2617,46.7659],[32.2437,46.7715],[32.2198,46.8036],[32.2042,46.8042],[32.2083,46.8154],[32.2404,46.8333],[32.2494,46.8521],[32.2381,46.8812],[32.2381,46.9021],[32.2452,46.9188],[32.241,46.934],[32.2508,46.9576],[32.2688,46.959],[32.2917,46.9792],[32.2798,46.9885],[32.287,47.0104],[32.2757,47.0259],[32.2744,47.0397],[32.2625,47.0542],[32.2785,47.0676]]]}},{"type":"Feature","properties":{"id":"225112","riverUk":null,"riverEn":null,"oblasts":["kirovohrad","dnipropetrovsk","mykolaiv","kherson"],"point":[33.0896,47.8062],"kakhovka":false},"geometry":{"type":"Polygon","coordinates":[[[32.2675,48.82],[32.2949,48.8256],[32.3076,48.8464],[32.3397,48.8422],[32.3562,48.8579],[32.3645,48.8506],[32.3855,48.8494],[32.3949,48.8411],[32.4135,48.8493],[32.4355,48.8506],[32.4495,48.859],[32.4647,48.8577],[32.4784,48.8452],[32.5075,48.8591],[32.5092,48.8705],[32.527,48.8827],[32.5566,48.892],[32.5875,48.8875],[32.5958,48.8958],[32.6108,48.8871],[32.6275,48.8879],[32.6392,48.9038],[32.6616,48.8908],[32.6686,48.8797],[32.6897,48.8786],[32.702,48.8672],[32.7208,48.8667],[32.7534,48.8797],[32.7701,48.8661],[32.7865,48.8797],[32.8064,48.8756],[32.8375,48.9042],[32.8605,48.9036],[32.8699,48.8953],[32.886,48.8958],[32.8968,48.9161],[32.9647,48.9172],[32.998,48.9214],[33.0103,48.9286],[33.027,48.9172],[33.0667,48.9167],[33.0923,48.8945],[33.0881,48.8812],[33.0966,48.8591],[33.1258,48.8298],[33.1493,48.8299],[33.1583,48.8583],[33.1656,48.8576],[33.1716,48.8341],[33.1958,48.825],[33.2009,48.8092],[33.2199,48.8035],[33.2262,48.7911],[33.2368,48.7964],[33.2576,48.7828],[33.2674,48.8032],[33.2993,48.8172],[33.3147,48.8161],[33.3325,48.8033],[33.3451,48.7828],[33.3939,48.7828],[33.3985,48.7792],[33.4103,48.7994],[33.4458,48.8],[33.4566,48.8038],[33.4712,48.7892],[33.4667,48.7583],[33.4869,48.7564],[33.4926,48.734],[33.5074,48.7327],[33.5116,48.7175],[33.5041,48.7113],[33.5091,48.6966],[33.5295,48.6725],[33.5292,48.6125],[33.5493,48.6172],[33.5908,48.6033],[33.6061,48.5839],[33.6333,48.575],[33.6417,48.55],[33.6642,48.558],[33.7066,48.5587],[33.715,48.567],[33.7434,48.5545],[33.7659,48.5536],[33.7855,48.5589],[33.8364,48.5586],[33.8387,48.5494],[33.8646,48.5579],[33.8855,48.5536],[33.9021,48.538],[33.925,48.5417],[33.9333,48.5333],[33.9583,48.5375],[33.9674,48.5218],[34.0172,48.4905],[34.013,48.4771],[34.0217,48.4592],[34.0493,48.4536],[34.077,48.4661],[34.098,48.4672],[34.1114,48.4753],[34.1368,48.4661],[34.1646,48.4704],[34.2022,48.4703],[34.2083,48.4667],[34.2134,48.4465],[34.2333,48.4375],[34.223,48.4131],[34.1926,48.4077],[34.1908,48.4007],[34.1616,48.3717],[34.148,48.3631],[34.1228,48.3578],[34.0926,48.3413],[34.0908,48.334],[34.0625,48.3292],[34.0542,48.3104],[34.058,48.2934],[34.0504,48.2858],[34.0496,48.26],[34.0358,48.2504],[34.0083,48.25],[33.9993,48.2301],[33.9754,48.2199],[33.9667,48.2],[33.925,48.1833],[33.9243,48.1759],[33.8934,48.1663],[33.8833,48.1563],[33.8833,48.1104],[33.8583,48.0917],[33.8134,48.0965],[33.8116,48.1036],[33.7509,48.1089],[33.7491,48.1161],[33.6976,48.1205],[33.6792,48.1125],[33.6705,48.0809],[33.6475,48.0663],[33.633,48.0434],[33.6337,48.0267],[33.6158,48.0174],[33.5772,48.0047],[33.5509,48.0036],[33.5007,47.97],[33.5087,47.9559],[33.5042,47.9458],[33.4801,47.941],[33.4708,47.9333],[33.4744,47.8936],[33.4615,47.8754],[33.4494,47.8696],[33.4506,47.8467],[33.4897,47.8369],[33.516,47.8147],[33.5244,47.7813],[33.5299,47.7425],[33.5493,47.7327],[33.5722,47.759],[33.5937,47.7465],[33.6199,47.7407],[33.6257,47.7175],[33.642,47.6975],[33.6601,47.6837],[33.6917,47.6833],[33.6881,47.6645],[33.7076,47.6449],[33.7217,47.609],[33.7355,47.6078],[33.7601,47.592],[33.8,47.5917],[33.8042,47.5792],[33.7875,47.5875],[33.7785,47.5342],[33.7551,47.5285],[33.7441,47.517],[33.7149,47.5045],[33.6851,47.4996],[33.6733,47.4879],[33.6517,47.4871],[33.6271,47.4715],[33.6091,47.4701],[33.6035,47.4437],[33.5923,47.4313],[33.5867,47.4052],[33.5372,47.4034],[33.5408,47.3885],[33.5313,47.384],[33.4976,47.383],[33.4792,47.3667],[33.4667,47.3667],[33.4488,47.3244],[33.4271,47.3287],[33.4064,47.3172],[33.3917,47.3167],[33.3756,47.3064],[33.3699,47.2882],[33.3375,47.275],[33.3519,47.2547],[33.3699,47.2492],[33.3816,47.2255],[33.3458,47.2167],[33.3399,47.2045],[33.3186,47.2078],[33.3046,47.1854],[33.3074,47.1758],[33.2936,47.1703],[33.2689,47.1505],[33.2208,47.1375],[33.2201,47.1451],[33.1958,47.15],[33.1728,47.1422],[33.1574,47.1589],[33.1353,47.1536],[33.0897,47.1339],[33.0659,47.1286],[33.0429,47.1339],[33.0255,47.1104],[33.0339,47.0949],[33.0244,47.0843],[32.9939,47.0672],[32.9634,47.0618],[32.9506,47.048],[32.9324,47.0132],[32.9083,47.0042],[32.888,46.9688],[32.8875,46.95],[32.8965,46.942],[32.8881,46.9271],[32.8828,46.8686],[32.8741,46.8507],[32.8593,46.8493],[32.8542,46.8333],[32.8661,46.8062],[32.8673,46.788],[32.8424,46.7574],[32.8384,46.7424],[32.8494,46.7364],[32.8505,46.7239],[32.8292,46.6875],[32.8076,46.6964],[32.7939,46.6881],[32.7743,46.6869],[32.7407,46.7047],[32.7314,46.6964],[32.7125,46.7],[32.7048,46.7145],[32.7078,46.7354],[32.6924,46.766],[32.7105,46.7673],[32.7368,46.78],[32.7408,46.8033],[32.734,46.8051],[32.7244,46.8507],[32.7371,46.8899],[32.7295,46.9017],[32.7337,46.9157],[32.7452,46.9218],[32.7464,46.9632],[32.7365,46.9827],[32.7162,46.9854],[32.7006,46.9967],[32.7,47.0167],[32.709,47.0365],[32.7288,47.051],[32.7342,47.0619],[32.7533,47.0759],[32.759,47.0949],[32.7951,47.1093],[32.7966,47.1242],[32.8086,47.1259],[32.8132,47.1532],[32.8201,47.1551],[32.816,47.1755],[32.8205,47.1858],[32.7858,47.2205],[32.775,47.225],[32.7744,47.2522],[32.7672,47.2603],[32.7661,47.3007],[32.7756,47.3216],[32.7545,47.3559],[32.7496,47.3975],[32.7542,47.4021],[32.7295,47.4184],[32.7292,47.4292],[32.7022,47.441],[32.6841,47.4424],[32.6826,47.4532],[32.6625,47.4625],[32.659,47.4729],[32.6753,47.4992],[32.6414,47.5008],[32.6632,47.5418],[32.6548,47.5604],[32.6494,47.5897],[32.6257,47.6051],[32.6203,47.6238],[32.6297,47.6299],[32.6035,47.6574],[32.6,47.6667],[32.6047,47.6799],[32.5923,47.6884],[32.5925,47.7116],[32.6147,47.7172],[32.6333,47.7458],[32.634,47.7866],[32.6625,47.8083],[32.6871,47.8176],[32.6978,47.8328],[32.7158,47.834],[32.7369,47.8561],[32.7382,47.8657],[32.7566,47.867],[32.7708,47.8854],[32.7621,47.9184],[32.7795,47.96],[32.7795,47.985],[32.7545,48.0059],[32.7542,48.0542],[32.7583,48.075],[32.7917,48.0917],[32.7875,48.1042],[32.755,48.1175],[32.7494,48.1384],[32.7578,48.1478],[32.7589,48.1741],[32.7708,48.1875],[32.7538,48.2017],[32.767,48.2184],[32.7496,48.235],[32.7458,48.275],[32.7576,48.2802],[32.759,48.2992],[32.7867,48.3049],[32.8042,48.3167],[32.817,48.3434],[32.8007,48.3592],[32.7994,48.3714],[32.8187,48.3869],[32.8408,48.3882],[32.8375,48.4375],[32.8667,48.4458],[32.875,48.475],[32.8509,48.4884],[32.8491,48.4952],[32.7811,48.5006],[32.7663,48.5199],[32.7233,48.5621],[32.6858,48.5538],[32.6549,48.5759],[32.6494,48.5939],[32.6256,48.627],[32.6203,48.6647],[32.6118,48.6824],[32.601,48.6879],[32.5879,48.71],[32.5871,48.7358],[32.5642,48.7621],[32.5434,48.758],[32.5274,48.7462],[32.5017,48.7462],[32.4909,48.7574],[32.4583,48.7542],[32.4458,48.7292],[32.4187,48.7204],[32.4064,48.7089],[32.3792,48.7083],[32.375,48.725],[32.3507,48.7467],[32.3493,48.7574],[32.3318,48.7791],[32.3159,48.7744],[32.3074,48.7868],[32.2812,48.7796],[32.2583,48.7917],[32.2675,48.82]]]}},{"type":"Feature","properties":{"id":"225113","riverUk":"Дніпро","riverEn":"Dnipro","oblasts":["kherson"],"point":[33.4075,46.9625],"kakhovka":true},"geometry":{"type":"Polygon","coordinates":[[[33.8089,47.6009],[33.8008,47.6242],[33.8244,47.634],[33.833,47.6285],[33.8458,47.6375],[33.8691,47.633],[33.8983,47.6337],[33.9104,47.6458],[33.9267,47.6379],[33.9542,47.6375],[33.9545,47.6267],[33.9746,47.6066],[33.9754,47.5892],[33.9934,47.5795],[34.0283,47.5868],[34.0453,47.5438],[34.0369,47.5255],[34.0424,47.5008],[34.0578,47.5048],[34.0833,47.4958],[34.0744,47.4821],[34.0786,47.4478],[34.0708,47.4375],[34.0715,47.4133],[34.0958,47.4042],[34.1271,47.4048],[34.1479,47.416],[34.184,47.4074],[34.1789,47.3883],[34.2128,47.3869],[34.2187,47.391],[34.273,47.3881],[34.2819,47.3958],[34.2952,47.3813],[34.2966,47.3674],[34.3117,47.3659],[34.3136,47.3535],[34.3247,47.359],[34.3458,47.3167],[34.3875,47.3208],[34.4287,47.3282],[34.4394,47.313],[34.4532,47.3078],[34.4714,47.3112],[34.466,47.2844],[34.4551,47.2784],[34.4574,47.2631],[34.425,47.2542],[34.4411,47.2313],[34.4327,47.217],[34.4341,47.1966],[34.4479,47.1881],[34.473,47.1869],[34.4854,47.1756],[34.5073,47.1743],[34.5096,47.1666],[34.5504,47.1449],[34.5417,47.1333],[34.5201,47.1339],[34.4991,47.1214],[34.4792,47.1208],[34.4783,47.1368],[34.4465,47.13],[34.4408,47.1494],[34.4092,47.155],[34.3991,47.1701],[34.374,47.1827],[34.3299,47.1867],[34.3242,47.1632],[34.3042,47.1625],[34.2983,47.1705],[34.222,47.1711],[34.2157,47.1589],[34.1826,47.1578],[34.1616,47.1672],[34.1522,47.1589],[34.1208,47.15],[34.1159,47.1258],[34.0843,47.1201],[34.078,47.1043],[34.0588,47.1006],[34.013,47.0783],[34.0,47.0583],[34.0035,47.0259],[33.9491,46.9715],[33.9145,46.9619],[33.9022,46.9506],[33.8671,46.9324],[33.8616,46.9215],[33.8384,46.916],[33.8174,46.8951],[33.816,46.8812],[33.7917,46.8554],[33.7455,46.841],[33.7285,46.8465],[33.7,46.8167],[33.6708,46.8167],[33.6413,46.7975],[33.6455,46.7899],[33.6462,46.7559],[33.6629,46.7434],[33.6517,46.7288],[33.6316,46.7413],[33.6125,46.7458],[33.6075,46.7616],[33.5792,46.7667],[33.5779,46.7465],[33.5552,46.7452],[33.5405,46.7084],[33.5175,46.7035],[33.5159,46.6925],[33.4883,46.6868],[33.4798,46.6772],[33.4702,46.6437],[33.459,46.6271],[33.4576,46.6135],[33.4271,46.6006],[33.4091,46.5993],[33.4076,46.5841],[33.3844,46.5743],[33.3771,46.5631],[33.3465,46.5533],[33.3452,46.5342],[33.3382,46.5324],[33.3322,46.5122],[33.3167,46.5083],[33.316,46.4966],[33.2978,46.491],[33.259,46.4659],[33.2577,46.4384],[33.2343,46.4284],[33.2292,46.4167],[33.1811,46.4078],[33.1718,46.3994],[33.1603,46.4036],[33.1397,46.3839],[33.1147,46.3672],[33.0927,46.366],[33.0863,46.3536],[33.0674,46.3589],[33.0189,46.3536],[32.9853,46.3547],[32.9627,46.3613],[32.95,46.3458],[32.9333,46.3458],[32.9066,46.317],[32.8879,46.3066],[32.8657,46.3089],[32.8448,46.2798],[32.8073,46.2828],[32.7833,46.3],[32.7562,46.3006],[32.7368,46.3131],[32.7272,46.3048],[32.6968,46.2994],[32.6854,46.3131],[32.6662,46.3215],[32.6514,46.3077],[32.6547,46.3341],[32.6326,46.3464],[32.6146,46.3421],[32.6022,46.3536],[32.5717,46.3548],[32.5625,46.3833],[32.5827,46.3926],[32.5968,46.416],[32.6158,46.4173],[32.6517,46.4288],[32.6691,46.4295],[32.7108,46.4504],[32.7608,46.4462],[32.7767,46.458],[32.7899,46.4587],[32.8062,46.4702],[32.8198,46.4716],[32.8257,46.4831],[32.8202,46.4956],[32.8257,46.5206],[32.8206,46.5325],[32.8577,46.5342],[32.8589,46.5439],[32.8866,46.5657],[32.8675,46.5758],[32.8582,46.5946],[32.8709,46.6014],[32.8619,46.613],[32.8673,46.6255],[32.8615,46.6367],[32.8488,46.6291],[32.834,46.6478],[32.8375,46.6646],[32.8292,46.6875],[32.8505,46.7239],[32.8494,46.7364],[32.8384,46.7424],[32.8424,46.7574],[32.8673,46.788],[32.8661,46.8062],[32.8542,46.8333],[32.8593,46.8493],[32.8741,46.8507],[32.8828,46.8686],[32.8881,46.9271],[32.8965,46.942],[32.8875,46.95],[32.888,46.9688],[32.9083,47.0042],[32.9324,47.0132],[32.9506,47.048],[32.9634,47.0618],[32.9939,47.0672],[33.0244,47.0843],[33.0339,47.0949],[33.0255,47.1104],[33.0429,47.1339],[33.0659,47.1286],[33.0897,47.1339],[33.1353,47.1536],[33.1574,47.1589],[33.1728,47.1422],[33.1958,47.15],[33.2201,47.1451],[33.2208,47.1375],[33.2689,47.1505],[33.2936,47.1703],[33.3074,47.1758],[33.3046,47.1854],[33.3186,47.2078],[33.3399,47.2045],[33.3458,47.2167],[33.3816,47.2255],[33.3699,47.2492],[33.3519,47.2547],[33.3375,47.275],[33.3699,47.2882],[33.3756,47.3064],[33.3917,47.3167],[33.4064,47.3172],[33.4271,47.3287],[33.4488,47.3244],[33.4667,47.3667],[33.4792,47.3667],[33.4976,47.383],[33.5313,47.384],[33.5408,47.3885],[33.5372,47.4034],[33.5867,47.4052],[33.5923,47.4313],[33.6035,47.4437],[33.6091,47.4701],[33.6271,47.4715],[33.6517,47.4871],[33.6733,47.4879],[33.6851,47.4996],[33.7149,47.5045],[33.7441,47.517],[33.7551,47.5285],[33.7785,47.5342],[33.7875,47.5875],[33.8042,47.5792],[33.8,47.5917],[33.8089,47.6009]]]}},{"type":"Feature","properties":{"id":"225114","riverUk":null,"riverEn":null,"oblasts":["dnipropetrovsk"],"point":[33.9759,47.9708],"kakhovka":true},"geometry":{"type":"Polygon","coordinates":[[[34.0578,47.5048],[34.0424,47.5008],[34.0369,47.5255],[34.0453,47.5438],[34.0283,47.5868],[33.9934,47.5795],[33.9754,47.5892],[33.9746,47.6066],[33.9545,47.6267],[33.9542,47.6375],[33.9267,47.6379],[33.9104,47.6458],[33.8983,47.6337],[33.8691,47.633],[33.8458,47.6375],[33.833,47.6285],[33.8244,47.634],[33.8008,47.6242],[33.8089,47.6009],[33.8,47.5917],[33.7601,47.592],[33.7355,47.6078],[33.7217,47.609],[33.7076,47.6449],[33.6881,47.6645],[33.6917,47.6833],[33.6601,47.6837],[33.642,47.6975],[33.6257,47.7175],[33.6199,47.7407],[33.5937,47.7465],[33.5722,47.759],[33.5493,47.7327],[33.5299,47.7425],[33.5244,47.7813],[33.516,47.8147],[33.4897,47.8369],[33.4506,47.8467],[33.4494,47.8696],[33.4615,47.8754],[33.4744,47.8936],[33.4708,47.9333],[33.4801,47.941],[33.5042,47.9458],[33.5087,47.9559],[33.5007,47.97],[33.5509,48.0036],[33.5772,48.0047],[33.6158,48.0174],[33.6337,48.0267],[33.633,48.0434],[33.6475,48.0663],[33.6705,48.0809],[33.6792,48.1125],[33.6976,48.1205],[33.7491,48.1161],[33.7509,48.1089],[33.8116,48.1036],[33.8134,48.0965],[33.8583,48.0917],[33.8833,48.1104],[33.8833,48.1563],[33.8934,48.1663],[33.9243,48.1759],[33.925,48.1833],[33.9667,48.2],[33.9754,48.2199],[33.9993,48.2301],[34.0083,48.25],[34.0358,48.2504],[34.0496,48.26],[34.0504,48.2858],[34.058,48.2934],[34.0542,48.3104],[34.0625,48.3292],[34.0908,48.334],[34.0926,48.3413],[34.1228,48.3578],[34.148,48.3631],[34.1616,48.3717],[34.1908,48.4007],[34.1926,48.4077],[34.223,48.4131],[34.2333,48.4375],[34.247,48.4464],[34.2783,48.4452],[34.2798,48.4302],[34.2924,48.4134],[34.3203,48.3939],[34.3214,48.3509],[34.3619,48.3147],[34.3801,48.2882],[34.3875,48.2875],[34.3955,48.2691],[34.3911,48.2591],[34.4006,48.2382],[34.3797,48.198],[34.383,48.1809],[34.3712,48.1566],[34.3712,48.1267],[34.3795,48.1184],[34.3754,48.0892],[34.3795,48.085],[34.3712,48.0524],[34.3767,48.0337],[34.4208,48.0333],[34.4256,48.002],[34.4453,47.9772],[34.4465,47.9592],[34.4667,47.9417],[34.4983,47.9371],[34.5083,47.9125],[34.5233,47.9121],[34.5417,47.9],[34.5417,47.8729],[34.5316,47.8629],[34.5017,47.8538],[34.4774,47.8379],[34.4417,47.8292],[34.4241,47.7923],[34.4103,47.7911],[34.38,47.7783],[34.3605,47.7589],[34.3078,47.7405],[34.3131,47.7299],[34.3024,47.717],[34.2566,47.7163],[34.2483,47.7246],[34.2275,47.7254],[34.2188,47.7167],[34.1979,47.7202],[34.1882,47.7156],[34.1867,47.6966],[34.1623,47.6952],[34.1458,47.7],[34.1328,47.6716],[34.145,47.6616],[34.1536,47.6439],[34.1548,47.6177],[34.1703,47.6064],[34.175,47.5875],[34.1118,47.5922],[34.1006,47.5866],[34.0994,47.5701],[34.1078,47.5564],[34.1158,47.5174],[34.101,47.5121],[34.0833,47.4958],[34.0578,47.5048]]]}},{"type":"Feature","properties":{"id":"225115","riverUk":"Дніпро","riverEn":"Dnipro","oblasts":["zaporizhzhia","dnipropetrovsk"],"point":[34.5916,47.59],"kakhovka":true},"geometry":{"type":"Polygon","coordinates":[[[34.9379,48.035],[34.9601,48.017],[34.9871,48.0066],[34.9871,47.9601],[34.9621,47.9351],[34.9702,47.9092],[34.9506,47.898],[34.9494,47.876],[34.9298,47.8616],[34.9285,47.8467],[34.9167,47.8417],[34.9006,47.8147],[34.8993,47.801],[34.8757,47.7908],[34.875,47.7833],[34.8545,47.7601],[34.8691,47.7455],[34.8813,47.75],[34.9149,47.7496],[34.9324,47.7452],[34.9493,47.7244],[34.9792,47.7292],[34.9788,47.7142],[34.9587,47.7024],[34.9589,47.6842],[34.9745,47.6729],[34.9619,47.6593],[34.9631,47.6395],[34.9958,47.5958],[35.0078,47.5907],[35.0176,47.5756],[35.0375,47.5625],[35.0384,47.5548],[35.1033,47.5619],[35.1132,47.5426],[35.1284,47.5464],[35.1451,47.5411],[35.1604,47.5537],[35.1699,47.5453],[35.1907,47.5547],[35.2064,47.5464],[35.2176,47.566],[35.2299,47.5672],[35.2491,47.5575],[35.2552,47.5464],[35.2801,47.5453],[35.2978,47.5578],[35.3189,47.5589],[35.3396,47.5662],[35.3478,47.5589],[35.3716,47.5578],[35.3853,47.5661],[35.423,47.5672],[35.4603,47.5786],[35.4939,47.5797],[35.5061,47.5911],[35.5311,47.5994],[35.5882,47.5953],[35.6061,47.6036],[35.6399,47.608],[35.6583,47.5854],[35.6508,47.5586],[35.6701,47.5534],[35.6715,47.5145],[35.6801,47.501],[35.7036,47.495],[35.7208,47.4708],[35.7368,47.4658],[35.7382,47.4551],[35.7583,47.4417],[35.7343,47.4327],[35.7283,47.4217],[35.6772,47.4006],[35.6552,47.3993],[35.6447,47.3834],[35.6173,47.3605],[35.6159,47.3508],[35.6,47.3417],[35.5812,47.3375],[35.5566,47.3538],[35.5059,47.358],[35.4858,47.3504],[35.4316,47.3496],[35.3899,47.3663],[35.3478,47.3661],[35.3354,47.3588],[35.3159,47.3578],[35.2951,47.3672],[35.2826,47.3619],[35.2429,47.3797],[35.237,47.3646],[35.2115,47.3298],[35.2042,47.3292],[35.2048,47.3088],[35.1968,47.2794],[35.2128,47.2741],[35.2077,47.2562],[35.1917,47.2292],[35.1566,47.2212],[35.1191,47.2212],[35.1076,47.2256],[35.0939,47.2172],[35.0397,47.2089],[35.0034,47.2078],[34.9726,47.2121],[34.9566,47.1962],[34.9103,47.1911],[34.8691,47.1754],[34.7979,47.175],[34.7689,47.1631],[34.7436,47.1619],[34.7125,47.1542],[34.6934,47.158],[34.6781,47.1381],[34.6228,47.1369],[34.5699,47.1244],[34.5605,47.1328],[34.5417,47.1333],[34.5504,47.1449],[34.5096,47.1666],[34.5073,47.1743],[34.4854,47.1756],[34.473,47.1869],[34.4479,47.1881],[34.4341,47.1966],[34.4327,47.217],[34.4411,47.2313],[34.425,47.2542],[34.4574,47.2631],[34.4551,47.2784],[34.466,47.2844],[34.4714,47.3112],[34.4532,47.3078],[34.4394,47.313],[34.4287,47.3282],[34.3875,47.3208],[34.3458,47.3167],[34.3247,47.359],[34.3136,47.3535],[34.3117,47.3659],[34.2966,47.3674],[34.2952,47.3813],[34.2819,47.3958],[34.273,47.3881],[34.2187,47.391],[34.2128,47.3869],[34.1789,47.3883],[34.184,47.4074],[34.1479,47.416],[34.1271,47.4048],[34.0958,47.4042],[34.0715,47.4133],[34.0708,47.4375],[34.0786,47.4478],[34.0744,47.4821],[34.0833,47.4958],[34.101,47.5121],[34.1158,47.5174],[34.1078,47.5564],[34.0994,47.5701],[34.1006,47.5866],[34.1118,47.5922],[34.175,47.5875],[34.1703,47.6064],[34.1548,47.6177],[34.1536,47.6439],[34.145,47.6616],[34.1328,47.6716],[34.1458,47.7],[34.1623,47.6952],[34.1867,47.6966],[34.1882,47.7156],[34.1979,47.7202],[34.2188,47.7167],[34.2275,47.7254],[34.2483,47.7246],[34.2566,47.7163],[34.3024,47.717],[34.3131,47.7299],[34.3078,47.7405],[34.3605,47.7589],[34.38,47.7783],[34.4103,47.7911],[34.4241,47.7923],[34.4417,47.8292],[34.4774,47.8379],[34.5017,47.8538],[34.5316,47.8629],[34.5417,47.8729],[34.5417,47.9],[34.6024,47.9045],[34.6191,47.917],[34.6392,47.9413],[34.6542,47.9458],[34.6667,47.9625],[34.6858,47.9629],[34.6976,47.9746],[34.7559,47.9913],[34.7858,47.992],[34.8158,48.005],[34.8175,48.0116],[34.8561,48.0328],[34.8941,48.0379],[34.9051,48.0493],[34.9292,48.0542],[34.9379,48.035]]]}},{"type":"Feature","properties":{"id":"225116","riverUk":null,"riverEn":null,"oblasts":["zaporizhzhia"],"point":[35.9845,47.5539],"kakhovka":true},"geometry":{"type":"Polygon","coordinates":[[[35.7382,47.4551],[35.7368,47.4658],[35.7208,47.4708],[35.7036,47.495],[35.6801,47.501],[35.6715,47.5145],[35.6701,47.5534],[35.6508,47.5586],[35.6583,47.5854],[35.6399,47.608],[35.6061,47.6036],[35.5882,47.5953],[35.5311,47.5994],[35.5061,47.5911],[35.4939,47.5797],[35.4603,47.5786],[35.423,47.5672],[35.3853,47.5661],[35.3716,47.5578],[35.3478,47.5589],[35.3396,47.5662],[35.3189,47.5589],[35.2978,47.5578],[35.2801,47.5453],[35.2552,47.5464],[35.2491,47.5575],[35.2299,47.5672],[35.2176,47.566],[35.2064,47.5464],[35.1907,47.5547],[35.1699,47.5453],[35.1604,47.5537],[35.1451,47.5411],[35.1284,47.5464],[35.1132,47.5426],[35.1033,47.5619],[35.0384,47.5548],[35.0375,47.5625],[35.0467,47.5741],[35.1024,47.5879],[35.1101,47.5955],[35.1282,47.5964],[35.1342,47.6077],[35.1699,47.6132],[35.1757,47.6283],[35.1868,47.6339],[35.211,47.6292],[35.2203,47.6395],[35.2215,47.6574],[35.2395,47.6703],[35.2647,47.6714],[35.2897,47.6839],[35.3061,47.6994],[35.3744,47.7301],[35.375,47.7583],[35.3899,47.7629],[35.4726,47.7754],[35.4788,47.7809],[35.4792,47.8167],[35.498,47.8172],[35.5103,47.8286],[35.5283,47.8298],[35.5375,47.8417],[35.5716,47.8464],[35.5991,47.8368],[35.6043,47.8262],[35.6353,47.8328],[35.6814,47.8339],[35.6958,47.8458],[35.7125,47.85],[35.7366,47.845],[35.7333,47.8125],[35.7784,47.7869],[35.8076,47.7922],[35.8417,47.775],[35.8382,47.755],[35.87,47.7366],[35.8716,47.7216],[35.9117,47.7159],[35.9167,47.6958],[35.9326,47.6907],[35.9341,47.6799],[35.9625,47.6708],[35.9858,47.6705],[36.0267,47.6545],[36.0855,47.6547],[36.1208,47.6667],[36.1437,47.6548],[36.1742,47.6492],[36.1801,47.6299],[36.2062,47.6173],[36.2208,47.6167],[36.2436,47.6006],[36.2657,47.5951],[36.2759,47.5717],[36.2949,47.566],[36.3093,47.5423],[36.3358,47.5413],[36.3538,47.5191],[36.3625,47.4958],[36.3983,47.4955],[36.4399,47.483],[36.4601,47.467],[36.4788,47.4657],[36.5036,47.4314],[36.517,47.3934],[36.5267,47.3837],[36.5642,47.3629],[36.5792,47.3583],[36.5917,47.3292],[36.577,47.3286],[36.5507,47.3074],[36.5453,47.2853],[36.5365,47.2756],[36.4978,47.2661],[36.4799,47.2578],[36.4605,47.2661],[36.4333,47.2667],[36.3978,47.2714],[36.3759,47.2783],[36.37,47.2634],[36.3407,47.2994],[36.2701,47.2994],[36.2522,47.3119],[36.2395,47.3131],[36.2022,47.3328],[36.1728,47.3339],[36.1292,47.3458],[36.1149,47.3337],[36.0892,47.3379],[36.0733,47.3455],[36.04,47.3504],[36.0048,47.3676],[36.0035,47.3909],[35.937,47.4131],[35.9162,47.4035],[35.8909,47.409],[35.8687,47.3964],[35.8423,47.4176],[35.8375,47.4333],[35.7983,47.4288],[35.7583,47.4417],[35.7382,47.4551]]]}},{"type":"Feature","properties":{"id":"225117","riverUk":"Дніпро","riverEn":"Dnipro","oblasts":["zaporizhzhia","dnipropetrovsk"],"point":[35.2458,47.9687],"kakhovka":true},"geometry":{"type":"Polygon","coordinates":[[[35.1729,48.3083],[35.1976,48.3205],[35.2191,48.3254],[35.2333,48.3208],[35.2506,48.3466],[35.2453,48.3613],[35.2591,48.3672],[35.2939,48.3672],[35.3,48.375],[35.3566,48.3746],[35.3809,48.3629],[35.3941,48.3621],[35.4559,48.342],[35.4917,48.3417],[35.5191,48.3371],[35.5333,48.3292],[35.52,48.3009],[35.4967,48.2908],[35.4833,48.2708],[35.4837,48.2434],[35.492,48.2225],[35.4871,48.2059],[35.4967,48.1384],[35.5186,48.1172],[35.5625,48.1125],[35.5667,48.0833],[35.5441,48.0712],[35.5204,48.0756],[35.5008,48.0701],[35.4992,48.0593],[35.4842,48.0495],[35.4797,48.0353],[35.4881,48.0259],[35.4754,47.9968],[35.4908,47.9908],[35.4964,47.977],[35.5167,47.9583],[35.5563,47.9667],[35.5726,47.9788],[35.6,47.9792],[35.6089,47.9593],[35.6042,47.9473],[35.6461,47.9239],[35.6429,47.9127],[35.6621,47.9032],[35.663,47.8896],[35.677,47.8714],[35.6866,47.8701],[35.7125,47.85],[35.6958,47.8458],[35.6814,47.8339],[35.6353,47.8328],[35.6043,47.8262],[35.5991,47.8368],[35.5716,47.8464],[35.5375,47.8417],[35.5283,47.8298],[35.5103,47.8286],[35.498,47.8172],[35.4792,47.8167],[35.4788,47.7809],[35.4726,47.7754],[35.3899,47.7629],[35.375,47.7583],[35.3744,47.7301],[35.3061,47.6994],[35.2897,47.6839],[35.2647,47.6714],[35.2395,47.6703],[35.2215,47.6574],[35.2203,47.6395],[35.211,47.6292],[35.1868,47.6339],[35.1757,47.6283],[35.1699,47.6132],[35.1342,47.6077],[35.1282,47.5964],[35.1101,47.5955],[35.1024,47.5879],[35.0467,47.5741],[35.0375,47.5625],[35.0176,47.5756],[35.0078,47.5907],[34.9958,47.5958],[34.9631,47.6395],[34.9619,47.6593],[34.9745,47.6729],[34.9589,47.6842],[34.9587,47.7024],[34.9788,47.7142],[34.9792,47.7292],[34.9493,47.7244],[34.9324,47.7452],[34.9149,47.7496],[34.8813,47.75],[34.8691,47.7455],[34.8545,47.7601],[34.875,47.7833],[34.8757,47.7908],[34.8993,47.801],[34.9006,47.8147],[34.9167,47.8417],[34.9285,47.8467],[34.9298,47.8616],[34.9494,47.876],[34.9506,47.898],[34.9702,47.9092],[34.9621,47.9351],[34.9871,47.9601],[34.9871,48.0066],[34.9601,48.017],[34.9379,48.035],[34.9292,48.0542],[34.9337,48.1017],[34.9205,48.1225],[34.9309,48.133],[34.9583,48.1458],[34.9587,48.1649],[34.9785,48.1926],[34.9792,48.2042],[35.0066,48.217],[35.0316,48.2038],[35.0774,48.2045],[35.0958,48.2083],[35.0879,48.2267],[35.0917,48.25],[35.0828,48.2576],[35.0925,48.2825],[35.1496,48.2975],[35.1542,48.325],[35.1729,48.3083]]]}},{"type":"Feature","properties":{"id":"225118","riverUk":null,"riverEn":null,"oblasts":["dnipropetrovsk"],"point":[34.7438,48.2325],"kakhovka":false},"geometry":{"type":"Polygon","coordinates":[[[34.5233,47.9121],[34.5083,47.9125],[34.4983,47.9371],[34.4667,47.9417],[34.4465,47.9592],[34.4453,47.9772],[34.4256,48.002],[34.4208,48.0333],[34.3767,48.0337],[34.3712,48.0524],[34.3795,48.085],[34.3754,48.0892],[34.3795,48.1184],[34.3712,48.1267],[34.3712,48.1566],[34.383,48.1809],[34.3797,48.198],[34.4006,48.2382],[34.3911,48.2591],[34.3955,48.2691],[34.3875,48.2875],[34.3801,48.2882],[34.3619,48.3147],[34.3214,48.3509],[34.3203,48.3939],[34.2924,48.4134],[34.2798,48.4302],[34.2783,48.4452],[34.247,48.4464],[34.2333,48.4375],[34.2134,48.4465],[34.2083,48.4667],[34.2455,48.485],[34.2468,48.5038],[34.2575,48.5092],[34.2717,48.5368],[34.2865,48.5382],[34.2926,48.5494],[34.3449,48.5548],[34.347,48.5631],[34.375,48.5542],[34.3816,48.5455],[34.4125,48.5542],[34.4186,48.5464],[34.4701,48.5199],[34.4715,48.5092],[34.4853,48.4964],[34.5191,48.4962],[34.5267,48.5038],[34.5483,48.5038],[34.5608,48.4913],[34.5792,48.4958],[34.6105,48.4953],[34.6342,48.4756],[34.6617,48.4718],[34.6686,48.4828],[34.6875,48.4833],[34.6936,48.4756],[34.7325,48.4616],[34.7382,48.4426],[34.77,48.4366],[34.8188,48.4381],[34.8325,48.4506],[34.8412,48.4452],[34.862,48.4506],[34.8758,48.434],[34.9033,48.4382],[34.9118,48.4506],[34.9358,48.4455],[34.9483,48.4371],[34.9899,48.4371],[34.9976,48.4295],[35.0208,48.425],[35.0478,48.3922],[35.0619,48.3866],[35.0811,48.3672],[35.1158,48.3616],[35.1217,48.3465],[35.1314,48.3453],[35.1542,48.325],[35.1496,48.2975],[35.0925,48.2825],[35.0828,48.2576],[35.0917,48.25],[35.0879,48.2267],[35.0958,48.2083],[35.0774,48.2045],[35.0316,48.2038],[35.0066,48.217],[34.9792,48.2042],[34.9785,48.1926],[34.9587,48.1649],[34.9583,48.1458],[34.9309,48.133],[34.9205,48.1225],[34.9337,48.1017],[34.9292,48.0542],[34.9051,48.0493],[34.8941,48.0379],[34.8561,48.0328],[34.8175,48.0116],[34.8158,48.005],[34.7858,47.992],[34.7559,47.9913],[34.6976,47.9746],[34.6858,47.9629],[34.6667,47.9625],[34.6542,47.9458],[34.6392,47.9413],[34.6191,47.917],[34.6024,47.9045],[34.5417,47.9],[34.5233,47.9121]]]}},{"type":"Feature","properties":{"id":"225120","riverUk":"Дніпро","riverEn":"Dnipro","oblasts":["dnipropetrovsk","donetsk","zaporizhzhia","kharkiv"],"point":[36.6054,48.1625],"kakhovka":false},"geometry":{"type":"Polygon","coordinates":[[[36.2351,48.9129],[36.2566,48.9038],[36.2826,48.8828],[36.2993,48.8881],[36.3272,48.8828],[36.3561,48.8631],[36.3784,48.8536],[36.3929,48.8631],[36.4868,48.8619],[36.4993,48.8672],[36.5229,48.8662],[36.5616,48.8577],[36.5728,48.8422],[36.5824,48.841],[36.6042,48.8167],[36.623,48.8203],[36.6324,48.8119],[36.6451,48.8176],[36.6465,48.8283],[36.6625,48.8333],[36.7093,48.8079],[36.7157,48.813],[36.7417,48.8083],[36.7517,48.7962],[36.7691,48.7962],[36.7775,48.8045],[36.8316,48.7996],[36.8381,48.776],[36.8701,48.7703],[36.8784,48.7756],[36.9034,48.7703],[36.9355,48.7703],[36.9699,48.7576],[36.9875,48.7333],[37.0228,48.7172],[37.0564,48.7161],[37.0936,48.6964],[37.1333,48.6958],[37.1645,48.6797],[37.1833,48.6792],[37.1953,48.6522],[37.1965,48.6342],[37.2328,48.6074],[37.2417,48.5958],[37.2258,48.5952],[37.2159,48.5591],[37.1812,48.5494],[37.1504,48.5233],[37.1592,48.5007],[37.173,48.4994],[37.1978,48.4797],[37.2189,48.4786],[37.2458,48.4625],[37.2538,48.4524],[37.2417,48.4458],[37.2413,48.435],[37.225,48.4292],[37.2213,48.4188],[37.2339,48.4071],[37.2089,48.3908],[37.2108,48.3622],[37.1869,48.3532],[37.1881,48.3312],[37.2038,48.3191],[37.2,48.2917],[37.2396,48.2796],[37.2575,48.2783],[37.2635,48.2629],[37.2875,48.2583],[37.3036,48.2397],[37.3048,48.2259],[37.3413,48.2074],[37.3577,48.1908],[37.3583,48.1792],[37.3958,48.1667],[37.4047,48.1897],[37.4395,48.2203],[37.4616,48.2215],[37.4674,48.2408],[37.4967,48.2577],[37.5216,48.2631],[37.5341,48.2578],[37.5458,48.2667],[37.5726,48.2587],[37.5917,48.2583],[37.6145,48.2422],[37.6355,48.2411],[37.6467,48.2298],[37.7,48.2167],[37.7006,48.202],[37.7175,48.1587],[37.7548,48.1448],[37.75,48.1167],[37.7875,48.1042],[37.7917,48.0854],[37.7411,48.0382],[37.7458,48.0265],[37.7129,47.9983],[37.7083,47.9833],[37.6882,47.9784],[37.6868,47.951],[37.6785,47.9408],[37.6797,47.9061],[37.6911,47.8939],[37.6792,47.8833],[37.675,47.8542],[37.6616,47.8384],[37.6424,47.8282],[37.6411,47.8186],[37.6208,47.7958],[37.5976,47.7913],[37.5899,47.7837],[37.5559,47.783],[37.5333,47.775],[37.5134,47.7575],[37.5033,47.7384],[37.4922,47.7314],[37.4869,47.6885],[37.475,47.6792],[37.4756,47.6645],[37.4917,47.6417],[37.4842,47.6009],[37.5051,47.5882],[37.5121,47.5767],[37.4917,47.55],[37.4353,47.5494],[37.4285,47.5259],[37.4173,47.5199],[37.4077,47.4717],[37.3774,47.4587],[37.3476,47.4587],[37.2792,47.475],[37.2674,47.4661],[37.2341,47.4714],[37.1353,47.4703],[37.1259,47.4658],[37.1212,47.4351],[37.1288,47.4226],[37.117,47.4108],[37.1083,47.3833],[37.0603,47.3744],[37.0283,47.3506],[36.9718,47.3494],[36.9517,47.3462],[36.8917,47.3625],[36.8478,47.3578],[36.8009,47.3408],[36.7991,47.3342],[36.7772,47.3256],[36.7451,47.3244],[36.6841,47.3381],[36.6714,47.3272],[36.675,47.3042],[36.602,47.3214],[36.5917,47.3292],[36.5792,47.3583],[36.5642,47.3629],[36.5267,47.3837],[36.517,47.3934],[36.5036,47.4314],[36.4788,47.4657],[36.4601,47.467],[36.4399,47.483],[36.3983,47.4955],[36.3625,47.4958],[36.3538,47.5191],[36.3358,47.5413],[36.3093,47.5423],[36.2949,47.566],[36.2759,47.5717],[36.2657,47.5951],[36.2436,47.6006],[36.2208,47.6167],[36.2062,47.6173],[36.1801,47.6299],[36.1742,47.6492],[36.1437,47.6548],[36.1208,47.6667],[36.0855,47.6547],[36.0267,47.6545],[35.9858,47.6705],[35.9625,47.6708],[35.9341,47.6799],[35.9326,47.6907],[35.9167,47.6958],[35.9117,47.7159],[35.8716,47.7216],[35.87,47.7366],[35.8382,47.755],[35.8417,47.775],[35.8076,47.7922],[35.7784,47.7869],[35.7333,47.8125],[35.7366,47.845],[35.7125,47.85],[35.6866,47.8701],[35.677,47.8714],[35.663,47.8896],[35.6621,47.9032],[35.6429,47.9127],[35.6461,47.9239],[35.6042,47.9473],[35.6089,47.9593],[35.6,47.9792],[35.5726,47.9788],[35.5563,47.9667],[35.5167,47.9583],[35.4964,47.977],[35.4908,47.9908],[35.4754,47.9968],[35.4881,48.0259],[35.4797,48.0353],[35.4842,48.0495],[35.4992,48.0593],[35.5008,48.0701],[35.5204,48.0756],[35.5441,48.0712],[35.5667,48.0833],[35.5625,48.1125],[35.5186,48.1172],[35.4967,48.1384],[35.4871,48.2059],[35.492,48.2225],[35.4837,48.2434],[35.4833,48.2708],[35.4967,48.2908],[35.52,48.3009],[35.5333,48.3292],[35.5191,48.3371],[35.4917,48.3417],[35.4559,48.342],[35.3941,48.3621],[35.3809,48.3629],[35.3566,48.3746],[35.3,48.375],[35.2939,48.3672],[35.2591,48.3672],[35.2453,48.3613],[35.2506,48.3466],[35.2333,48.3208],[35.2191,48.3254],[35.1976,48.3205],[35.1729,48.3083],[35.1542,48.325],[35.1314,48.3453],[35.1217,48.3465],[35.1158,48.3616],[35.0811,48.3672],[35.0619,48.3866],[35.0478,48.3922],[35.0208,48.425],[35.0399,48.4295],[35.0525,48.442],[35.0809,48.4295],[35.1,48.4292],[35.1004,48.4483],[35.108,48.4559],[35.1042,48.4958],[35.0908,48.5075],[35.0679,48.5166],[35.0656,48.5243],[35.0229,48.5298],[34.952,48.5673],[34.9382,48.5868],[34.9576,48.5882],[34.959,48.6027],[34.9355,48.616],[34.8583,48.6167],[34.8423,48.6302],[34.8411,48.648],[34.8022,48.6744],[34.7708,48.675],[34.75,48.6833],[34.7413,48.7032],[34.7583,48.7083],[34.7634,48.72],[34.7909,48.7339],[34.8022,48.7328],[34.852,48.7131],[34.8733,48.7129],[34.8837,48.7358],[34.8958,48.7479],[34.8869,48.7704],[34.8883,48.7825],[34.9077,48.7978],[34.9091,48.8117],[34.9202,48.8133],[34.9327,48.827],[34.9327,48.8454],[34.951,48.8659],[34.9784,48.8716],[34.9843,48.8824],[35.002,48.891],[35.0203,48.9103],[35.0214,48.9314],[35.0286,48.9395],[35.0297,48.9591],[35.0164,48.9761],[35.0303,49.0086],[35.0451,48.9994],[35.0689,49.0006],[35.077,49.0078],[35.1066,49.0087],[35.1399,49.0205],[35.1642,49.0004],[35.1958,48.9958],[35.1869,48.9716],[35.1978,48.9589],[35.223,48.9578],[35.2384,48.9425],[35.273,48.9328],[35.3853,48.8756],[35.3949,48.8743],[35.4042,48.8583],[35.4292,48.8583],[35.4351,48.8504],[35.4616,48.8493],[35.4634,48.8423],[35.4824,48.841],[35.4884,48.8259],[35.5167,48.8208],[35.5226,48.8129],[35.5649,48.8038],[35.5767,48.792],[35.6059,48.7795],[35.6295,48.7775],[35.6476,48.7913],[35.7,48.7958],[35.7131,48.8314],[35.7327,48.8468],[35.7333,48.875],[35.7814,48.8703],[35.8284,48.8453],[35.8983,48.8462],[35.9267,48.858],[35.9601,48.8663],[36.0108,48.867],[36.0358,48.8712],[36.0674,48.8839],[36.1064,48.8839],[36.1186,48.8953],[36.1324,48.8965],[36.1384,48.9118],[36.148,48.9131],[36.165,48.9295],[36.225,48.925],[36.2351,48.9129]]]}},{"type":"Feature","properties":{"id":"225130","riverUk":"Дніпро","riverEn":"Dnipro","oblasts":["kharkiv","dnipropetrovsk","poltava"],"point":[35.3072,49.1087],"kakhovka":false},"geometry":{"type":"Polygon","coordinates":[[[34.2022,48.4703],[34.1646,48.4704],[34.1368,48.4661],[34.1114,48.4753],[34.098,48.4672],[34.077,48.4661],[34.0493,48.4536],[34.0217,48.4592],[34.013,48.4771],[34.0172,48.4905],[33.9674,48.5218],[33.9583,48.5375],[33.9333,48.5333],[33.925,48.5417],[33.9336,48.553],[33.9216,48.5592],[33.9188,48.5923],[33.9409,48.605],[33.9466,48.6323],[33.9689,48.6381],[33.9759,48.6494],[33.9939,48.6506],[34.0075,48.6634],[33.9869,48.6861],[33.9949,48.6884],[34.0048,48.7157],[33.9912,48.7176],[34.0119,48.7437],[34.0214,48.7966],[34.0161,48.8093],[34.0328,48.827],[34.0333,48.8458],[34.0425,48.8382],[34.0772,48.8422],[34.0978,48.8494],[34.1367,48.8507],[34.1451,48.8635],[34.1508,48.9118],[34.1747,48.9173],[34.2156,48.9132],[34.2247,48.9256],[34.2409,48.9216],[34.2425,48.9372],[34.2573,48.9425],[34.2619,48.9616],[34.2342,48.9673],[34.2325,48.9741],[34.1994,49.0007],[34.2042,49.0208],[34.2246,49.035],[34.233,49.0601],[34.2288,49.0975],[34.2333,49.1083],[34.2715,49.0952],[34.3032,49.117],[34.2998,49.1325],[34.3188,49.134],[34.3326,49.1466],[34.3345,49.1922],[34.3698,49.1911],[34.3833,49.1792],[34.3883,49.1909],[34.4034,49.1924],[34.405,49.2034],[34.4283,49.2173],[34.4458,49.2417],[34.4812,49.2619],[34.5204,49.2756],[34.5409,49.2716],[34.5534,49.2923],[34.5662,49.2869],[34.5897,49.2923],[34.6108,49.3038],[34.6316,49.2913],[34.6562,49.2958],[34.6851,49.2712],[34.7075,49.2592],[34.7175,49.2866],[34.7326,49.2926],[34.734,49.3032],[34.7686,49.3328],[34.7936,49.3411],[34.8167,49.3417],[34.8259,49.3575],[34.8449,49.3715],[34.8547,49.3946],[34.8462,49.4017],[34.8509,49.416],[34.8741,49.4215],[34.8826,49.4297],[34.9158,49.4286],[34.9262,49.4036],[34.9368,49.4089],[34.9689,49.4078],[34.9823,49.3953],[35.0189,49.3964],[35.0576,49.4131],[35.0728,49.4089],[35.1083,49.4083],[35.1288,49.4392],[35.1413,49.4684],[35.142,49.4899],[35.158,49.5184],[35.1542,49.5458],[35.1699,49.5546],[35.1796,49.574],[35.2042,49.5932],[35.2006,49.6147],[35.2131,49.6283],[35.2353,49.6411],[35.2738,49.6369],[35.2792,49.6542],[35.3024,49.6545],[35.3229,49.6708],[35.3476,49.6629],[35.3941,49.6587],[35.4187,49.6708],[35.4358,49.667],[35.45,49.675],[35.4506,49.6939],[35.4712,49.7358],[35.4911,49.7676],[35.4926,49.7911],[35.5125,49.7917],[35.527,49.7797],[35.5772,49.7744],[35.5853,49.7672],[35.625,49.7625],[35.6476,49.7337],[35.6684,49.7254],[35.6958,49.7208],[35.7119,49.7022],[35.7131,49.6811],[35.7259,49.655],[35.7327,49.6533],[35.7295,49.6059],[35.7395,49.5964],[35.7939,49.5911],[35.8228,49.5714],[35.8355,49.5703],[35.8534,49.5578],[35.8618,49.5631],[35.8881,49.5563],[35.8967,49.566],[35.9438,49.5673],[35.9576,49.5716],[35.959,49.5897],[35.9715,49.5986],[35.9675,49.6116],[35.9868,49.6214],[36.0858,49.6212],[36.0934,49.6288],[36.1274,49.6295],[36.1417,49.6375],[36.1509,49.6002],[36.1688,49.5923],[36.1797,49.5799],[36.1786,49.5603],[36.1703,49.5382],[36.1741,49.5175],[36.1574,49.5007],[36.1467,49.4993],[36.1292,49.4667],[36.1298,49.4551],[36.1458,49.4375],[36.1949,49.4369],[36.2009,49.4217],[36.2161,49.4105],[36.2208,49.3917],[36.2091,49.3909],[36.2079,49.3764],[36.2312,49.3548],[36.2492,49.3534],[36.2718,49.3135],[36.2806,49.3035],[36.2955,49.309],[36.317,49.285],[36.3083,49.2646],[36.317,49.2559],[36.3121,49.2434],[36.3241,49.2325],[36.3122,49.205],[36.3008,49.2034],[36.2869,49.1787],[36.3048,49.155],[36.3159,49.1534],[36.316,49.1204],[36.3244,49.1063],[36.3298,49.0787],[36.3244,49.0662],[36.3327,49.0522],[36.325,49.0125],[36.2965,48.9866],[36.2908,48.9673],[36.2509,48.9618],[36.2299,48.9407],[36.225,48.925],[36.165,48.9295],[36.148,48.9131],[36.1384,48.9118],[36.1324,48.8965],[36.1186,48.8953],[36.1064,48.8839],[36.0674,48.8839],[36.0358,48.8712],[36.0108,48.867],[35.9601,48.8663],[35.9267,48.858],[35.8983,48.8462],[35.8284,48.8453],[35.7814,48.8703],[35.7333,48.875],[35.7327,48.8468],[35.7131,48.8314],[35.7,48.7958],[35.6476,48.7913],[35.6295,48.7775],[35.6059,48.7795],[35.5767,48.792],[35.5649,48.8038],[35.5226,48.8129],[35.5167,48.8208],[35.4884,48.8259],[35.4824,48.841],[35.4634,48.8423],[35.4616,48.8493],[35.4351,48.8504],[35.4292,48.8583],[35.4042,48.8583],[35.3949,48.8743],[35.3853,48.8756],[35.273,48.9328],[35.2384,48.9425],[35.223,48.9578],[35.1978,48.9589],[35.1869,48.9716],[35.1958,48.9958],[35.1642,49.0004],[35.1399,49.0205],[35.1066,49.0087],[35.077,49.0078],[35.0689,49.0006],[35.0451,48.9994],[35.0303,49.0086],[35.0164,48.9761],[35.0297,48.9591],[35.0286,48.9395],[35.0214,48.9314],[35.0203,48.9103],[35.002,48.891],[34.9843,48.8824],[34.9784,48.8716],[34.951,48.8659],[34.9327,48.8454],[34.9327,48.827],[34.9202,48.8133],[34.9091,48.8117],[34.9077,48.7978],[34.8883,48.7825],[34.8869,48.7704],[34.8958,48.7479],[34.8837,48.7358],[34.8733,48.7129],[34.852,48.7131],[34.8022,48.7328],[34.7909,48.7339],[34.7634,48.72],[34.7583,48.7083],[34.7413,48.7032],[34.75,48.6833],[34.7708,48.675],[34.8022,48.6744],[34.8411,48.648],[34.8423,48.6302],[34.8583,48.6167],[34.9355,48.616],[34.959,48.6027],[34.9576,48.5882],[34.9382,48.5868],[34.952,48.5673],[35.0229,48.5298],[35.0656,48.5243],[35.0679,48.5166],[35.0908,48.5075],[35.1042,48.4958],[35.108,48.4559],[35.1004,48.4483],[35.1,48.4292],[35.0809,48.4295],[35.0525,48.442],[35.0399,48.4295],[35.0208,48.425],[34.9976,48.4295],[34.9899,48.4371],[34.9483,48.4371],[34.9358,48.4455],[34.9118,48.4506],[34.9033,48.4382],[34.8758,48.434],[34.862,48.4506],[34.8412,48.4452],[34.8325,48.4506],[34.8188,48.4381],[34.77,48.4366],[34.7382,48.4426],[34.7325,48.4616],[34.6936,48.4756],[34.6875,48.4833],[34.6686,48.4828],[34.6617,48.4718],[34.6342,48.4756],[34.6105,48.4953],[34.5792,48.4958],[34.5608,48.4913],[34.5483,48.5038],[34.5267,48.5038],[34.5191,48.4962],[34.4853,48.4964],[34.4715,48.5092],[34.4701,48.5199],[34.4186,48.5464],[34.4125,48.5542],[34.3816,48.5455],[34.375,48.5542],[34.347,48.5631],[34.3449,48.5548],[34.2926,48.5494],[34.2865,48.5382],[34.2717,48.5368],[34.2575,48.5092],[34.2468,48.5038],[34.2455,48.485],[34.2083,48.4667],[34.2022,48.4703]]]}},{"type":"Feature","properties":{"id":"225140","riverUk":null,"riverEn":null,"oblasts":["poltava","kharkiv","sumy"],"point":[35.0149,49.7914],"kakhovka":false},"geometry":{"type":"Polygon","coordinates":[[[35.4926,49.7911],[35.4911,49.7676],[35.4712,49.7358],[35.4506,49.6939],[35.45,49.675],[35.4358,49.667],[35.4187,49.6708],[35.3941,49.6587],[35.3476,49.6629],[35.3229,49.6708],[35.3024,49.6545],[35.2792,49.6542],[35.2738,49.6369],[35.2353,49.6411],[35.2131,49.6283],[35.2006,49.6147],[35.2042,49.5932],[35.1796,49.574],[35.1699,49.5546],[35.1542,49.5458],[35.158,49.5184],[35.142,49.4899],[35.1413,49.4684],[35.1288,49.4392],[35.1083,49.4083],[35.0728,49.4089],[35.0576,49.4131],[35.0189,49.3964],[34.9823,49.3953],[34.9689,49.4078],[34.9368,49.4089],[34.9262,49.4036],[34.9158,49.4286],[34.8826,49.4297],[34.8741,49.4215],[34.8509,49.416],[34.8462,49.4017],[34.8547,49.3946],[34.8449,49.3715],[34.8259,49.3575],[34.8167,49.3417],[34.7936,49.3411],[34.7686,49.3328],[34.734,49.3032],[34.7326,49.2926],[34.7175,49.2866],[34.7075,49.2592],[34.6851,49.2712],[34.6562,49.2958],[34.6316,49.2913],[34.6108,49.3038],[34.5897,49.2923],[34.5662,49.2869],[34.5534,49.2923],[34.5409,49.2716],[34.5204,49.2756],[34.4812,49.2619],[34.4458,49.2417],[34.4283,49.2173],[34.405,49.2034],[34.4034,49.1924],[34.3883,49.1909],[34.3833,49.1792],[34.3698,49.1911],[34.3345,49.1922],[34.3326,49.1466],[34.3188,49.134],[34.2998,49.1325],[34.3032,49.117],[34.2715,49.0952],[34.2333,49.1083],[34.2288,49.0975],[34.233,49.0601],[34.2246,49.035],[34.2042,49.0208],[34.1994,49.0007],[34.2325,48.9741],[34.2342,48.9673],[34.2619,48.9616],[34.2573,48.9425],[34.2425,48.9372],[34.2409,48.9216],[34.2247,48.9256],[34.2156,48.9132],[34.1747,48.9173],[34.1508,48.9118],[34.1451,48.8635],[34.1367,48.8507],[34.0978,48.8494],[34.0772,48.8422],[34.0425,48.8382],[34.0333,48.8458],[34.0215,48.8591],[34.0202,48.8813],[34.0035,48.9005],[34.0074,48.9119],[33.9895,48.9131],[33.9756,48.9217],[33.9744,48.9439],[33.9397,48.9744],[33.9064,48.9994],[33.8814,49.0119],[33.8625,49.0125],[33.8583,49.0417],[33.9046,49.0465],[33.9278,49.0292],[33.9303,49.0216],[33.9521,49.0202],[33.9796,49.0035],[33.9923,49.0168],[33.9831,49.0409],[34.0229,49.0423],[34.0203,49.0799],[34.0329,49.0979],[34.025,49.1083],[34.0101,49.1087],[33.9941,49.1288],[33.9358,49.1538],[33.9142,49.1545],[33.8875,49.1667],[33.903,49.2214],[33.9091,49.2119],[33.9411,49.2302],[33.9464,49.2594],[33.9383,49.2785],[33.9646,49.2798],[33.975,49.2875],[33.9702,49.3027],[33.9798,49.3131],[33.9702,49.3324],[33.9867,49.3341],[33.9883,49.3492],[34.0155,49.3626],[34.0298,49.3795],[34.025,49.4042],[34.0384,49.4119],[34.0825,49.409],[34.0928,49.429],[34.1117,49.4341],[34.113,49.4426],[34.0952,49.4659],[34.0967,49.4743],[34.125,49.475],[34.1299,49.5034],[34.1583,49.5042],[34.1536,49.5259],[34.1593,49.5327],[34.198,49.5339],[34.2146,49.5296],[34.2451,49.5467],[34.2589,49.5799],[34.2494,49.5968],[34.2592,49.6118],[34.2699,49.6132],[34.263,49.6396],[34.2619,49.6658],[34.2536,49.6802],[34.2718,49.7035],[34.2934,49.7121],[34.3108,49.7129],[34.3229,49.7208],[34.3358,49.7121],[34.3875,49.7167],[34.4101,49.7288],[34.424,49.7298],[34.4301,49.7451],[34.4497,49.7511],[34.4593,49.7659],[34.4728,49.7702],[34.5073,49.7715],[34.5249,49.7845],[34.525,49.7945],[34.545,49.8007],[34.5466,49.8118],[34.5583,49.8125],[34.5663,49.8267],[34.5631,49.8522],[34.5827,49.8718],[34.5839,49.9022],[34.5991,49.9134],[34.6047,49.9341],[34.5993,49.9533],[34.5875,49.9625],[34.5994,49.9676],[34.6093,49.9828],[34.6241,49.9925],[34.6603,50.0328],[34.6578,50.0674],[34.6631,50.0757],[34.6631,50.1174],[34.6574,50.1285],[34.6343,50.1379],[34.6333,50.1458],[34.6649,50.1504],[34.685,50.1788],[34.6996,50.185],[34.7121,50.2101],[34.7093,50.2413],[34.7365,50.2507],[34.7426,50.2618],[34.7625,50.2708],[34.7578,50.2863],[34.7658,50.2884],[34.78,50.3366],[34.7917,50.35],[34.7771,50.3667],[34.7566,50.367],[34.7396,50.3583],[34.7208,50.3667],[34.7074,50.3826],[34.6967,50.3841],[34.7047,50.409],[34.6993,50.4282],[34.684,50.4343],[34.6828,50.448],[34.6686,50.4547],[34.6578,50.4842],[34.6785,50.5009],[34.6792,50.5083],[34.7108,50.517],[34.7259,50.5368],[34.7564,50.5464],[34.7794,50.5595],[34.7744,50.5674],[34.7792,50.5917],[34.8146,50.612],[34.8324,50.609],[34.8478,50.6244],[34.8625,50.625],[34.883,50.6517],[34.8875,50.675],[34.9242,50.6883],[34.9259,50.6993],[34.9493,50.7007],[34.95,50.7125],[34.974,50.716],[34.9949,50.6953],[35.0157,50.7131],[35.0355,50.7119],[35.075,50.6917],[35.0799,50.7074],[35.1036,50.7218],[35.1217,50.7452],[35.1542,50.7375],[35.2025,50.7379],[35.2309,50.717],[35.2625,50.7167],[35.2812,50.7292],[35.2934,50.7212],[35.3149,50.7205],[35.3559,50.7087],[35.425,50.7083],[35.4455,50.7228],[35.4454,50.6875],[35.4689,50.6685],[35.4231,50.6554],[35.4005,50.6564],[35.3762,50.6346],[35.3777,50.6218],[35.4253,50.5005],[35.4464,50.476],[35.4801,50.4669],[35.5227,50.4595],[35.5408,50.45],[35.5547,50.4333],[35.5702,50.3765],[35.5922,50.3605],[35.6316,50.345],[35.6732,50.3402],[35.6969,50.3451],[35.7091,50.3547],[35.7382,50.3545],[35.7928,50.3898],[35.8054,50.4122],[35.8374,50.4232],[35.9319,50.4302],[36.0111,50.426],[36.0048,50.4241],[36.0035,50.401],[35.9897,50.3922],[35.9645,50.3869],[35.9551,50.3786],[35.9342,50.3826],[35.9282,50.3714],[35.9,50.3708],[35.9038,50.3476],[35.8941,50.3379],[35.8767,50.3371],[35.8542,50.3125],[35.8379,50.3025],[35.8328,50.2882],[35.837,50.2479],[35.823,50.2297],[35.809,50.2241],[35.802,50.2119],[35.7647,50.1839],[35.7414,50.1614],[35.7547,50.1488],[35.7292,50.125],[35.7337,50.1017],[35.7483,50.0871],[35.7792,50.0875],[35.7792,50.0792],[35.7603,50.0703],[35.7454,50.051],[35.7244,50.0345],[35.7365,50.0288],[35.747,50.0036],[35.7826,50.0089],[35.8032,49.9953],[35.8458,50.0],[35.8589,49.9905],[35.8494,49.9759],[35.8517,49.958],[35.8189,49.9339],[35.7991,49.9286],[35.772,49.9297],[35.7708,49.925],[35.7243,49.9244],[35.7034,49.9297],[35.6784,49.9203],[35.6447,49.9253],[35.6118,49.9203],[35.5833,49.925],[35.5774,49.917],[35.5434,49.9163],[35.5327,49.9009],[35.5104,49.8994],[35.4855,49.8798],[35.4744,49.8469],[35.4979,49.834],[35.5201,49.8326],[35.5215,49.8163],[35.5125,49.7917],[35.4926,49.7911]]]}},{"type":"Feature","properties":{"id":"225150","riverUk":"Дніпро","riverEn":"Dnipro","oblasts":["kirovohrad","dnipropetrovsk","poltava"],"point":[33.6002,48.8531],"kakhovka":false},"geometry":{"type":"Polygon","coordinates":[[[33.558,49.0136],[33.5675,49.0325],[33.5995,49.0423],[33.6478,49.0089],[33.6863,48.9994],[33.6966,49.0324],[33.7081,49.0343],[33.7202,49.0562],[33.7077,49.0745],[33.7264,49.1002],[33.7428,49.1076],[33.7919,49.1091],[33.7979,49.1243],[33.8233,49.1254],[33.833,49.1392],[33.8333,49.1583],[33.8649,49.1545],[33.8875,49.1667],[33.9142,49.1545],[33.9358,49.1538],[33.9941,49.1288],[34.0101,49.1087],[34.025,49.1083],[34.0329,49.0979],[34.0203,49.0799],[34.0229,49.0423],[33.9831,49.0409],[33.9923,49.0168],[33.9796,49.0035],[33.9521,49.0202],[33.9303,49.0216],[33.9278,49.0292],[33.9046,49.0465],[33.8583,49.0417],[33.8625,49.0125],[33.8814,49.0119],[33.9064,48.9994],[33.9397,48.9744],[33.9744,48.9439],[33.9756,48.9217],[33.9895,48.9131],[34.0074,48.9119],[34.0035,48.9005],[34.0202,48.8813],[34.0215,48.8591],[34.0333,48.8458],[34.0328,48.827],[34.0161,48.8093],[34.0214,48.7966],[34.0119,48.7437],[33.9912,48.7176],[34.0048,48.7157],[33.9949,48.6884],[33.9869,48.6861],[34.0075,48.6634],[33.9939,48.6506],[33.9759,48.6494],[33.9689,48.6381],[33.9466,48.6323],[33.9409,48.605],[33.9188,48.5923],[33.9216,48.5592],[33.9336,48.553],[33.925,48.5417],[33.9021,48.538],[33.8855,48.5536],[33.8646,48.5579],[33.8387,48.5494],[33.8364,48.5586],[33.7855,48.5589],[33.7659,48.5536],[33.7434,48.5545],[33.715,48.567],[33.7066,48.5587],[33.6642,48.558],[33.6417,48.55],[33.6333,48.575],[33.6061,48.5839],[33.5908,48.6033],[33.5493,48.6172],[33.5292,48.6125],[33.5295,48.6725],[33.5091,48.6966],[33.5041,48.7113],[33.5116,48.7175],[33.5074,48.7327],[33.4926,48.734],[33.4869,48.7564],[33.4667,48.7583],[33.4712,48.7892],[33.4566,48.8038],[33.4458,48.8],[33.4103,48.7994],[33.3985,48.7792],[33.3939,48.7828],[33.3451,48.7828],[33.3325,48.8033],[33.3147,48.8161],[33.2993,48.8172],[33.2674,48.8032],[33.2576,48.7828],[33.2368,48.7964],[33.2262,48.7911],[33.2199,48.8035],[33.2009,48.8092],[33.1958,48.825],[33.1716,48.8341],[33.1656,48.8576],[33.1583,48.8583],[33.1811,48.8744],[33.2007,48.8661],[33.2285,48.8759],[33.2297,48.8897],[33.2453,48.9103],[33.2407,48.9243],[33.2256,48.9302],[33.2217,48.9659],[33.2522,48.9578],[33.2759,48.9453],[33.298,48.9744],[33.3128,48.9577],[33.3312,48.9702],[33.3574,48.9574],[33.3628,48.9494],[33.4021,48.9494],[33.4162,48.9411],[33.4326,48.9424],[33.4244,48.9698],[33.4409,48.9758],[33.4465,48.9954],[33.4414,49.0157],[33.4708,49.025],[33.5019,49.0089],[33.5397,49.0078],[33.55,49.0125],[33.558,49.0136]]]}},{"type":"Feature","properties":{"id":"225160","riverUk":null,"riverEn":null,"oblasts":["poltava","sumy"],"point":[34.0086,50.1053],"kakhovka":false},"geometry":{"type":"Polygon","coordinates":[[[33.8649,49.1545],[33.8333,49.1583],[33.833,49.1392],[33.8233,49.1254],[33.7979,49.1243],[33.7919,49.1091],[33.7428,49.1076],[33.7264,49.1002],[33.7077,49.0745],[33.7202,49.0562],[33.7081,49.0343],[33.6966,49.0324],[33.6863,48.9994],[33.6478,49.0089],[33.5995,49.0423],[33.5675,49.0325],[33.558,49.0136],[33.55,49.0125],[33.5413,49.0274],[33.5045,49.0642],[33.4955,49.0983],[33.4825,49.1243],[33.4687,49.1256],[33.4535,49.138],[33.4715,49.1507],[33.4575,49.178],[33.4245,49.1744],[33.4091,49.18],[33.391,49.213],[33.3951,49.2243],[33.3562,49.234],[33.3258,49.2589],[33.3202,49.2772],[33.2958,49.3104],[33.3033,49.3243],[33.284,49.3301],[33.2786,49.3522],[33.2632,49.3634],[33.2574,49.3827],[33.2353,49.3839],[33.2007,49.4009],[33.1953,49.4355],[33.2047,49.4855],[33.2217,49.5243],[33.2333,49.5292],[33.2458,49.5208],[33.2608,49.5212],[33.2361,49.5583],[33.2175,49.5534],[33.2033,49.5178],[33.1833,49.5208],[33.1916,49.5347],[33.1791,49.5429],[33.184,49.5505],[33.1688,49.5619],[33.1437,49.5673],[33.1053,49.5918],[33.0999,49.603],[33.0675,49.617],[33.0659,49.6284],[33.0506,49.6521],[33.0548,49.6611],[33.0375,49.6708],[33.042,49.7066],[33.0494,49.7134],[33.0506,49.7324],[33.077,49.7453],[33.0917,49.7458],[33.0967,49.7616],[33.1366,49.7759],[33.1417,49.7917],[33.1657,49.7869],[33.175,49.8208],[33.1867,49.8216],[33.1828,49.8368],[33.2125,49.8625],[33.2,49.8875],[33.2108,49.8879],[33.2202,49.902],[33.2215,49.9242],[33.2833,49.9333],[33.284,49.9659],[33.3021,49.9661],[33.3103,49.9589],[33.3358,49.9545],[33.3366,49.966],[33.3175,49.9717],[33.3119,49.9882],[33.3272,49.9953],[33.3493,49.9828],[33.3618,49.9884],[33.3672,50.0034],[33.3578,50.0137],[33.3786,50.0395],[33.3839,50.0564],[33.3994,50.0676],[33.4006,50.0925],[33.3811,50.1036],[33.3688,50.0921],[33.3551,50.0965],[33.3589,50.1134],[33.3494,50.1321],[33.3827,50.1426],[33.3839,50.1612],[33.3758,50.1702],[33.3897,50.1714],[33.425,50.2042],[33.4533,50.1966],[33.4593,50.2077],[33.5074,50.2089],[33.5095,50.2172],[33.5314,50.2161],[33.5493,50.2078],[33.566,50.2134],[33.5741,50.2297],[33.5992,50.2218],[33.6095,50.2545],[33.6284,50.2411],[33.6659,50.2465],[33.6718,50.2659],[33.6899,50.267],[33.7038,50.2767],[33.7042,50.3],[33.6928,50.3043],[33.6865,50.3201],[33.673,50.3244],[33.6264,50.3202],[33.6117,50.3492],[33.587,50.3548],[33.5738,50.3333],[33.5553,50.3461],[33.5492,50.3576],[33.5375,50.3583],[33.5426,50.3699],[33.5575,50.3759],[33.5285,50.399],[33.552,50.4119],[33.5772,50.4131],[33.6076,50.4297],[33.6397,50.4244],[33.6576,50.4256],[33.6866,50.416],[33.6828,50.3991],[33.7042,50.3833],[33.7229,50.3952],[33.7465,50.3961],[33.724,50.4242],[33.6937,50.4423],[33.6584,50.4679],[33.6627,50.4742],[33.6427,50.4757],[33.6259,50.4877],[33.6089,50.5272],[33.6163,50.5354],[33.6074,50.5451],[33.5689,50.5661],[33.5593,50.5673],[33.5675,50.595],[33.5917,50.5958],[33.6004,50.6275],[33.6184,50.6455],[33.6434,50.658],[33.6775,50.6629],[33.69,50.6795],[33.7059,50.667],[33.7157,50.6675],[33.7119,50.698],[33.7,50.7167],[33.7242,50.7211],[33.7258,50.7368],[33.7521,50.7381],[33.7583,50.75],[33.7941,50.7545],[33.8062,50.7667],[33.8142,50.7587],[33.8877,50.759],[33.9044,50.7535],[33.9326,50.7591],[33.9333,50.7792],[34.0,50.7792],[34.0008,50.7716],[34.023,50.7702],[34.0479,50.7506],[34.074,50.7535],[34.0763,50.7458],[34.099,50.7367],[34.1083,50.725],[34.1407,50.7164],[34.1427,50.7298],[34.1784,50.7119],[34.2022,50.7173],[34.2202,50.7312],[34.2333,50.7583],[34.2539,50.7551],[34.2662,50.7715],[34.2784,50.7619],[34.2912,50.7673],[34.3037,50.7619],[34.3242,50.7716],[34.3313,50.7869],[34.3534,50.7744],[34.3784,50.7799],[34.3802,50.7923],[34.402,50.784],[34.4372,50.7783],[34.4427,50.7671],[34.4645,50.7465],[34.5167,50.7458],[34.5285,50.755],[34.5292,50.7708],[34.5642,50.783],[34.5833,50.7833],[34.5955,50.8059],[34.5949,50.8243],[34.5788,50.8365],[34.5434,50.8504],[34.5275,50.8705],[34.5108,50.8795],[34.4983,50.8587],[34.4858,50.858],[34.4649,50.8746],[34.4434,50.8754],[34.4333,50.8833],[34.434,50.8949],[34.448,50.8964],[34.466,50.9093],[34.4672,50.923],[34.4881,50.9466],[34.4884,50.9616],[34.5,50.9682],[34.4929,50.9922],[34.5145,50.9839],[34.548,50.9797],[34.5618,50.9884],[34.5676,51.0077],[34.5875,51.0083],[34.5952,51.0312],[34.5965,51.0534],[34.6159,51.0593],[34.6173,51.073],[34.6368,51.0965],[34.6855,51.0923],[34.7079,51.1006],[34.7229,51.0922],[34.7476,51.108],[34.7689,51.1078],[34.7782,51.0994],[34.7949,51.1006],[34.797,51.1089],[34.8559,51.0955],[34.8708,51.1083],[34.91,51.1038],[34.9218,51.1171],[34.9542,51.1042],[34.9634,51.1201],[34.973,51.1214],[35.0158,51.1467],[35.0214,51.1605],[35.0411,51.1811],[35.0375,51.1958],[35.0616,51.205],[35.0633,51.2114],[35.0787,51.2076],[35.0992,51.1832],[35.1238,51.0913],[35.1436,51.0585],[35.1726,51.0406],[35.2065,51.0389],[35.2743,51.0488],[35.3087,51.0473],[35.3464,51.0366],[35.3551,51.0256],[35.3457,51.0077],[35.3299,51.0109],[35.3326,50.9999],[35.2781,50.9927],[35.2822,50.9543],[35.2936,50.9376],[35.3291,50.9291],[35.3417,50.9159],[35.3414,50.8765],[35.3486,50.8638],[35.3777,50.8337],[35.3791,50.7972],[35.4182,50.7789],[35.4385,50.7624],[35.4471,50.7343],[35.4455,50.7228],[35.425,50.7083],[35.3559,50.7087],[35.3149,50.7205],[35.2934,50.7212],[35.2812,50.7292],[35.2625,50.7167],[35.2309,50.717],[35.2025,50.7379],[35.1542,50.7375],[35.1217,50.7452],[35.1036,50.7218],[35.0799,50.7074],[35.075,50.6917],[35.0355,50.7119],[35.0157,50.7131],[34.9949,50.6953],[34.974,50.716],[34.95,50.7125],[34.9493,50.7007],[34.9259,50.6993],[34.9242,50.6883],[34.8875,50.675],[34.883,50.6517],[34.8625,50.625],[34.8478,50.6244],[34.8324,50.609],[34.8146,50.612],[34.7792,50.5917],[34.7744,50.5674],[34.7794,50.5595],[34.7564,50.5464],[34.7259,50.5368],[34.7108,50.517],[34.6792,50.5083],[34.6785,50.5009],[34.6578,50.4842],[34.6686,50.4547],[34.6828,50.448],[34.684,50.4343],[34.6993,50.4282],[34.7047,50.409],[34.6967,50.3841],[34.7074,50.3826],[34.7208,50.3667],[34.7396,50.3583],[34.7566,50.367],[34.7771,50.3667],[34.7917,50.35],[34.78,50.3366],[34.7658,50.2884],[34.7578,50.2863],[34.7625,50.2708],[34.7426,50.2618],[34.7365,50.2507],[34.7093,50.2413],[34.7121,50.2101],[34.6996,50.185],[34.685,50.1788],[34.6649,50.1504],[34.6333,50.1458],[34.6343,50.1379],[34.6574,50.1285],[34.6631,50.1174],[34.6631,50.0757],[34.6578,50.0674],[34.6603,50.0328],[34.6241,49.9925],[34.6093,49.9828],[34.5994,49.9676],[34.5875,49.9625],[34.5993,49.9533],[34.6047,49.9341],[34.5991,49.9134],[34.5839,49.9022],[34.5827,49.8718],[34.5631,49.8522],[34.5663,49.8267],[34.5583,49.8125],[34.5466,49.8118],[34.545,49.8007],[34.525,49.7945],[34.5249,49.7845],[34.5073,49.7715],[34.4728,49.7702],[34.4593,49.7659],[34.4497,49.7511],[34.4301,49.7451],[34.424,49.7298],[34.4101,49.7288],[34.3875,49.7167],[34.3358,49.7121],[34.3229,49.7208],[34.3108,49.7129],[34.2934,49.7121],[34.2718,49.7035],[34.2536,49.6802],[34.2619,49.6658],[34.263,49.6396],[34.2699,49.6132],[34.2592,49.6118],[34.2494,49.5968],[34.2589,49.5799],[34.2451,49.5467],[34.2146,49.5296],[34.198,49.5339],[34.1593,49.5327],[34.1536,49.5259],[34.1583,49.5042],[34.1299,49.5034],[34.125,49.475],[34.0967,49.4743],[34.0952,49.4659],[34.113,49.4426],[34.1117,49.4341],[34.0928,49.429],[34.0825,49.409],[34.0384,49.4119],[34.025,49.4042],[34.0298,49.3795],[34.0155,49.3626],[33.9883,49.3492],[33.9867,49.3341],[33.9702,49.3324],[33.9798,49.3131],[33.9702,49.3027],[33.975,49.2875],[33.9646,49.2798],[33.9383,49.2785],[33.9464,49.2594],[33.9411,49.2302],[33.9091,49.2119],[33.903,49.2214],[33.8875,49.1667],[33.8649,49.1545]]]}},{"type":"Feature","properties":{"id":"225170","riverUk":"Дніпро","riverEn":"Dnipro","oblasts":["cherkasy","kirovohrad","poltava"],"point":[32.4726,49.1638],"kakhovka":false},"geometry":{"type":"Polygon","coordinates":[[[33.2033,49.5178],[33.2175,49.5534],[33.2361,49.5583],[33.2608,49.5212],[33.2458,49.5208],[33.2333,49.5292],[33.2217,49.5243],[33.2047,49.4855],[33.1953,49.4355],[33.2007,49.4009],[33.2353,49.3839],[33.2574,49.3827],[33.2632,49.3634],[33.2786,49.3522],[33.284,49.3301],[33.3033,49.3243],[33.2958,49.3104],[33.3202,49.2772],[33.3258,49.2589],[33.3562,49.234],[33.3951,49.2243],[33.391,49.213],[33.4091,49.18],[33.4245,49.1744],[33.4575,49.178],[33.4715,49.1507],[33.4535,49.138],[33.4687,49.1256],[33.4825,49.1243],[33.4955,49.0983],[33.5045,49.0642],[33.5413,49.0274],[33.55,49.0125],[33.5397,49.0078],[33.5019,49.0089],[33.4708,49.025],[33.4414,49.0157],[33.4465,48.9954],[33.4409,48.9758],[33.4244,48.9698],[33.4326,48.9424],[33.4162,48.9411],[33.4021,48.9494],[33.3628,48.9494],[33.3574,48.9574],[33.3312,48.9702],[33.3128,48.9577],[33.298,48.9744],[33.2759,48.9453],[33.2522,48.9578],[33.2217,48.9659],[33.2256,48.9302],[33.2407,48.9243],[33.2453,48.9103],[33.2297,48.8897],[33.2285,48.8759],[33.2007,48.8661],[33.1811,48.8744],[33.1583,48.8583],[33.1493,48.8299],[33.1258,48.8298],[33.0966,48.8591],[33.0881,48.8812],[33.0923,48.8945],[33.0667,48.9167],[33.027,48.9172],[33.0103,48.9286],[32.998,48.9214],[32.9647,48.9172],[32.8968,48.9161],[32.886,48.8958],[32.8699,48.8953],[32.8605,48.9036],[32.8375,48.9042],[32.8064,48.8756],[32.7865,48.8797],[32.7701,48.8661],[32.7534,48.8797],[32.7208,48.8667],[32.702,48.8672],[32.6897,48.8786],[32.6686,48.8797],[32.6616,48.8908],[32.6392,48.9038],[32.6275,48.8879],[32.6108,48.8871],[32.5958,48.8958],[32.5875,48.8875],[32.5566,48.892],[32.527,48.8827],[32.5092,48.8705],[32.5075,48.8591],[32.4784,48.8452],[32.4647,48.8577],[32.4495,48.859],[32.4355,48.8506],[32.4135,48.8493],[32.3949,48.8411],[32.3855,48.8494],[32.3645,48.8506],[32.3562,48.8579],[32.3397,48.8422],[32.3076,48.8464],[32.2949,48.8256],[32.2675,48.82],[32.2583,48.7917],[32.2417,48.7917],[32.241,48.8075],[32.205,48.8116],[32.1949,48.7923],[32.1674,48.7869],[32.1466,48.7922],[32.13,48.7866],[32.123,48.7756],[32.0941,48.7795],[32.0775,48.7746],[32.0708,48.7875],[32.0524,48.7754],[32.0267,48.7746],[32.0167,48.7667],[31.9809,48.7795],[31.9708,48.7958],[31.9311,48.8131],[31.9201,48.8214],[31.8929,48.8119],[31.8783,48.8285],[31.8383,48.8258],[31.8324,48.8451],[31.802,48.8506],[31.7897,48.8577],[31.7583,48.8583],[31.7631,48.8905],[31.7465,48.901],[31.7411,48.9321],[31.7491,48.9369],[31.7201,48.9422],[31.7125,48.9375],[31.6979,48.9495],[31.6699,48.9411],[31.6382,48.9634],[31.6243,48.9881],[31.5887,48.9922],[31.5826,48.9828],[31.5542,48.9958],[31.5228,48.9953],[31.5009,48.9866],[31.4991,48.9798],[31.4759,48.9786],[31.448,48.9589],[31.4333,48.9542],[31.416,48.9937],[31.4173,49.0157],[31.405,49.0175],[31.3994,49.038],[31.4048,49.049],[31.3842,49.0589],[31.3699,49.0867],[31.3537,49.0923],[31.3451,49.0869],[31.325,49.0958],[31.3434,49.1205],[31.3649,49.1212],[31.3809,49.1337],[31.4017,49.1295],[31.4439,49.1339],[31.4785,49.1467],[31.4798,49.1615],[31.4958,49.1667],[31.4955,49.1858],[31.4837,49.2017],[31.484,49.2158],[31.4964,49.2299],[31.488,49.2438],[31.5037,49.2604],[31.5009,49.27],[31.5314,49.2756],[31.5467,49.291],[31.5647,49.2922],[31.5801,49.3118],[31.5949,49.3171],[31.6,49.3292],[31.6312,49.3088],[31.6368,49.3131],[31.6689,49.3078],[31.6909,49.2953],[31.7064,49.2964],[31.725,49.2833],[31.7483,49.2754],[31.7583,49.2958],[31.7794,49.3051],[31.7533,49.3368],[31.7385,49.3382],[31.7213,49.3562],[31.7257,49.3699],[31.7645,49.3869],[31.8033,49.3925],[31.8045,49.4066],[31.8184,49.4246],[31.8458,49.4375],[31.8465,49.4301],[31.8679,49.4119],[31.8868,49.4172],[31.9105,49.4078],[31.9603,49.3756],[31.9792,49.3708],[31.9789,49.3425],[32.0007,49.3408],[31.9958,49.3208],[32.0243,49.3161],[32.0409,49.3214],[32.0855,49.3161],[32.102,49.3006],[32.1353,49.2922],[32.1689,49.2911],[32.2061,49.2714],[32.2272,49.2661],[32.2458,49.2542],[32.2853,49.2381],[32.3072,49.2331],[32.3167,49.25],[32.3649,49.2413],[32.4142,49.2212],[32.4358,49.2205],[32.4733,49.208],[32.4851,49.2004],[32.5333,49.1917],[32.5426,49.2035],[32.5657,49.2132],[32.5825,49.2464],[32.5951,49.2411],[32.6647,49.2506],[32.6825,49.2576],[32.6884,49.2424],[32.7103,49.2411],[32.7576,49.2464],[32.7771,49.2338],[32.8311,49.2339],[32.8583,49.2292],[32.8625,49.2417],[32.8743,49.2467],[32.8785,49.2688],[32.8715,49.277],[32.8618,49.3325],[32.8327,49.3534],[32.8341,49.3659],[32.8459,49.372],[32.8424,49.3909],[32.8875,49.4125],[32.8828,49.4382],[32.9074,49.4507],[32.9228,49.4661],[32.941,49.4717],[32.9375,49.5],[32.9659,49.5131],[32.9867,49.5118],[32.9883,49.5005],[33.0048,49.4903],[32.991,49.4675],[33.0282,49.4449],[33.0304,49.4257],[33.0625,49.4167],[33.076,49.4407],[33.0962,49.4465],[33.1104,49.4381],[33.1283,49.4369],[33.1298,49.4531],[33.1177,49.455],[33.1119,49.467],[33.1312,49.4869],[33.149,49.4882],[33.1562,49.4996],[33.1661,49.4968],[33.1672,49.5105],[33.1833,49.5208],[33.2033,49.5178]]]}},{"type":"Feature","properties":{"id":"225180","riverUk":null,"riverEn":null,"oblasts":["poltava","chernihiv","sumy","cherkasy"],"point":[32.6666,50.1978],"kakhovka":false},"geometry":{"type":"Polygon","coordinates":[[[31.6375,50.7708],[31.6542,50.775],[31.6535,50.7867],[31.641,50.7885],[31.6423,50.8157],[31.6829,50.8298],[31.7076,50.824],[31.7093,50.8122],[31.7323,50.8076],[31.7382,50.7883],[31.7563,50.7827],[31.7851,50.7504],[31.825,50.7542],[31.8244,50.7704],[31.8354,50.7827],[31.8621,50.7881],[31.891,50.7841],[31.8923,50.8063],[31.9077,50.8229],[31.909,50.8407],[31.9216,50.8575],[31.9658,50.8715],[31.9679,50.8797],[31.9951,50.8703],[32.0063,50.8745],[32.0353,50.8589],[32.0625,50.85],[32.0619,50.873],[32.0673,50.8867],[32.0619,50.9078],[32.0703,50.9173],[32.0911,50.9119],[32.1105,50.9131],[32.1243,50.9218],[32.1256,50.9355],[32.1381,50.9534],[32.1342,50.9785],[32.1458,50.9792],[32.1292,51.0042],[32.1649,51.0045],[32.1847,51.0215],[32.2355,51.0215],[32.2618,51.0283],[32.2632,51.0008],[32.276,50.9923],[32.3208,50.9917],[32.3269,51.0078],[32.3625,51.0083],[32.3632,51.0009],[32.3853,50.9922],[32.4105,50.9911],[32.4395,50.9839],[32.4729,50.9829],[32.4868,50.9744],[32.5284,50.9744],[32.5561,50.9869],[32.6158,50.9827],[32.6333,50.975],[32.633,50.9476],[32.6212,50.9316],[32.6208,50.9],[32.6397,50.8995],[32.6478,50.8922],[32.678,50.8911],[32.6886,50.8786],[32.7019,50.8911],[32.7048,50.923],[32.7223,50.9465],[32.7451,50.9467],[32.7466,50.9618],[32.7997,50.9619],[32.8247,50.9673],[32.899,50.9657],[32.8843,50.9718],[32.8614,50.9993],[32.8354,51.0007],[32.8198,51.0159],[32.7854,51.0215],[32.773,51.0285],[32.7299,51.0299],[32.7285,51.0485],[32.7382,51.0527],[32.718,51.0624],[32.7129,51.0774],[32.717,51.0934],[32.7087,51.1017],[32.7083,51.125],[32.74,51.108],[32.8208,51.1083],[32.8441,51.1212],[32.8625,51.1125],[32.8941,51.1121],[32.9007,51.1201],[32.92,51.1216],[32.9305,51.1458],[32.9377,51.141],[32.9583,51.15],[33.0108,51.1455],[33.0439,51.1369],[33.1063,51.1088],[33.1368,51.1036],[33.1618,51.1089],[33.2022,51.1078],[33.2103,51.1006],[33.2458,51.0917],[33.2462,51.1066],[33.2559,51.1205],[33.2983,51.117],[33.3483,51.1163],[33.3812,51.0958],[33.4292,51.0917],[33.4525,51.1004],[33.4704,51.0968],[33.4756,51.1034],[33.466,51.1241],[33.4494,51.1304],[33.4561,51.1453],[33.4867,51.1544],[33.4887,51.1333],[33.5037,51.1327],[33.5323,51.1424],[33.5412,51.1548],[33.5688,51.1464],[33.5855,51.1494],[33.5992,51.1407],[33.6091,51.109],[33.6313,51.1077],[33.6603,51.0881],[33.6813,51.0869],[33.6937,51.0756],[33.7233,51.0754],[33.7371,51.085],[33.7216,51.0967],[33.7203,51.1176],[33.7396,51.1255],[33.7603,51.141],[33.7782,51.1424],[33.8022,51.1327],[33.8312,51.1131],[33.8605,51.1119],[33.8868,51.0994],[33.8954,51.1048],[33.9324,51.0907],[33.9454,51.0785],[33.9829,51.0881],[34.002,51.084],[34.0441,51.0837],[34.0566,51.0962],[34.0775,51.0962],[34.0871,51.0899],[34.0868,51.0591],[34.076,51.0576],[34.0631,51.0397],[34.124,51.0199],[34.1354,51.0048],[34.1604,50.9965],[34.1826,50.9951],[34.1866,50.9799],[34.1716,50.9784],[34.1619,50.9548],[34.1625,50.9429],[34.1937,50.934],[34.2146,50.9327],[34.2365,50.924],[34.2559,50.8962],[34.3158,50.8911],[34.3449,50.884],[34.3534,50.8964],[34.3814,50.8953],[34.3936,50.8881],[34.4333,50.8833],[34.4434,50.8754],[34.4649,50.8746],[34.4858,50.858],[34.4983,50.8587],[34.5108,50.8795],[34.5275,50.8705],[34.5434,50.8504],[34.5788,50.8365],[34.5949,50.8243],[34.5955,50.8059],[34.5833,50.7833],[34.5642,50.783],[34.5292,50.7708],[34.5285,50.755],[34.5167,50.7458],[34.4645,50.7465],[34.4427,50.7671],[34.4372,50.7783],[34.402,50.784],[34.3802,50.7923],[34.3784,50.7799],[34.3534,50.7744],[34.3313,50.7869],[34.3242,50.7716],[34.3037,50.7619],[34.2912,50.7673],[34.2784,50.7619],[34.2662,50.7715],[34.2539,50.7551],[34.2333,50.7583],[34.2202,50.7312],[34.2022,50.7173],[34.1784,50.7119],[34.1427,50.7298],[34.1407,50.7164],[34.1083,50.725],[34.099,50.7367],[34.0763,50.7458],[34.074,50.7535],[34.0479,50.7506],[34.023,50.7702],[34.0008,50.7716],[34.0,50.7792],[33.9333,50.7792],[33.9326,50.7591],[33.9044,50.7535],[33.8877,50.759],[33.8142,50.7587],[33.8062,50.7667],[33.7941,50.7545],[33.7583,50.75],[33.7521,50.7381],[33.7258,50.7368],[33.7242,50.7211],[33.7,50.7167],[33.7119,50.698],[33.7157,50.6675],[33.7059,50.667],[33.69,50.6795],[33.6775,50.6629],[33.6434,50.658],[33.6184,50.6455],[33.6004,50.6275],[33.5917,50.5958],[33.5675,50.595],[33.5593,50.5673],[33.5689,50.5661],[33.6074,50.5451],[33.6163,50.5354],[33.6089,50.5272],[33.6259,50.4877],[33.6427,50.4757],[33.6627,50.4742],[33.6584,50.4679],[33.6937,50.4423],[33.724,50.4242],[33.7465,50.3961],[33.7229,50.3952],[33.7042,50.3833],[33.6828,50.3991],[33.6866,50.416],[33.6576,50.4256],[33.6397,50.4244],[33.6076,50.4297],[33.5772,50.4131],[33.552,50.4119],[33.5285,50.399],[33.5575,50.3759],[33.5426,50.3699],[33.5375,50.3583],[33.5492,50.3576],[33.5553,50.3461],[33.5738,50.3333],[33.587,50.3548],[33.6117,50.3492],[33.6264,50.3202],[33.673,50.3244],[33.6865,50.3201],[33.6928,50.3043],[33.7042,50.3],[33.7038,50.2767],[33.6899,50.267],[33.6718,50.2659],[33.6659,50.2465],[33.6284,50.2411],[33.6095,50.2545],[33.5992,50.2218],[33.5741,50.2297],[33.566,50.2134],[33.5493,50.2078],[33.5314,50.2161],[33.5095,50.2172],[33.5074,50.2089],[33.4593,50.2077],[33.4533,50.1966],[33.425,50.2042],[33.3897,50.1714],[33.3758,50.1702],[33.3839,50.1612],[33.3827,50.1426],[33.3494,50.1321],[33.3589,50.1134],[33.3551,50.0965],[33.3688,50.0921],[33.3811,50.1036],[33.4006,50.0925],[33.3994,50.0676],[33.3839,50.0564],[33.3786,50.0395],[33.3578,50.0137],[33.3672,50.0034],[33.3618,49.9884],[33.3493,49.9828],[33.3272,49.9953],[33.3119,49.9882],[33.3175,49.9717],[33.3366,49.966],[33.3358,49.9545],[33.3103,49.9589],[33.3021,49.9661],[33.284,49.9659],[33.2833,49.9333],[33.2215,49.9242],[33.2202,49.902],[33.2108,49.8879],[33.2,49.8875],[33.2125,49.8625],[33.1828,49.8368],[33.1867,49.8216],[33.175,49.8208],[33.1657,49.7869],[33.1417,49.7917],[33.1366,49.7759],[33.0967,49.7616],[33.0917,49.7458],[33.077,49.7453],[33.0506,49.7324],[33.0494,49.7134],[33.042,49.7066],[33.0375,49.6708],[33.0548,49.6611],[33.0506,49.6521],[33.0659,49.6284],[33.0675,49.617],[33.0999,49.603],[33.1053,49.5918],[33.1437,49.5673],[33.1688,49.5619],[33.184,49.5505],[33.1791,49.5429],[33.1916,49.5347],[33.1833,49.5208],[33.1672,49.5105],[33.1661,49.4968],[33.1562,49.4996],[33.149,49.4882],[33.1312,49.4869],[33.1119,49.467],[33.1177,49.455],[33.1298,49.4531],[33.1283,49.4369],[33.1104,49.4381],[33.0962,49.4465],[33.076,49.4407],[33.0625,49.4167],[33.0304,49.4257],[33.0282,49.4449],[32.991,49.4675],[33.0048,49.4903],[32.9883,49.5005],[32.9867,49.5118],[32.9659,49.5131],[32.9375,49.5],[32.941,49.4717],[32.9228,49.4661],[32.9074,49.4507],[32.8828,49.4382],[32.8875,49.4125],[32.8424,49.3909],[32.8459,49.372],[32.8341,49.3659],[32.8327,49.3534],[32.8618,49.3325],[32.8715,49.277],[32.8785,49.2688],[32.8743,49.2467],[32.8625,49.2417],[32.8162,49.2756],[32.8093,49.2706],[32.8034,49.2868],[32.784,49.2925],[32.7827,49.3242],[32.748,49.3327],[32.7061,49.3339],[32.6728,49.338],[32.6453,49.3509],[32.6578,49.3686],[32.6342,49.3798],[32.6202,49.3991],[32.6051,49.4089],[32.6093,49.4282],[32.6167,49.4304],[32.6039,49.4489],[32.575,49.4639],[32.584,49.4909],[32.6088,49.5006],[32.6195,49.4952],[32.625,49.5167],[32.6103,49.5173],[32.598,49.5285],[32.5603,49.5423],[32.5383,49.5551],[32.5367,49.5659],[32.5218,49.5673],[32.5153,49.55],[32.4884,49.5592],[32.4828,49.5863],[32.5217,49.6119],[32.5292,49.6292],[32.5133,49.6298],[32.5028,49.6541],[32.4868,49.6494],[32.4676,49.6676],[32.4574,49.6866],[32.4437,49.6953],[32.4333,49.6792],[32.4208,49.675],[32.4215,49.7272],[32.4383,49.7381],[32.4574,49.7203],[32.4619,49.7354],[32.45,49.7583],[32.4427,49.7591],[32.4245,49.7825],[32.4132,49.7841],[32.4119,49.8005],[32.4255,49.8097],[32.4242,49.8201],[32.3895,49.8256],[32.3511,49.8503],[32.3325,49.8785],[32.3103,49.8798],[32.2833,49.8917],[32.2866,49.9033],[32.2631,49.9177],[32.2619,49.9397],[32.2532,49.9535],[32.2304,49.9547],[32.2167,49.9458],[32.2036,49.9757],[32.2169,49.9845],[32.2119,49.9968],[32.2212,50.0072],[32.2022,50.0203],[32.1833,50.0167],[32.1511,50.0294],[32.1407,50.0203],[32.1132,50.0426],[32.1074,50.0618],[32.078,50.0629],[32.0632,50.0533],[32.0618,50.0426],[32.0375,50.0375],[32.0328,50.0522],[32.0081,50.0761],[32.0172,50.1071],[31.9812,50.137],[31.9729,50.1296],[31.9603,50.1339],[31.9343,50.1547],[31.9167,50.1625],[31.8994,50.1782],[31.9007,50.1908],[31.916,50.1991],[31.8895,50.2131],[31.8771,50.2245],[31.8559,50.2129],[31.8504,50.2184],[31.8621,50.235],[31.8676,50.2616],[31.8919,50.2718],[31.8911,50.2938],[31.8827,50.3035],[31.884,50.3242],[31.9021,50.3214],[31.9163,50.3298],[31.9219,50.3215],[31.9625,50.3167],[31.9756,50.3055],[31.97,50.3242],[31.9509,50.3301],[31.9452,50.3412],[31.9465,50.3617],[31.9625,50.3583],[31.9574,50.3744],[31.927,50.3797],[31.9121,50.4032],[31.8887,50.4131],[31.8866,50.4048],[31.8657,50.4036],[31.8413,50.4322],[31.8303,50.4289],[31.8167,50.45],[31.8285,50.4593],[31.8297,50.478],[31.8216,50.48],[31.8242,50.5076],[31.801,50.509],[31.7956,50.5199],[31.7801,50.5252],[31.7743,50.5531],[31.75,50.5625],[31.7451,50.5824],[31.734,50.5885],[31.7328,50.6022],[31.7201,50.6283],[31.709,50.6343],[31.7125,50.6625],[31.6756,50.6676],[31.6754,50.7066],[31.6871,50.7267],[31.6858,50.7496],[31.6525,50.7587],[31.6375,50.7583],[31.6375,50.7708]]]}},{"type":"Feature","properties":{"id":"225190","riverUk":"Рось","riverEn":"Ros","oblasts":["kyiv","cherkasy","vinnytsia","zhytomyr"],"point":[30.967,49.9771],"kakhovka":false},"geometry":{"type":"Polygon","coordinates":[[[32.8583,49.2292],[32.8311,49.2339],[32.7771,49.2338],[32.7576,49.2464],[32.7103,49.2411],[32.6884,49.2424],[32.6825,49.2576],[32.6647,49.2506],[32.5951,49.2411],[32.5825,49.2464],[32.5657,49.2132],[32.5426,49.2035],[32.5333,49.1917],[32.4851,49.2004],[32.4733,49.208],[32.4358,49.2205],[32.4142,49.2212],[32.3649,49.2413],[32.3167,49.25],[32.3072,49.2331],[32.2853,49.2381],[32.2458,49.2542],[32.2272,49.2661],[32.2061,49.2714],[32.1689,49.2911],[32.1353,49.2922],[32.102,49.3006],[32.0855,49.3161],[32.0409,49.3214],[32.0243,49.3161],[31.9958,49.3208],[32.0007,49.3408],[31.9789,49.3425],[31.9792,49.3708],[31.9603,49.3756],[31.9105,49.4078],[31.8868,49.4172],[31.8679,49.4119],[31.8465,49.4301],[31.8458,49.4375],[31.8184,49.4246],[31.8045,49.4066],[31.8033,49.3925],[31.7645,49.3869],[31.7257,49.3699],[31.7213,49.3562],[31.7385,49.3382],[31.7533,49.3368],[31.7794,49.3051],[31.7583,49.2958],[31.7483,49.2754],[31.725,49.2833],[31.7064,49.2964],[31.6909,49.2953],[31.6689,49.3078],[31.6368,49.3131],[31.6312,49.3088],[31.6,49.3292],[31.5949,49.3171],[31.5801,49.3118],[31.5647,49.2922],[31.5467,49.291],[31.5314,49.2756],[31.5009,49.27],[31.5037,49.2604],[31.488,49.2438],[31.4964,49.2299],[31.484,49.2158],[31.4837,49.2017],[31.4955,49.1858],[31.4958,49.1667],[31.4798,49.1615],[31.4785,49.1467],[31.4439,49.1339],[31.4017,49.1295],[31.3809,49.1337],[31.3649,49.1212],[31.3434,49.1205],[31.325,49.0958],[31.3066,49.0837],[31.2726,49.083],[31.2608,49.0754],[31.2384,49.0799],[31.2368,49.1034],[31.2204,49.109],[31.1912,49.1035],[31.1799,49.1093],[31.1785,49.1272],[31.1522,49.1494],[31.1298,49.1551],[31.1282,49.1658],[31.1146,49.1631],[31.0968,49.1718],[31.0605,49.2035],[31.0508,49.205],[31.0492,49.2201],[31.0184,49.2254],[31.0129,49.2399],[31.0246,49.2559],[31.0208,49.2917],[30.9816,49.2962],[30.9691,49.2837],[30.9483,49.283],[30.9399,49.2913],[30.8759,49.3009],[30.8792,49.3167],[30.8605,49.3244],[30.8284,49.3203],[30.816,49.3134],[30.7851,49.317],[30.7754,49.3267],[30.7792,49.35],[30.7551,49.3801],[30.7494,49.4005],[30.7728,49.416],[30.7854,49.4131],[30.7878,49.4366],[30.7992,49.4383],[30.8077,49.4603],[30.8035,49.4783],[30.7917,49.4875],[30.776,49.4868],[30.7659,49.4551],[30.7495,49.4452],[30.7259,49.4551],[30.7164,49.4741],[30.6912,49.4702],[30.6824,49.4878],[30.6646,49.4797],[30.643,49.4785],[30.6329,49.5006],[30.5979,49.4881],[30.5907,49.4992],[30.5782,49.4924],[30.5493,49.4869],[30.5333,49.5042],[30.4884,49.5036],[30.4875,49.4833],[30.4553,49.4839],[30.4452,49.5241],[30.3842,49.5241],[30.375,49.5042],[30.3439,49.5244],[30.3282,49.5256],[30.3032,49.5161],[30.2757,49.5342],[30.2743,49.5449],[30.2507,49.5591],[30.25,49.575],[30.2392,49.5746],[30.2191,49.5587],[30.2017,49.558],[30.1798,49.5491],[30.1786,49.5353],[30.1589,49.5022],[30.1578,49.4824],[30.1662,49.4729],[30.1667,49.4458],[30.1424,49.4366],[30.141,49.4049],[30.1229,49.4035],[30.1063,49.3923],[30.0854,49.391],[30.0625,49.3833],[30.0632,49.3676],[30.0797,49.3571],[30.0744,49.3466],[30.0991,49.3283],[30.0924,49.3078],[30.0717,49.309],[30.0697,49.317],[30.0506,49.3074],[30.0494,49.2811],[30.0257,49.2574],[30.0172,49.2397],[30.0196,49.2286],[29.9853,49.2328],[29.9601,49.217],[29.898,49.2369],[29.8686,49.2422],[29.847,49.2586],[29.8324,49.2494],[29.8174,49.2592],[29.8125,49.275],[29.7759,49.2756],[29.7646,49.287],[29.747,49.2786],[29.7449,49.2869],[29.727,49.291],[29.7049,49.2826],[29.7035,49.2562],[29.6869,49.2379],[29.6958,49.225],[29.6953,49.2061],[29.6863,49.1828],[29.6674,49.1881],[29.6256,49.1741],[29.6125,49.1583],[29.5882,49.1533],[29.5506,49.1324],[29.5458,49.1042],[29.5258,49.1048],[29.5242,49.1159],[29.4995,49.1215],[29.4912,49.116],[29.4688,49.1244],[29.45,49.125],[29.4324,49.1493],[29.4228,49.1506],[29.4036,49.1741],[29.3767,49.1754],[29.3524,49.183],[29.3066,49.183],[29.2858,49.1913],[29.2684,49.192],[29.2583,49.2083],[29.2426,49.2089],[29.2295,49.2309],[29.2288,49.26],[29.2337,49.2767],[29.2042,49.2917],[29.1985,49.325],[29.1909,49.3203],[29.1605,49.3494],[29.1397,49.3536],[29.1091,49.3508],[29.0953,49.3798],[29.0763,49.3744],[29.0741,49.3824],[29.025,49.3792],[29.0242,49.3992],[29.0001,49.4097],[29.009,49.4253],[29.0047,49.4439],[29.0134,49.4535],[29.0325,49.4592],[29.0375,49.4708],[29.0256,49.4814],[29.0339,49.4924],[29.0199,49.5077],[28.997,49.5039],[28.9923,49.5299],[28.9825,49.5493],[28.9674,49.5508],[28.9708,49.5875],[28.9534,49.5922],[28.9448,49.5869],[28.9314,49.5994],[28.9134,49.6006],[28.8926,49.6132],[28.8828,49.6282],[28.8701,49.6339],[28.847,49.6286],[28.8449,49.6368],[28.8271,49.6412],[28.8187,49.6338],[28.8042,49.6458],[28.816,49.6634],[28.8167,49.6958],[28.8272,49.6964],[28.8478,49.7161],[28.877,49.7369],[28.8949,49.7421],[28.8976,49.758],[28.9399,49.7587],[28.95,49.7625],[28.9504,49.7816],[28.9726,49.8038],[28.98,49.82],[28.9991,49.8342],[29.0134,49.8576],[29.0532,49.8631],[29.0672,49.8762],[29.0686,49.8953],[29.0983,49.8913],[29.1351,49.892],[29.1458,49.9],[29.1506,49.9355],[29.1625,49.95],[29.1899,49.9504],[29.2066,49.9587],[29.2441,49.9538],[29.2525,49.9587],[29.3358,49.958],[29.365,49.9455],[29.3775,49.9504],[29.4125,49.9458],[29.422,49.9328],[29.4407,49.934],[29.4467,49.9452],[29.4741,49.9464],[29.4759,49.9535],[29.5167,49.9583],[29.5173,49.9467],[29.5333,49.9375],[29.5837,49.9423],[29.592,49.9369],[29.6041,49.9529],[29.6354,49.9702],[29.7021,49.9715],[29.7605,49.984],[29.7854,49.9994],[29.8284,50.0049],[29.8292,50.0125],[29.8517,50.0087],[29.8896,50.009],[29.9229,50.0244],[29.9409,50.0257],[29.9494,50.0438],[29.9551,50.0756],[29.9701,50.0742],[29.9716,50.0594],[30.0,50.0542],[30.0241,50.0577],[30.0292,50.05],[30.0522,50.0506],[30.0686,50.0619],[30.1125,50.075],[30.1121,50.0941],[30.0938,50.1077],[30.0635,50.109],[30.0575,50.0924],[30.037,50.091],[30.002,50.1006],[29.9865,50.116],[29.9708,50.1167],[29.9714,50.1355],[29.9811,50.1494],[29.9993,50.1547],[30.0369,50.1561],[30.0381,50.1782],[30.0532,50.184],[30.0595,50.1961],[30.0826,50.1869],[30.1199,50.2006],[30.1533,50.1964],[30.1728,50.2161],[30.1855,50.216],[30.2162,50.2035],[30.2312,50.2119],[30.2698,50.2174],[30.276,50.2381],[30.2897,50.2369],[30.3125,50.225],[30.3259,50.2493],[30.341,50.2551],[30.345,50.2868],[30.325,50.2931],[30.3284,50.3076],[30.3036,50.3214],[30.2953,50.3161],[30.2824,50.3285],[30.2708,50.3292],[30.2716,50.3409],[30.287,50.3425],[30.2969,50.3576],[30.3242,50.359],[30.3389,50.3881],[30.3605,50.3869],[30.3812,50.3756],[30.4313,50.3702],[30.4437,50.359],[30.4733,50.3629],[30.4828,50.373],[30.4632,50.3884],[30.4618,50.4033],[30.4491,50.4201],[30.4176,50.4299],[30.4125,50.4458],[30.3917,50.4542],[30.4089,50.4696],[30.3994,50.4757],[30.4091,50.4909],[30.4313,50.4923],[30.5294,50.53],[30.5292,50.5458],[30.5559,50.5379],[30.5774,50.5371],[30.5941,50.5246],[30.6524,50.5254],[30.6726,50.5455],[30.6951,50.5491],[30.7061,50.5339],[30.7288,50.5385],[30.7453,50.5603],[30.7833,50.5667],[30.7883,50.5867],[30.8035,50.5925],[30.8042,50.6042],[30.792,50.6142],[30.8,50.6333],[30.848,50.6328],[30.8667,50.6458],[30.8675,50.6741],[30.8829,50.6896],[30.8754,50.7233],[30.883,50.7309],[30.8833,50.7625],[30.9012,50.7839],[30.9159,50.7786],[30.9301,50.791],[30.9589,50.797],[30.9286,50.8282],[30.9509,50.8618],[30.9699,50.8714],[30.9899,50.8629],[30.9996,50.8725],[31.0313,50.8702],[31.0479,50.8631],[31.0658,50.8798],[31.0937,50.8673],[31.1326,50.8575],[31.1195,50.825],[31.1083,50.8137],[31.1272,50.8077],[31.1395,50.7965],[31.1741,50.8049],[31.1761,50.8128],[31.1922,50.8007],[31.191,50.7843],[31.1747,50.772],[31.1976,50.7379],[31.2267,50.7254],[31.2775,50.7246],[31.2833,50.7125],[31.3564,50.712],[31.3728,50.7047],[31.4074,50.7047],[31.4243,50.701],[31.4199,50.7242],[31.4053,50.7293],[31.3993,50.7534],[31.3844,50.7585],[31.4229,50.7875],[31.4483,50.7871],[31.4913,50.774],[31.5042,50.7458],[31.5312,50.775],[31.5605,50.7744],[31.572,50.7619],[31.6064,50.7631],[31.6375,50.7583],[31.6525,50.7587],[31.6858,50.7496],[31.6871,50.7267],[31.6754,50.7066],[31.6756,50.6676],[31.7125,50.6625],[31.709,50.6343],[31.7201,50.6283],[31.7328,50.6022],[31.734,50.5885],[31.7451,50.5824],[31.75,50.5625],[31.7743,50.5531],[31.7801,50.5252],[31.7956,50.5199],[31.801,50.509],[31.8242,50.5076],[31.8216,50.48],[31.8297,50.478],[31.8285,50.4593],[31.8167,50.45],[31.8303,50.4289],[31.8413,50.4322],[31.8657,50.4036],[31.8866,50.4048],[31.8887,50.4131],[31.9121,50.4032],[31.927,50.3797],[31.9574,50.3744],[31.9625,50.3583],[31.9465,50.3617],[31.9452,50.3412],[31.9509,50.3301],[31.97,50.3242],[31.9756,50.3055],[31.9625,50.3167],[31.9219,50.3215],[31.9163,50.3298],[31.9021,50.3214],[31.884,50.3242],[31.8827,50.3035],[31.8911,50.2938],[31.8919,50.2718],[31.8676,50.2616],[31.8621,50.235],[31.8504,50.2184],[31.8559,50.2129],[31.8771,50.2245],[31.8895,50.2131],[31.916,50.1991],[31.9007,50.1908],[31.8994,50.1782],[31.9167,50.1625],[31.9343,50.1547],[31.9603,50.1339],[31.9729,50.1296],[31.9812,50.137],[32.0172,50.1071],[32.0081,50.0761],[32.0328,50.0522],[32.0375,50.0375],[32.0618,50.0426],[32.0632,50.0533],[32.078,50.0629],[32.1074,50.0618],[32.1132,50.0426],[32.1407,50.0203],[32.1511,50.0294],[32.1833,50.0167],[32.2022,50.0203],[32.2212,50.0072],[32.2119,49.9968],[32.2169,49.9845],[32.2036,49.9757],[32.2167,49.9458],[32.2304,49.9547],[32.2532,49.9535],[32.2619,49.9397],[32.2631,49.9177],[32.2866,49.9033],[32.2833,49.8917],[32.3103,49.8798],[32.3325,49.8785],[32.3511,49.8503],[32.3895,49.8256],[32.4242,49.8201],[32.4255,49.8097],[32.4119,49.8005],[32.4132,49.7841],[32.4245,49.7825],[32.4427,49.7591],[32.45,49.7583],[32.4619,49.7354],[32.4574,49.7203],[32.4383,49.7381],[32.4215,49.7272],[32.4208,49.675],[32.4333,49.6792],[32.4437,49.6953],[32.4574,49.6866],[32.4676,49.6676],[32.4868,49.6494],[32.5028,49.6541],[32.5133,49.6298],[32.5292,49.6292],[32.5217,49.6119],[32.4828,49.5863],[32.4884,49.5592],[32.5153,49.55],[32.5218,49.5673],[32.5367,49.5659],[32.5383,49.5551],[32.5603,49.5423],[32.598,49.5285],[32.6103,49.5173],[32.625,49.5167],[32.6195,49.4952],[32.6088,49.5006],[32.584,49.4909],[32.575,49.4639],[32.6039,49.4489],[32.6167,49.4304],[32.6093,49.4282],[32.6051,49.4089],[32.6202,49.3991],[32.6342,49.3798],[32.6578,49.3686],[32.6453,49.3509],[32.6728,49.338],[32.7061,49.3339],[32.748,49.3327],[32.7827,49.3242],[32.784,49.2925],[32.8034,49.2868],[32.8093,49.2706],[32.8162,49.2756],[32.8625,49.2417],[32.8583,49.2292]]]}},{"type":"Feature","properties":{"id":"225201","riverUk":"Десна","riverEn":"Desna","oblasts":["chernihiv","kyiv"],"point":[31.3436,51.1604],"kakhovka":false},"geometry":{"type":"Polygon","coordinates":[[[30.6703,51.152],[30.6714,51.173],[30.6795,51.1822],[30.6673,51.1885],[30.6676,51.2035],[30.6811,51.2161],[30.6991,51.2173],[30.7199,51.2464],[30.7397,51.2453],[30.7478,51.2381],[30.7637,51.2547],[30.8083,51.25],[30.8243,51.2634],[30.8256,51.2738],[30.8089,51.2844],[30.8083,51.3083],[30.8284,51.3131],[30.8409,51.3078],[30.877,51.3286],[30.903,51.3244],[30.9161,51.3426],[30.9172,51.3689],[30.9292,51.3958],[30.9375,51.3958],[30.9381,51.42],[30.9576,51.4174],[30.959,51.4365],[30.938,51.4479],[30.9631,51.4743],[30.9494,51.4845],[30.9548,51.5198],[30.9704,51.5261],[30.955,51.5299],[30.9452,51.5756],[30.9508,51.5826],[30.9784,51.5883],[30.9522,51.6161],[30.9137,51.6256],[30.9074,51.609],[30.8909,51.6078],[30.8659,51.6256],[30.8542,51.6208],[30.8536,51.6449],[30.8465,51.6467],[30.8453,51.6655],[30.8583,51.6833],[30.8783,51.6866],[30.8553,51.6961],[30.8451,51.6869],[30.8272,51.6953],[30.7701,51.7006],[30.725,51.7],[30.725,51.7167],[30.7438,51.7173],[30.7544,51.7325],[30.7752,51.734],[30.7892,51.7162],[30.8213,51.7174],[30.8118,51.7295],[30.8364,51.7383],[30.884,51.7389],[30.8842,51.7669],[30.8913,51.7619],[30.9438,51.7631],[30.975,51.7667],[31.0184,51.7587],[31.0899,51.7587],[31.1283,51.7659],[31.1375,51.7583],[31.2022,51.7547],[31.2116,51.7631],[31.266,51.7594],[31.277,51.7744],[31.3323,51.7756],[31.3436,51.7953],[31.3625,51.7958],[31.3787,51.791],[31.3907,51.7961],[31.3924,51.7843],[31.4272,51.7785],[31.4476,51.7629],[31.4941,51.758],[31.5226,51.7379],[31.5542,51.7292],[31.5458,51.7063],[31.5538,51.6941],[31.5547,51.6436],[31.5618,51.6259],[31.5509,51.62],[31.541,51.5967],[31.5257,51.5908],[31.5083,51.5708],[31.5202,51.5658],[31.5214,51.5478],[31.5333,51.5333],[31.534,51.4937],[31.5411,51.4854],[31.5173,51.4605],[31.5093,51.4466],[31.537,51.4369],[31.5617,51.4382],[31.5701,51.4491],[31.5812,51.4256],[31.6105,51.4202],[31.637,51.4077],[31.6589,51.4113],[31.6465,51.4033],[31.6423,51.3759],[31.6536,51.3689],[31.6452,51.3217],[31.6167,51.3167],[31.6164,51.3053],[31.6343,51.2923],[31.6583,51.2917],[31.6761,51.2706],[31.6826,51.2756],[31.7314,51.2703],[31.7417,51.2583],[31.7661,51.2494],[31.7911,51.2548],[31.8367,51.2531],[31.848,51.2256],[31.83,51.2243],[31.8286,51.2148],[31.8742,51.1911],[31.8978,51.1964],[31.9245,51.1911],[31.9687,51.2202],[31.9833,51.2208],[31.984,51.2008],[31.9953,51.1992],[32.016,51.1688],[32.0167,51.15],[32.0772,51.1547],[32.0936,51.1703],[32.1314,51.1797],[32.1451,51.1881],[32.1686,51.1631],[32.2076,51.1494],[32.2366,51.1533],[32.2697,51.1371],[32.2822,51.1503],[32.2979,51.1338],[32.3161,51.1324],[32.3339,51.1155],[32.325,51.0917],[32.3564,51.0911],[32.3978,51.0547],[32.4271,51.0578],[32.462,51.0452],[32.5034,51.0635],[32.5051,51.0753],[32.5329,51.0577],[32.5383,51.0703],[32.5534,51.0801],[32.5552,51.0923],[32.5718,51.084],[32.6105,51.0881],[32.6368,51.1006],[32.6534,51.0953],[32.6699,51.1007],[32.7083,51.125],[32.7087,51.1017],[32.717,51.0934],[32.7129,51.0774],[32.718,51.0624],[32.7382,51.0527],[32.7285,51.0485],[32.7299,51.0299],[32.773,51.0285],[32.7854,51.0215],[32.8198,51.0159],[32.8354,51.0007],[32.8614,50.9993],[32.8843,50.9718],[32.899,50.9657],[32.8247,50.9673],[32.7997,50.9619],[32.7466,50.9618],[32.7451,50.9467],[32.7223,50.9465],[32.7048,50.923],[32.7019,50.8911],[32.6886,50.8786],[32.678,50.8911],[32.6478,50.8922],[32.6397,50.8995],[32.6208,50.9],[32.6212,50.9316],[32.633,50.9476],[32.6333,50.975],[32.6158,50.9827],[32.5561,50.9869],[32.5284,50.9744],[32.4868,50.9744],[32.4729,50.9829],[32.4395,50.9839],[32.4105,50.9911],[32.3853,50.9922],[32.3632,51.0009],[32.3625,51.0083],[32.3269,51.0078],[32.3208,50.9917],[32.276,50.9923],[32.2632,51.0008],[32.2618,51.0283],[32.2355,51.0215],[32.1847,51.0215],[32.1649,51.0045],[32.1292,51.0042],[32.1458,50.9792],[32.1342,50.9785],[32.1381,50.9534],[32.1256,50.9355],[32.1243,50.9218],[32.1105,50.9131],[32.0911,50.9119],[32.0703,50.9173],[32.0619,50.9078],[32.0673,50.8867],[32.0619,50.873],[32.0625,50.85],[32.0353,50.8589],[32.0063,50.8745],[31.9951,50.8703],[31.9679,50.8797],[31.9658,50.8715],[31.9216,50.8575],[31.909,50.8407],[31.9077,50.8229],[31.8923,50.8063],[31.891,50.7841],[31.8621,50.7881],[31.8354,50.7827],[31.8244,50.7704],[31.825,50.7542],[31.7851,50.7504],[31.7563,50.7827],[31.7382,50.7883],[31.7323,50.8076],[31.7093,50.8122],[31.7076,50.824],[31.6829,50.8298],[31.6423,50.8157],[31.641,50.7885],[31.6535,50.7867],[31.6542,50.775],[31.6375,50.7708],[31.6375,50.7583],[31.6064,50.7631],[31.572,50.7619],[31.5605,50.7744],[31.5312,50.775],[31.5042,50.7458],[31.4913,50.774],[31.4483,50.7871],[31.4229,50.7875],[31.3844,50.7585],[31.3993,50.7534],[31.4053,50.7293],[31.4199,50.7242],[31.4243,50.701],[31.4074,50.7047],[31.3728,50.7047],[31.3564,50.712],[31.2833,50.7125],[31.2775,50.7246],[31.2267,50.7254],[31.1976,50.7379],[31.1747,50.772],[31.191,50.7843],[31.1922,50.8007],[31.1761,50.8128],[31.1741,50.8049],[31.1395,50.7965],[31.1272,50.8077],[31.1083,50.8137],[31.1195,50.825],[31.1326,50.8575],[31.0937,50.8673],[31.0658,50.8798],[31.0479,50.8631],[31.0313,50.8702],[30.9996,50.8725],[30.9899,50.8629],[30.9699,50.8714],[30.9509,50.8618],[30.9286,50.8282],[30.9589,50.797],[30.9301,50.791],[30.9159,50.7786],[30.9012,50.7839],[30.8833,50.7625],[30.883,50.7309],[30.8754,50.7233],[30.8829,50.6896],[30.8675,50.6741],[30.8667,50.6458],[30.848,50.6328],[30.8,50.6333],[30.792,50.6142],[30.8042,50.6042],[30.8035,50.5925],[30.7883,50.5867],[30.7833,50.5667],[30.7453,50.5603],[30.7288,50.5385],[30.7061,50.5339],[30.6951,50.5491],[30.6726,50.5455],[30.6524,50.5254],[30.5941,50.5246],[30.5774,50.5371],[30.5559,50.5379],[30.5292,50.5458],[30.5301,50.5576],[30.5491,50.5634],[30.5631,50.6174],[30.5578,50.6257],[30.5667,50.6458],[30.5621,50.6733],[30.5629,50.7066],[30.575,50.725],[30.5675,50.7344],[30.566,50.7631],[30.5797,50.7784],[30.596,50.7798],[30.6093,50.7677],[30.6367,50.7537],[30.6382,50.7839],[30.6292,50.7945],[30.6531,50.8042],[30.6458,50.825],[30.6458,50.8458],[30.6257,50.8508],[30.6244,50.8653],[30.6422,50.8722],[30.6409,50.8826],[30.6134,50.8884],[30.605,50.9164],[30.6256,50.9264],[30.616,50.9497],[30.6284,50.9635],[30.6301,50.9798],[30.6646,50.9785],[30.6812,50.9827],[30.7,50.975],[30.7048,50.9872],[30.6949,51.0123],[30.6757,51.0174],[30.6744,51.0355],[30.666,51.0452],[30.6744,51.0645],[30.6799,51.099],[30.6625,51.1417],[30.6703,51.152]]]}},{"type":"Feature","properties":{"id":"225202","riverUk":"Снов","riverEn":"Snov","oblasts":["chernihiv"],"point":[31.9019,51.9311],"kakhovka":false},"geometry":{"type":"Polygon","coordinates":[[[31.5214,51.5478],[31.5202,51.5658],[31.5083,51.5708],[31.5257,51.5908],[31.541,51.5967],[31.5509,51.62],[31.5618,51.6259],[31.5547,51.6436],[31.5538,51.6941],[31.5458,51.7063],[31.5542,51.7292],[31.5226,51.7379],[31.4941,51.758],[31.4476,51.7629],[31.4272,51.7785],[31.3924,51.7843],[31.3907,51.7961],[31.3787,51.791],[31.3625,51.7958],[31.3632,51.8116],[31.3756,51.818],[31.3508,51.8258],[31.3375,51.857],[31.3575,51.8741],[31.3506,51.8759],[31.3495,51.9021],[31.3407,51.9118],[31.3063,51.9287],[31.2875,51.9292],[31.283,51.9517],[31.2833,51.9917],[31.348,51.9923],[31.3617,51.9967],[31.3633,52.0118],[31.4017,52.0205],[31.4324,52.0214],[31.4467,52.041],[31.5149,52.0587],[31.5275,52.067],[31.5358,52.0621],[31.5608,52.067],[31.5858,52.058],[31.6025,52.067],[31.6292,52.0625],[31.6463,52.0908],[31.5954,52.0869],[31.5841,52.0927],[31.5829,52.1049],[31.6499,52.0968],[31.7977,52.1025],[31.8227,52.0987],[31.8314,52.1033],[31.8587,52.0999],[31.8821,52.0864],[31.892,52.0362],[31.9104,52.0291],[31.9272,52.0311],[31.9806,52.0476],[32.0197,52.0493],[32.0659,52.0347],[32.0963,52.0336],[32.1118,52.0455],[32.134,52.0434],[32.1318,52.0513],[32.2333,52.0809],[32.2907,52.103],[32.2935,52.1183],[32.3165,52.121],[32.3203,52.1362],[32.3601,52.1399],[32.3652,52.1553],[32.3313,52.1557],[32.3285,52.1649],[32.3469,52.1825],[32.3456,52.1929],[32.3253,52.2136],[32.3379,52.2255],[32.3613,52.2359],[32.4017,52.2482],[32.3905,52.253],[32.3829,52.2697],[32.3949,52.2782],[32.3703,52.275],[32.3536,52.3216],[32.3943,52.3268],[32.4806,52.3071],[32.5284,52.3162],[32.6858,52.265],[32.7006,52.2479],[32.7132,52.2561],[32.7556,52.2524],[32.8105,52.2613],[32.8442,52.2623],[32.8908,52.2423],[32.9269,52.2469],[32.9751,52.2734],[32.9961,52.2765],[33.0187,52.259],[33.0284,52.2575],[33.0381,52.2382],[33.0285,52.232],[33.0423,52.2171],[33.0248,52.1929],[33.0417,52.1792],[33.0189,52.1506],[32.9868,52.1547],[32.9812,52.1505],[32.9647,52.1619],[32.9451,52.1631],[32.9272,52.1547],[32.9034,52.1536],[32.8887,52.1589],[32.8801,52.1382],[32.8908,52.1368],[32.9115,52.1161],[32.9193,52.1208],[32.9437,52.1006],[32.9745,52.0952],[32.998,52.0965],[33.0242,52.1049],[33.0305,52.1173],[33.0409,52.1159],[33.042,52.0975],[33.0625,52.0875],[33.0631,52.0677],[33.0792,52.0515],[33.0661,52.0446],[33.075,52.0208],[33.0612,52.0126],[33.048,52.0202],[33.0049,52.0239],[33.0034,52.0049],[32.9841,52.0034],[32.9827,51.9854],[32.9708,51.975],[32.9495,51.9678],[32.9583,51.95],[32.925,51.9625],[32.9244,51.9425],[32.9159,51.9412],[32.8842,51.9551],[32.8755,51.9673],[32.863,51.9619],[32.8395,51.9631],[32.8172,51.9756],[32.7922,51.9661],[32.7667,51.975],[32.766,51.9676],[32.7353,51.9578],[32.7189,51.9422],[32.7049,51.9369],[32.6882,51.9464],[32.6812,51.9421],[32.6591,51.9506],[32.6311,51.9464],[32.622,51.9545],[32.6,51.9333],[32.5853,51.9328],[32.5604,51.9213],[32.5396,51.9412],[32.5314,51.9339],[32.498,51.9256],[32.4676,51.9285],[32.4451,51.9256],[32.4286,51.9009],[32.4326,51.8842],[32.4078,51.8675],[32.4172,51.8613],[32.4024,51.8295],[32.3792,51.825],[32.3843,51.8048],[32.4075,51.8035],[32.4092,51.792],[32.425,51.7833],[32.4299,51.7676],[32.4439,51.7619],[32.4645,51.7422],[32.4853,51.7297],[32.5158,51.7286],[32.5283,51.7007],[32.5083,51.7],[32.4939,51.6922],[32.449,51.6994],[32.4161,51.6978],[32.3958,51.6792],[32.3517,51.6795],[32.3339,51.702],[32.3282,51.7172],[32.3105,51.7006],[32.2843,51.7131],[32.27,51.745],[32.2583,51.75],[32.2104,51.7495],[32.1762,51.7328],[32.1637,51.7464],[32.1493,51.7136],[32.1324,51.7119],[32.123,51.7203],[32.1062,51.7171],[32.098,51.7244],[32.0618,51.7256],[32.034,51.7074],[32.0282,51.6923],[31.9978,51.6911],[31.9866,51.6828],[31.9548,51.6866],[31.9462,51.6646],[31.95,51.6542],[31.93,51.6535],[31.9284,51.6424],[31.9105,51.6381],[31.8635,51.6368],[31.8615,51.6298],[31.8125,51.625],[31.7855,51.6089],[31.7686,51.6078],[31.7272,51.5881],[31.7032,51.5869],[31.6939,51.5953],[31.6554,51.5964],[31.6538,51.5684],[31.6358,51.5587],[31.5767,51.558],[31.5649,51.5462],[31.5333,51.5333],[31.5214,51.5478]]]}},{"type":"Feature","properties":{"id":"225203","riverUk":"Десна","riverEn":"Desna","oblasts":["chernihiv"],"point":[32.1064,51.3999],"kakhovka":false},"geometry":{"type":"Polygon","coordinates":[[[31.5649,51.5462],[31.5767,51.558],[31.6358,51.5587],[31.6538,51.5684],[31.6554,51.5964],[31.6939,51.5953],[31.7032,51.5869],[31.7272,51.5881],[31.7686,51.6078],[31.7855,51.6089],[31.8125,51.625],[31.8615,51.6298],[31.8635,51.6368],[31.9105,51.6381],[31.9284,51.6424],[31.93,51.6535],[31.95,51.6542],[31.9462,51.6646],[31.9548,51.6866],[31.9866,51.6828],[31.9978,51.6911],[32.0282,51.6923],[32.034,51.7074],[32.0618,51.7256],[32.098,51.7244],[32.1062,51.7171],[32.123,51.7203],[32.1324,51.7119],[32.1493,51.7136],[32.1637,51.7464],[32.1762,51.7328],[32.2104,51.7495],[32.2583,51.75],[32.27,51.745],[32.2843,51.7131],[32.3105,51.7006],[32.3282,51.7172],[32.3339,51.702],[32.3517,51.6795],[32.3958,51.6792],[32.4119,51.6699],[32.4121,51.6351],[32.4038,51.6225],[32.4045,51.5767],[32.427,51.5631],[32.4491,51.5576],[32.4506,51.526],[32.473,51.5214],[32.4902,51.5292],[32.4965,51.5134],[32.5229,51.4838],[32.5483,51.4746],[32.5542,51.4625],[32.5667,51.4583],[32.559,51.4051],[32.5869,51.3897],[32.5875,51.3625],[32.623,51.3619],[32.6284,51.3578],[32.6647,51.3589],[32.6701,51.3631],[32.7033,51.3619],[32.7103,51.3506],[32.7284,51.3453],[32.7458,51.35],[32.7728,51.3089],[32.7936,51.3006],[32.8407,51.2994],[32.841,51.277],[32.8246,51.2509],[32.8493,51.2448],[32.8542,51.2208],[32.8634,51.2093],[32.8825,51.2034],[32.8841,51.1923],[32.9115,51.191],[32.9228,51.1798],[32.9506,51.1736],[32.947,51.1549],[32.9583,51.15],[32.9377,51.141],[32.9305,51.1458],[32.92,51.1216],[32.9007,51.1201],[32.8941,51.1121],[32.8625,51.1125],[32.8441,51.1212],[32.8208,51.1083],[32.74,51.108],[32.7083,51.125],[32.6699,51.1007],[32.6534,51.0953],[32.6368,51.1006],[32.6105,51.0881],[32.5718,51.084],[32.5552,51.0923],[32.5534,51.0801],[32.5383,51.0703],[32.5329,51.0577],[32.5051,51.0753],[32.5034,51.0635],[32.462,51.0452],[32.4271,51.0578],[32.3978,51.0547],[32.3564,51.0911],[32.325,51.0917],[32.3339,51.1155],[32.3161,51.1324],[32.2979,51.1338],[32.2822,51.1503],[32.2697,51.1371],[32.2366,51.1533],[32.2076,51.1494],[32.1686,51.1631],[32.1451,51.1881],[32.1314,51.1797],[32.0936,51.1703],[32.0772,51.1547],[32.0167,51.15],[32.016,51.1688],[31.9953,51.1992],[31.984,51.2008],[31.9833,51.2208],[31.9687,51.2202],[31.9245,51.1911],[31.8978,51.1964],[31.8742,51.1911],[31.8286,51.2148],[31.83,51.2243],[31.848,51.2256],[31.8367,51.2531],[31.7911,51.2548],[31.7661,51.2494],[31.7417,51.2583],[31.7314,51.2703],[31.6826,51.2756],[31.6761,51.2706],[31.6583,51.2917],[31.6343,51.2923],[31.6164,51.3053],[31.6167,51.3167],[31.6452,51.3217],[31.6536,51.3689],[31.6423,51.3759],[31.6465,51.4033],[31.6589,51.4113],[31.637,51.4077],[31.6105,51.4202],[31.5812,51.4256],[31.5701,51.4491],[31.5617,51.4382],[31.537,51.4369],[31.5093,51.4466],[31.5173,51.4605],[31.5411,51.4854],[31.534,51.4937],[31.5333,51.5333],[31.5649,51.5462]]]}},{"type":"Feature","properties":{"id":"225204","riverUk":"Сейм","riverEn":"Seim","oblasts":["sumy","chernihiv"],"point":[33.3965,51.3797],"kakhovka":false},"geometry":{"type":"Polygon","coordinates":[[[34.3936,50.8881],[34.3814,50.8953],[34.3534,50.8964],[34.3449,50.884],[34.3158,50.8911],[34.2559,50.8962],[34.2365,50.924],[34.2146,50.9327],[34.1937,50.934],[34.1625,50.9429],[34.1619,50.9548],[34.1716,50.9784],[34.1866,50.9799],[34.1826,50.9951],[34.1604,50.9965],[34.1354,51.0048],[34.124,51.0199],[34.0631,51.0397],[34.076,51.0576],[34.0868,51.0591],[34.0871,51.0899],[34.0775,51.0962],[34.0566,51.0962],[34.0441,51.0837],[34.002,51.084],[33.9829,51.0881],[33.9454,51.0785],[33.9324,51.0907],[33.8954,51.1048],[33.8868,51.0994],[33.8605,51.1119],[33.8312,51.1131],[33.8022,51.1327],[33.7782,51.1424],[33.7603,51.141],[33.7396,51.1255],[33.7203,51.1176],[33.7216,51.0967],[33.7371,51.085],[33.7233,51.0754],[33.6937,51.0756],[33.6813,51.0869],[33.6603,51.0881],[33.6313,51.1077],[33.6091,51.109],[33.5992,51.1407],[33.5855,51.1494],[33.5688,51.1464],[33.5412,51.1548],[33.5323,51.1424],[33.5037,51.1327],[33.4887,51.1333],[33.4867,51.1544],[33.4561,51.1453],[33.4494,51.1304],[33.466,51.1241],[33.4756,51.1034],[33.4704,51.0968],[33.4525,51.1004],[33.4292,51.0917],[33.3812,51.0958],[33.3483,51.1163],[33.2983,51.117],[33.2559,51.1205],[33.2462,51.1066],[33.2458,51.0917],[33.2103,51.1006],[33.2022,51.1078],[33.1618,51.1089],[33.1368,51.1036],[33.1063,51.1088],[33.0439,51.1369],[33.0108,51.1455],[32.9583,51.15],[32.947,51.1549],[32.9506,51.1736],[32.9228,51.1798],[32.9115,51.191],[32.8841,51.1923],[32.8825,51.2034],[32.8634,51.2093],[32.8542,51.2208],[32.8493,51.2448],[32.8246,51.2509],[32.841,51.277],[32.8407,51.2994],[32.7936,51.3006],[32.7728,51.3089],[32.7458,51.35],[32.7284,51.3453],[32.7103,51.3506],[32.7033,51.3619],[32.6701,51.3631],[32.6647,51.3589],[32.6284,51.3578],[32.623,51.3619],[32.5875,51.3625],[32.5869,51.3897],[32.559,51.4051],[32.5667,51.4583],[32.5542,51.4625],[32.5742,51.4676],[32.5759,51.4794],[32.588,51.4744],[32.6,51.4958],[32.6188,51.4921],[32.6618,51.5256],[32.6676,51.5173],[32.6991,51.5118],[32.7118,51.4994],[32.7355,51.5036],[32.7576,51.4843],[32.7591,51.4951],[32.7951,51.5047],[32.8159,51.4994],[32.8534,51.5131],[32.8772,51.5119],[32.8884,51.5007],[32.9147,51.5006],[32.9407,51.5172],[32.9479,51.513],[32.9816,51.5212],[32.9917,51.5375],[33.0205,51.5465],[33.0259,51.5285],[33.0656,51.5326],[33.0867,51.5243],[33.101,51.5007],[33.1164,51.4992],[33.1223,51.4869],[33.1645,51.4952],[33.2131,51.4988],[33.1994,51.4902],[33.2125,51.4542],[33.2866,51.4757],[33.3186,51.5036],[33.3583,51.5042],[33.3826,51.4911],[33.3909,51.4964],[33.4189,51.4911],[33.4368,51.4828],[33.4534,51.4964],[33.4867,51.4909],[33.5,51.475],[33.5191,51.4837],[33.5309,51.4996],[33.5524,51.5004],[33.5726,51.508],[33.5949,51.5093],[33.6122,51.5175],[33.6174,51.5367],[33.6271,51.5381],[33.6451,51.5548],[33.6628,51.5533],[33.6663,51.5369],[33.6979,51.5423],[33.7187,51.5577],[33.7497,51.5452],[33.7705,51.5684],[33.7708,51.5833],[33.7559,51.5837],[33.7191,51.6038],[33.6384,51.63],[33.6186,51.6494],[33.6397,51.6506],[33.6658,51.6592],[33.6818,51.6542],[33.6926,51.6827],[33.7312,51.6912],[33.7493,51.6828],[33.7785,51.6842],[33.7825,51.7033],[33.7632,51.7176],[33.7536,51.7564],[33.7593,51.7756],[33.7787,51.7702],[33.8022,51.7715],[33.827,51.7869],[33.8688,51.7881],[33.8938,51.7923],[33.9162,51.8048],[33.9271,51.8006],[33.9867,51.7993],[34.001,51.7799],[34.0296,51.784],[34.049,51.7785],[34.0506,51.7897],[34.0667,51.8042],[34.1042,51.8083],[34.1093,51.8256],[34.1323,51.8243],[34.1395,51.8172],[34.1966,51.8244],[34.2376,51.8775],[34.2767,51.8812],[34.2946,51.8739],[34.3278,51.8505],[34.3473,51.8417],[34.3857,51.8177],[34.4127,51.7777],[34.4142,51.7365],[34.3874,51.7168],[34.3685,51.7128],[34.3062,51.7188],[34.2967,51.7076],[34.2339,51.6968],[34.2131,51.7029],[34.1613,51.6863],[34.1284,51.6893],[34.1257,51.6842],[34.0843,51.6693],[34.0795,51.6431],[34.0907,51.6332],[34.1401,51.6212],[34.1489,51.5932],[34.1603,51.5761],[34.2024,51.5462],[34.2237,51.5148],[34.226,51.4929],[34.2121,51.455],[34.2196,51.4273],[34.2088,51.4115],[34.187,51.4083],[34.1859,51.3942],[34.2305,51.3677],[34.2803,51.3613],[34.3002,51.3684],[34.3085,51.3356],[34.2812,51.3347],[34.2888,51.3223],[34.2728,51.3145],[34.2666,51.2987],[34.2587,51.3024],[34.2377,51.2923],[34.2552,51.2819],[34.2339,51.2697],[34.186,51.2489],[34.2579,51.2296],[34.2818,51.2264],[34.3129,51.2386],[34.3309,51.2399],[34.3522,51.2536],[34.3718,51.2568],[34.409,51.2531],[34.5135,51.2296],[34.5742,51.2363],[34.6084,51.234],[34.6224,51.2248],[34.6428,51.1806],[34.6749,51.1677],[34.7481,51.1647],[34.8078,51.1733],[34.8173,51.1689],[34.8356,51.1795],[34.8921,51.1945],[34.9461,51.2143],[34.9618,51.2153],[34.9994,51.2021],[35.0389,51.2102],[35.0398,51.2044],[35.0633,51.2114],[35.0616,51.205],[35.0375,51.1958],[35.0411,51.1811],[35.0214,51.1605],[35.0158,51.1467],[34.973,51.1214],[34.9634,51.1201],[34.9542,51.1042],[34.9218,51.1171],[34.91,51.1038],[34.8708,51.1083],[34.8559,51.0955],[34.797,51.1089],[34.7949,51.1006],[34.7782,51.0994],[34.7689,51.1078],[34.7476,51.108],[34.7229,51.0922],[34.7079,51.1006],[34.6855,51.0923],[34.6368,51.0965],[34.6173,51.073],[34.6159,51.0593],[34.5965,51.0534],[34.5952,51.0312],[34.5875,51.0083],[34.5676,51.0077],[34.5618,50.9884],[34.548,50.9797],[34.5145,50.9839],[34.4929,50.9922],[34.5,50.9682],[34.4884,50.9616],[34.4881,50.9466],[34.4672,50.923],[34.466,50.9093],[34.448,50.8964],[34.434,50.8949],[34.4333,50.8833],[34.3936,50.8881]]]}},{"type":"Feature","properties":{"id":"225205","riverUk":"Десна","riverEn":"Desna","oblasts":["sumy","chernihiv"],"point":[33.3246,51.906],"kakhovka":false},"geometry":{"type":"Polygon","coordinates":[[[32.5483,51.4746],[32.5229,51.4838],[32.4965,51.5134],[32.4902,51.5292],[32.473,51.5214],[32.4506,51.526],[32.4491,51.5576],[32.427,51.5631],[32.4045,51.5767],[32.4038,51.6225],[32.4121,51.6351],[32.4119,51.6699],[32.3958,51.6792],[32.4161,51.6978],[32.449,51.6994],[32.4939,51.6922],[32.5083,51.7],[32.5283,51.7007],[32.5158,51.7286],[32.4853,51.7297],[32.4645,51.7422],[32.4439,51.7619],[32.4299,51.7676],[32.425,51.7833],[32.4092,51.792],[32.4075,51.8035],[32.3843,51.8048],[32.3792,51.825],[32.4024,51.8295],[32.4172,51.8613],[32.4078,51.8675],[32.4326,51.8842],[32.4286,51.9009],[32.4451,51.9256],[32.4676,51.9285],[32.498,51.9256],[32.5314,51.9339],[32.5396,51.9412],[32.5604,51.9213],[32.5853,51.9328],[32.6,51.9333],[32.622,51.9545],[32.6311,51.9464],[32.6591,51.9506],[32.6812,51.9421],[32.6882,51.9464],[32.7049,51.9369],[32.7189,51.9422],[32.7353,51.9578],[32.766,51.9676],[32.7667,51.975],[32.7922,51.9661],[32.8172,51.9756],[32.8395,51.9631],[32.863,51.9619],[32.8755,51.9673],[32.8842,51.9551],[32.9159,51.9412],[32.9244,51.9425],[32.925,51.9625],[32.9583,51.95],[32.9495,51.9678],[32.9708,51.975],[32.9827,51.9854],[32.9841,52.0034],[33.0034,52.0049],[33.0049,52.0239],[33.048,52.0202],[33.0612,52.0126],[33.075,52.0208],[33.0661,52.0446],[33.0792,52.0515],[33.0631,52.0677],[33.0625,52.0875],[33.042,52.0975],[33.0409,52.1159],[33.0305,52.1173],[33.0242,52.1049],[32.998,52.0965],[32.9745,52.0952],[32.9437,52.1006],[32.9193,52.1208],[32.9115,52.1161],[32.8908,52.1368],[32.8801,52.1382],[32.8887,52.1589],[32.9034,52.1536],[32.9272,52.1547],[32.9451,52.1631],[32.9647,52.1619],[32.9812,52.1505],[32.9868,52.1547],[33.0189,52.1506],[33.0417,52.1792],[33.0699,52.1743],[33.0965,52.1467],[33.1158,52.1507],[33.1257,52.1741],[33.1667,52.1875],[33.1708,52.1979],[33.1617,52.2201],[33.1382,52.2216],[33.1371,52.2359],[33.1493,52.2427],[33.1507,52.2573],[33.1618,52.2536],[33.1937,52.2662],[33.2116,52.2632],[33.2186,52.2744],[33.2478,52.2786],[33.2939,52.2797],[33.3103,52.2911],[33.3325,52.2967],[33.3395,52.3078],[33.3958,52.3125],[33.3858,52.3288],[33.3587,52.335],[33.3632,52.357],[33.3762,52.3553],[33.4193,52.3383],[33.4373,52.3392],[33.4805,52.3578],[33.4994,52.341],[33.4808,52.3161],[33.5101,52.2875],[33.5317,52.2888],[33.6005,52.3309],[33.6246,52.3378],[33.6554,52.339],[33.6794,52.3473],[33.678,52.353],[33.7196,52.3594],[33.7244,52.3535],[33.7509,52.3606],[33.779,52.3601],[33.8041,52.3546],[33.8391,52.3139],[33.8587,52.3022],[33.9007,52.2859],[33.9195,52.2698],[33.9444,52.2358],[33.9578,52.2247],[34.0219,52.1979],[34.0557,52.1703],[34.071,52.149],[34.0739,52.1283],[34.0567,52.1058],[34.0626,52.0502],[34.0682,52.031],[34.1011,51.9925],[34.1044,51.9753],[34.0962,51.9518],[34.1462,51.9516],[34.1664,51.9423],[34.2034,51.9123],[34.2226,51.9032],[34.2376,51.8775],[34.1966,51.8244],[34.1395,51.8172],[34.1323,51.8243],[34.1093,51.8256],[34.1042,51.8083],[34.0667,51.8042],[34.0506,51.7897],[34.049,51.7785],[34.0296,51.784],[34.001,51.7799],[33.9867,51.7993],[33.9271,51.8006],[33.9162,51.8048],[33.8938,51.7923],[33.8688,51.7881],[33.827,51.7869],[33.8022,51.7715],[33.7787,51.7702],[33.7593,51.7756],[33.7536,51.7564],[33.7632,51.7176],[33.7825,51.7033],[33.7785,51.6842],[33.7493,51.6828],[33.7312,51.6912],[33.6926,51.6827],[33.6818,51.6542],[33.6658,51.6592],[33.6397,51.6506],[33.6186,51.6494],[33.6384,51.63],[33.7191,51.6038],[33.7559,51.5837],[33.7708,51.5833],[33.7705,51.5684],[33.7497,51.5452],[33.7187,51.5577],[33.6979,51.5423],[33.6663,51.5369],[33.6628,51.5533],[33.6451,51.5548],[33.6271,51.5381],[33.6174,51.5367],[33.6122,51.5175],[33.5949,51.5093],[33.5726,51.508],[33.5524,51.5004],[33.5309,51.4996],[33.5191,51.4837],[33.5,51.475],[33.4867,51.4909],[33.4534,51.4964],[33.4368,51.4828],[33.4189,51.4911],[33.3909,51.4964],[33.3826,51.4911],[33.3583,51.5042],[33.3186,51.5036],[33.2866,51.4757],[33.2125,51.4542],[33.1994,51.4902],[33.2131,51.4988],[33.1645,51.4952],[33.1223,51.4869],[33.1164,51.4992],[33.101,51.5007],[33.0867,51.5243],[33.0656,51.5326],[33.0259,51.5285],[33.0205,51.5465],[32.9917,51.5375],[32.9816,51.5212],[32.9479,51.513],[32.9407,51.5172],[32.9147,51.5006],[32.8884,51.5007],[32.8772,51.5119],[32.8534,51.5131],[32.8159,51.4994],[32.7951,51.5047],[32.7591,51.4951],[32.7576,51.4843],[32.7355,51.5036],[32.7118,51.4994],[32.6991,51.5118],[32.6676,51.5173],[32.6618,51.5256],[32.6188,51.4921],[32.6,51.4958],[32.588,51.4744],[32.5759,51.4794],[32.5742,51.4676],[32.5542,51.4625],[32.5483,51.4746]]]}},{"type":"Feature","properties":{"id":"225206","riverUk":null,"riverEn":null,"oblasts":["chernihiv"],"point":[33.0896,52.256],"kakhovka":false},"geometry":{"type":"Polygon","coordinates":[[[33.0248,52.1929],[33.0423,52.2171],[33.0285,52.232],[33.0381,52.2382],[33.0284,52.2575],[33.0187,52.259],[32.9961,52.2765],[32.9976,52.2858],[33.0482,52.3091],[33.067,52.3026],[33.0796,52.3056],[33.1075,52.3267],[33.1451,52.3436],[33.1696,52.3408],[33.1723,52.3626],[33.1965,52.3689],[33.2863,52.3583],[33.3064,52.3501],[33.3136,52.3549],[33.3369,52.3516],[33.3632,52.357],[33.3587,52.335],[33.3858,52.3288],[33.3958,52.3125],[33.3395,52.3078],[33.3325,52.2967],[33.3103,52.2911],[33.2939,52.2797],[33.2478,52.2786],[33.2186,52.2744],[33.2116,52.2632],[33.1937,52.2662],[33.1618,52.2536],[33.1507,52.2573],[33.1493,52.2427],[33.1371,52.2359],[33.1382,52.2216],[33.1617,52.2201],[33.1708,52.1979],[33.1667,52.1875],[33.1257,52.1741],[33.1158,52.1507],[33.0965,52.1467],[33.0699,52.1743],[33.0417,52.1792],[33.0248,52.1929]]]}},{"type":"Feature","properties":{"id":"225300","riverUk":"Тетерів","riverEn":"Teteriv","oblasts":["zhytomyr","kyiv"],"point":[29.3802,50.3958],"kakhovka":false},"geometry":{"type":"Polygon","coordinates":[[[28.2083,50.6375],[28.2354,50.6452],[28.2658,50.6414],[28.2708,50.6667],[28.3,50.675],[28.2956,50.7075],[28.3131,50.7092],[28.2994,50.7326],[28.3062,50.7452],[28.3281,50.7424],[28.3302,50.7493],[28.3899,50.7504],[28.4233,50.767],[28.4434,50.783],[28.4608,50.7837],[28.4757,50.7922],[28.4841,50.7869],[28.5116,50.8009],[28.5173,50.8241],[28.5434,50.842],[28.5691,50.8371],[28.6108,50.8379],[28.6358,50.833],[28.6708,50.8208],[28.6798,50.8461],[28.6743,50.8783],[28.6961,50.8798],[28.7252,50.8743],[28.7417,50.8833],[28.7554,50.8744],[28.7855,50.8786],[28.7909,50.8744],[28.8574,50.8756],[28.8851,50.8788],[28.9646,50.8792],[28.9691,50.8746],[28.9958,50.8792],[29.0042,50.8667],[29.0191,50.8712],[29.0441,50.8663],[29.0691,50.8712],[29.0875,50.8667],[29.0924,50.8868],[29.1164,50.8883],[29.1216,50.9031],[29.1369,50.9132],[29.1604,50.9119],[29.1779,50.9042],[29.1969,50.9368],[29.2167,50.9375],[29.2309,50.9212],[29.25,50.9208],[29.2453,50.9405],[29.2825,50.9467],[29.2845,50.9547],[29.373,50.9547],[29.3907,50.9674],[29.3994,50.9812],[29.3964,50.9938],[29.4187,51.0077],[29.4438,51.009],[29.4551,51.0282],[29.4743,51.0341],[29.4854,51.0458],[29.5188,51.0452],[29.552,51.034],[29.5951,51.0242],[29.5958,51.0125],[29.6243,50.9994],[29.6436,51.0078],[29.6735,51.0125],[29.6917,50.9875],[29.7074,50.9924],[29.7245,51.0146],[29.7203,51.0201],[29.7214,51.049],[29.7283,51.0547],[29.752,51.0506],[29.7958,51.05],[29.8188,51.0458],[29.8333,51.0292],[29.8708,51.0542],[29.8712,51.0816],[29.8934,51.0913],[29.9184,51.0955],[29.9733,51.0955],[29.9941,51.092],[30.015,51.1045],[30.0691,51.1004],[30.0809,51.108],[30.1105,51.1089],[30.1228,51.1203],[30.1875,51.1208],[30.2128,51.1298],[30.2312,51.1215],[30.2533,51.1202],[30.2542,51.1292],[30.2618,51.1354],[30.2633,51.1544],[30.2902,51.1493],[30.2927,51.1576],[30.3336,51.159],[30.3545,51.1302],[30.3708,51.1375],[30.3845,51.1247],[30.3978,51.1328],[30.4324,51.1421],[30.4295,51.1691],[30.4434,51.1788],[30.4858,51.183],[30.5,51.175],[30.5123,51.166],[30.537,51.184],[30.5697,51.1826],[30.5896,51.1631],[30.5957,51.1673],[30.6284,51.1669],[30.6292,51.15],[30.6625,51.1417],[30.6799,51.099],[30.6744,51.0645],[30.666,51.0452],[30.6744,51.0355],[30.6757,51.0174],[30.6949,51.0123],[30.7048,50.9872],[30.7,50.975],[30.6812,50.9827],[30.6646,50.9785],[30.6301,50.9798],[30.6284,50.9635],[30.616,50.9497],[30.6256,50.9264],[30.605,50.9164],[30.6134,50.8884],[30.6409,50.8826],[30.6422,50.8722],[30.6244,50.8653],[30.6257,50.8508],[30.6458,50.8458],[30.6458,50.825],[30.6531,50.8042],[30.6292,50.7945],[30.6382,50.7839],[30.6367,50.7537],[30.6093,50.7677],[30.596,50.7798],[30.5797,50.7784],[30.566,50.7631],[30.5675,50.7344],[30.575,50.725],[30.5629,50.7066],[30.5621,50.6733],[30.5667,50.6458],[30.5578,50.6257],[30.5631,50.6174],[30.5491,50.5634],[30.5301,50.5576],[30.5292,50.5458],[30.5294,50.53],[30.4313,50.4923],[30.4091,50.4909],[30.3994,50.4757],[30.4089,50.4696],[30.3917,50.4542],[30.4125,50.4458],[30.4176,50.4299],[30.4491,50.4201],[30.4618,50.4033],[30.4632,50.3884],[30.4828,50.373],[30.4733,50.3629],[30.4437,50.359],[30.4313,50.3702],[30.3812,50.3756],[30.3605,50.3869],[30.3389,50.3881],[30.3242,50.359],[30.2969,50.3576],[30.287,50.3425],[30.2716,50.3409],[30.2708,50.3292],[30.2824,50.3285],[30.2953,50.3161],[30.3036,50.3214],[30.3284,50.3076],[30.325,50.2931],[30.345,50.2868],[30.341,50.2551],[30.3259,50.2493],[30.3125,50.225],[30.2897,50.2369],[30.276,50.2381],[30.2698,50.2174],[30.2312,50.2119],[30.2162,50.2035],[30.1855,50.216],[30.1728,50.2161],[30.1533,50.1964],[30.1199,50.2006],[30.0826,50.1869],[30.0595,50.1961],[30.0532,50.184],[30.0381,50.1782],[30.0369,50.1561],[29.9993,50.1547],[29.9811,50.1494],[29.9714,50.1355],[29.9708,50.1167],[29.9865,50.116],[30.002,50.1006],[30.037,50.091],[30.0575,50.0924],[30.0635,50.109],[30.0938,50.1077],[30.1121,50.0941],[30.1125,50.075],[30.0686,50.0619],[30.0522,50.0506],[30.0292,50.05],[30.0241,50.0577],[30.0,50.0542],[29.9716,50.0594],[29.9701,50.0742],[29.9551,50.0756],[29.9494,50.0438],[29.9409,50.0257],[29.9229,50.0244],[29.8896,50.009],[29.8517,50.0087],[29.8292,50.0125],[29.8284,50.0049],[29.7854,49.9994],[29.7605,49.984],[29.7021,49.9715],[29.6354,49.9702],[29.6041,49.9529],[29.592,49.9369],[29.5837,49.9423],[29.5333,49.9375],[29.5173,49.9467],[29.5167,49.9583],[29.4759,49.9535],[29.4741,49.9464],[29.4467,49.9452],[29.4407,49.934],[29.422,49.9328],[29.4125,49.9458],[29.3775,49.9504],[29.365,49.9455],[29.3358,49.958],[29.2525,49.9587],[29.2441,49.9538],[29.2066,49.9587],[29.1899,49.9504],[29.1625,49.95],[29.1506,49.9355],[29.1458,49.9],[29.1351,49.892],[29.0983,49.8913],[29.0686,49.8953],[29.0672,49.8762],[29.0532,49.8631],[29.0134,49.8576],[28.9991,49.8342],[28.98,49.82],[28.9726,49.8038],[28.9504,49.7816],[28.95,49.7625],[28.9399,49.7587],[28.8976,49.758],[28.8949,49.7421],[28.877,49.7369],[28.8478,49.7161],[28.8272,49.6964],[28.8167,49.6958],[28.816,49.6634],[28.8042,49.6458],[28.7689,49.6339],[28.7458,49.6333],[28.7417,49.6125],[28.7066,49.608],[28.6816,49.6246],[28.6417,49.6292],[28.6409,49.6368],[28.6187,49.6381],[28.6117,49.6532],[28.598,49.6619],[28.5608,49.6712],[28.54,49.6663],[28.5199,49.6827],[28.4868,49.6922],[28.4812,49.688],[28.4576,49.7006],[28.4259,49.7009],[28.437,49.7229],[28.4042,49.7625],[28.4,49.7792],[28.3593,49.7839],[28.3439,49.7994],[28.325,49.8042],[28.29,49.7955],[28.2691,49.8004],[28.2226,49.7996],[28.2024,49.7879],[28.1642,49.7871],[28.1417,49.7833],[28.1007,49.7703],[28.0841,49.7756],[28.0228,49.7714],[27.9924,49.7839],[27.9603,49.7786],[27.9396,49.7671],[27.9125,49.7708],[27.8966,49.7908],[27.9119,49.7967],[27.9131,49.8132],[27.8953,49.8446],[27.9201,49.855],[27.9167,49.875],[27.9591,49.8703],[27.9858,49.8879],[28.0,49.8833],[28.0087,49.8988],[27.9996,49.9012],[28.0089,49.9135],[27.9884,49.9257],[27.9631,49.9645],[27.9625,49.975],[27.9267,49.9754],[27.8875,49.9833],[27.8775,49.9955],[27.8625,50.0],[27.8631,50.0199],[27.883,50.0434],[27.8833,50.0708],[27.8741,50.0868],[27.8478,50.0922],[27.8417,50.1],[27.8465,50.1242],[27.8587,50.126],[27.8465,50.1437],[27.8417,50.1625],[27.8741,50.1717],[27.8792,50.1917],[27.8896,50.188],[27.9132,50.2006],[27.9216,50.1953],[27.953,50.1953],[27.9659,50.2049],[27.9674,50.2242],[27.9854,50.2327],[28.0034,50.2341],[28.0042,50.2417],[28.0355,50.2464],[28.0577,50.2551],[28.0453,50.2678],[28.0663,50.285],[28.0715,50.3033],[28.0926,50.3243],[28.12,50.3285],[28.1258,50.3132],[28.148,50.3119],[28.1603,50.3006],[28.2238,50.2874],[28.226,50.2952],[28.248,50.2964],[28.2708,50.3125],[28.262,50.3384],[28.2667,50.35],[28.2787,50.3452],[28.2883,50.3619],[28.3158,50.3634],[28.3199,50.3786],[28.3033,50.3951],[28.2875,50.4026],[28.3066,50.417],[28.3292,50.4167],[28.3339,50.4363],[28.3131,50.4468],[28.3172,50.4716],[28.3047,50.4936],[28.3006,50.528],[28.2885,50.5337],[28.2786,50.5647],[28.2698,50.5744],[28.2301,50.5756],[28.2212,50.5976],[28.2205,50.6184],[28.2125,50.6292],[28.2083,50.6375]]]}},{"type":"Feature","properties":{"id":"225410","riverUk":"Прип’ять","riverEn":"Prypiat","oblasts":["kyiv"],"point":[30.3581,51.2687],"kakhovka":false},"geometry":{"type":"MultiPolygon","coordinates":[[[[30.4858,51.183],[30.4434,51.1788],[30.4295,51.1691],[30.4324,51.1421],[30.3978,51.1328],[30.3845,51.1247],[30.3708,51.1375],[30.3545,51.1302],[30.3336,51.159],[30.2927,51.1576],[30.2902,51.1493],[30.2633,51.1544],[30.2618,51.1354],[30.2542,51.1292],[30.2455,51.1392],[30.2542,51.1479],[30.25,51.1667],[30.2629,51.1863],[30.2425,51.1967],[30.2286,51.2216],[30.2342,51.2327],[30.2656,51.2382],[30.2583,51.2667],[30.2705,51.2934],[30.275,51.3292],[30.2539,51.3384],[30.259,51.3507],[30.2465,51.3645],[30.2563,51.3745],[30.2646,51.3671],[30.2782,51.3715],[30.2884,51.391],[30.3042,51.3958],[30.2919,51.4143],[30.3202,51.4021],[30.329,51.3886],[30.33,51.3704],[30.3199,51.3416],[30.3245,51.33],[30.3551,51.3053],[30.3838,51.2939],[30.4281,51.2918],[30.465,51.2619],[30.4821,51.259],[30.4785,51.2497],[30.5119,51.2105],[30.5131,51.1931],[30.5,51.175],[30.4858,51.183]]],[[[30.2054,51.4665],[30.2445,51.4333],[30.226,51.4379],[30.22,51.4533],[30.1993,51.4693],[30.2054,51.4665]]],[[[30.1972,51.4703],[30.1792,51.4708],[30.1789,51.4788],[30.1972,51.4703]]]]}},{"type":"Feature","properties":{"id":"225420","riverUk":"Уж","riverEn":"Uzh","oblasts":["zhytomyr","kyiv"],"point":[28.7354,51.0179],"kakhovka":false},"geometry":{"type":"Polygon","coordinates":[[[28.2542,51.3458],[28.2892,51.3496],[28.3358,51.3504],[28.3483,51.367],[28.3601,51.3629],[28.3958,51.3625],[28.4103,51.3578],[28.4491,51.3618],[28.4554,51.3494],[28.4701,51.3547],[28.5022,51.3494],[28.5228,51.3339],[28.5741,51.3381],[28.5811,51.3494],[28.7125,51.35],[28.7493,51.3672],[28.7701,51.3619],[28.8104,51.363],[28.8228,51.3744],[28.8491,51.3756],[28.858,51.3858],[28.8385,51.4004],[28.8645,51.4203],[28.8976,51.433],[28.9358,51.4371],[28.9441,51.4288],[28.9899,51.4295],[28.9941,51.4337],[29.0272,51.4256],[29.0353,51.4328],[29.0951,51.4327],[29.0958,51.425],[29.1233,51.4246],[29.1684,51.4371],[29.2316,51.4413],[29.2525,51.4246],[29.2693,51.4253],[29.2846,51.3917],[29.297,51.3737],[29.3199,51.3656],[29.3406,51.3701],[29.3797,51.3915],[29.4027,51.3961],[29.4464,51.3849],[29.4663,51.3851],[29.4799,51.4002],[29.4957,51.3968],[29.5151,51.4241],[29.5233,51.4238],[29.5208,51.4419],[29.5687,51.45],[29.5775,51.4371],[29.6059,51.4496],[29.6283,51.4493],[29.6426,51.4298],[29.6658,51.4285],[29.691,51.4146],[29.7,51.4],[29.7007,51.3841],[29.7199,51.3782],[29.7343,51.3634],[29.7603,51.3506],[29.7938,51.3452],[29.802,51.3381],[29.8241,51.3467],[29.8326,51.3589],[29.8647,51.3578],[29.8853,51.3464],[29.9191,51.3504],[29.9271,51.3583],[29.9667,51.3375],[30.0125,51.3417],[30.0215,51.3093],[30.0493,51.2911],[30.0866,51.2923],[30.0936,51.3036],[30.1167,51.3042],[30.1312,51.3161],[30.1784,51.3076],[30.1844,51.2966],[30.1993,51.2951],[30.2007,51.2716],[30.2163,51.2756],[30.2395,51.2673],[30.2583,51.2667],[30.2656,51.2382],[30.2342,51.2327],[30.2286,51.2216],[30.2425,51.1967],[30.2629,51.1863],[30.25,51.1667],[30.2542,51.1479],[30.2455,51.1392],[30.2542,51.1292],[30.2533,51.1202],[30.2312,51.1215],[30.2128,51.1298],[30.1875,51.1208],[30.1228,51.1203],[30.1105,51.1089],[30.0809,51.108],[30.0691,51.1004],[30.015,51.1045],[29.9941,51.092],[29.9733,51.0955],[29.9184,51.0955],[29.8934,51.0913],[29.8712,51.0816],[29.8708,51.0542],[29.8333,51.0292],[29.8188,51.0458],[29.7958,51.05],[29.752,51.0506],[29.7283,51.0547],[29.7214,51.049],[29.7203,51.0201],[29.7245,51.0146],[29.7074,50.9924],[29.6917,50.9875],[29.6735,51.0125],[29.6436,51.0078],[29.6243,50.9994],[29.5958,51.0125],[29.5951,51.0242],[29.552,51.034],[29.5188,51.0452],[29.4854,51.0458],[29.4743,51.0341],[29.4551,51.0282],[29.4438,51.009],[29.4187,51.0077],[29.3964,50.9938],[29.3994,50.9812],[29.3907,50.9674],[29.373,50.9547],[29.2845,50.9547],[29.2825,50.9467],[29.2453,50.9405],[29.25,50.9208],[29.2309,50.9212],[29.2167,50.9375],[29.1969,50.9368],[29.1779,50.9042],[29.1604,50.9119],[29.1369,50.9132],[29.1216,50.9031],[29.1164,50.8883],[29.0924,50.8868],[29.0875,50.8667],[29.0691,50.8712],[29.0441,50.8663],[29.0191,50.8712],[29.0042,50.8667],[28.9958,50.8792],[28.9691,50.8746],[28.9646,50.8792],[28.8851,50.8788],[28.8574,50.8756],[28.7909,50.8744],[28.7855,50.8786],[28.7554,50.8744],[28.7417,50.8833],[28.7252,50.8743],[28.6961,50.8798],[28.6743,50.8783],[28.6798,50.8461],[28.6708,50.8208],[28.6358,50.833],[28.6108,50.8379],[28.5691,50.8371],[28.5434,50.842],[28.5173,50.8241],[28.5116,50.8009],[28.4841,50.7869],[28.4757,50.7922],[28.4608,50.7837],[28.4434,50.783],[28.4233,50.767],[28.3899,50.7504],[28.3302,50.7493],[28.3281,50.7424],[28.3062,50.7452],[28.2994,50.7326],[28.3131,50.7092],[28.2956,50.7075],[28.3,50.675],[28.2708,50.6667],[28.2658,50.6414],[28.2354,50.6452],[28.2083,50.6375],[28.2125,50.6292],[28.1896,50.6173],[28.1703,50.616],[28.1605,50.6243],[28.1259,50.6257],[28.1243,50.6052],[28.098,50.5923],[28.0706,50.5868],[28.0498,50.5965],[28.0373,50.591],[28.009,50.6134],[28.0033,50.6325],[27.9868,50.6422],[27.9551,50.6369],[27.9533,50.63],[27.9019,50.6286],[27.8896,50.6212],[27.8699,50.6255],[27.8635,50.6204],[27.8451,50.6506],[27.8326,50.6369],[27.8103,50.6464],[27.8208,50.675],[27.8559,50.6705],[27.8625,50.6958],[27.8939,50.7006],[27.9172,50.7179],[27.9093,50.7575],[27.9436,50.7744],[28.0044,50.7799],[27.9882,50.8021],[27.9833,50.8167],[27.9911,50.8228],[28.0006,50.8522],[28.022,50.8797],[28.0498,50.8762],[28.0667,50.8875],[28.0583,50.9292],[28.0907,50.9298],[28.1083,50.9417],[28.0959,50.9612],[28.0555,50.9832],[28.0412,51.0075],[28.027,51.009],[28.0126,51.0404],[27.9968,51.0468],[27.9909,51.0743],[27.9687,51.0757],[27.9577,51.0913],[27.9723,51.1215],[27.9908,51.1164],[27.9925,51.133],[28.0142,51.142],[28.0225,51.1371],[28.0371,51.1475],[28.0422,51.1605],[28.0759,51.2076],[28.12,51.2509],[28.1297,51.2814],[28.1506,51.3174],[28.142,51.3316],[28.1608,51.3462],[28.1899,51.3455],[28.2025,51.3371],[28.2316,51.342],[28.25,51.35],[28.2542,51.3458]]]}},{"type":"Feature","properties":{"id":"225430","riverUk":"Прип’ять","riverEn":"Prypiat","oblasts":["zhytomyr","kyiv"],"point":[30.0015,51.3776],"kakhovka":false},"geometry":{"type":"MultiPolygon","coordinates":[[[[30.2395,51.2673],[30.2163,51.2756],[30.2007,51.2716],[30.1993,51.2951],[30.1844,51.2966],[30.1784,51.3076],[30.1312,51.3161],[30.1167,51.3042],[30.0936,51.3036],[30.0866,51.2923],[30.0493,51.2911],[30.0215,51.3093],[30.0125,51.3417],[29.9667,51.3375],[29.9271,51.3583],[29.9191,51.3504],[29.8853,51.3464],[29.8647,51.3578],[29.8326,51.3589],[29.8241,51.3467],[29.802,51.3381],[29.7938,51.3452],[29.7603,51.3506],[29.7343,51.3634],[29.7199,51.3782],[29.7007,51.3841],[29.7,51.4],[29.691,51.4146],[29.6658,51.4285],[29.6426,51.4298],[29.6283,51.4493],[29.6059,51.4496],[29.5775,51.4371],[29.5687,51.45],[29.5871,51.4644],[29.6059,51.4716],[29.6089,51.4805],[29.6378,51.4909],[29.6827,51.4912],[29.7,51.4837],[29.7253,51.4505],[29.7379,51.4395],[29.8286,51.43],[29.8466,51.4329],[29.8649,51.4492],[29.8813,51.4463],[29.8788,51.4578],[29.8966,51.4642],[29.9251,51.4579],[29.9857,51.4779],[30.0087,51.4821],[30.1486,51.4844],[30.1789,51.4788],[30.1792,51.4708],[30.1972,51.4703],[30.1993,51.4693],[30.22,51.4533],[30.226,51.4379],[30.2445,51.4333],[30.2569,51.4251],[30.2919,51.4143],[30.3042,51.3958],[30.2884,51.391],[30.2782,51.3715],[30.2646,51.3671],[30.2563,51.3745],[30.2465,51.3645],[30.259,51.3507],[30.2539,51.3384],[30.275,51.3292],[30.2705,51.2934],[30.2583,51.2667],[30.2395,51.2673]]],[[[28.25,51.3667],[28.2593,51.3785],[28.273,51.3797],[28.299,51.4046],[28.3089,51.4216],[28.3005,51.4354],[28.3047,51.4466],[28.2994,51.4689],[28.2882,51.4759],[28.2917,51.5],[28.3061,51.5161],[28.3381,51.5273],[28.3596,51.5294],[28.3855,51.545],[28.4353,51.5661],[28.4612,51.5717],[28.4884,51.572],[28.5781,51.5601],[28.6039,51.5535],[28.6127,51.5399],[28.6152,51.5196],[28.6309,51.4636],[28.647,51.439],[28.6636,51.434],[28.6911,51.4434],[28.704,51.4426],[28.7182,51.4116],[28.7288,51.4013],[28.7574,51.4159],[28.772,51.4294],[28.7754,51.4489],[28.7851,51.4533],[28.7667,51.4905],[28.7858,51.5094],[28.7968,51.5302],[28.8319,51.5483],[28.8636,51.5589],[28.8929,51.5629],[28.9546,51.5633],[29.0017,51.5733],[29.0351,51.5923],[29.043,51.6026],[29.0777,51.63],[29.1239,51.625],[29.148,51.6156],[29.1604,51.6033],[29.1815,51.567],[29.2148,51.5355],[29.2265,51.5191],[29.2304,51.4929],[29.221,51.467],[29.2278,51.4556],[29.2444,51.4479],[29.2693,51.4253],[29.2525,51.4246],[29.2316,51.4413],[29.1684,51.4371],[29.1233,51.4246],[29.0958,51.425],[29.0951,51.4327],[29.0353,51.4328],[29.0272,51.4256],[28.9941,51.4337],[28.9899,51.4295],[28.9441,51.4288],[28.9358,51.4371],[28.8976,51.433],[28.8645,51.4203],[28.8385,51.4004],[28.858,51.3858],[28.8491,51.3756],[28.8228,51.3744],[28.8104,51.363],[28.7701,51.3619],[28.7493,51.3672],[28.7125,51.35],[28.5811,51.3494],[28.5741,51.3381],[28.5228,51.3339],[28.5022,51.3494],[28.4701,51.3547],[28.4554,51.3494],[28.4491,51.3618],[28.4103,51.3578],[28.3958,51.3625],[28.3601,51.3629],[28.3483,51.367],[28.3358,51.3504],[28.2892,51.3496],[28.2542,51.3458],[28.25,51.35],[28.25,51.3667]]]]}},{"type":"Feature","properties":{"id":"225450","riverUk":"Уборть","riverEn":"Ubort","oblasts":["zhytomyr","rivne"],"point":[27.577,51.2314],"kakhovka":false},"geometry":{"type":"Polygon","coordinates":[[[28.2316,51.342],[28.2025,51.3371],[28.1899,51.3455],[28.1608,51.3462],[28.142,51.3316],[28.1506,51.3174],[28.1297,51.2814],[28.12,51.2509],[28.0759,51.2076],[28.0422,51.1605],[28.0371,51.1475],[28.0225,51.1371],[28.0142,51.142],[27.9925,51.133],[27.9908,51.1164],[27.9723,51.1215],[27.9577,51.0913],[27.9687,51.0757],[27.9909,51.0743],[27.9968,51.0468],[28.0126,51.0404],[28.027,51.009],[28.0412,51.0075],[28.0555,50.9832],[28.0959,50.9612],[28.1083,50.9417],[28.0907,50.9298],[28.0583,50.9292],[28.0667,50.8875],[28.0498,50.8762],[28.022,50.8797],[28.0006,50.8522],[27.9911,50.8228],[27.9833,50.8167],[27.9882,50.8021],[28.0044,50.7799],[27.9436,50.7744],[27.9093,50.7575],[27.9172,50.7179],[27.8939,50.7006],[27.8625,50.6958],[27.8091,50.7133],[27.8042,50.7292],[27.752,50.734],[27.7217,50.7462],[27.7125,50.7583],[27.7172,50.7801],[27.7038,50.799],[27.6926,50.8046],[27.675,50.8292],[27.6366,50.8244],[27.6066,50.858],[27.5941,50.8545],[27.5517,50.8538],[27.5316,50.842],[27.5059,50.842],[27.4896,50.85],[27.4684,50.8504],[27.4434,50.8587],[27.4229,50.8792],[27.4116,50.8675],[27.3882,50.8843],[27.3869,50.8939],[27.3563,50.9202],[27.3341,50.9216],[27.3326,50.9365],[27.3221,50.9417],[27.2826,50.9259],[27.2509,50.9298],[27.2583,50.9417],[27.259,50.9615],[27.2719,50.9743],[27.3117,50.9799],[27.3133,50.995],[27.3292,51.0],[27.3337,51.01],[27.325,51.0292],[27.3133,51.0299],[27.3115,51.0421],[27.3012,51.0332],[27.2867,51.0574],[27.2355,51.0702],[27.201,51.0715],[27.1855,51.0869],[27.1698,51.0798],[27.1424,51.0841],[27.141,51.1022],[27.1292,51.1125],[27.1157,51.1036],[27.1032,51.1131],[27.0939,51.1047],[27.0741,51.1036],[27.0542,51.1167],[27.0368,51.1202],[27.0292,51.1333],[27.0455,51.1434],[27.0417,51.1708],[27.0214,51.1895],[27.0256,51.2093],[27.0161,51.2238],[27.025,51.2333],[27.0534,51.2299],[27.0549,51.2448],[27.0663,51.2608],[27.0483,51.2621],[27.0254,51.2767],[27.025,51.2958],[26.9887,51.3006],[26.9866,51.2923],[26.9645,51.2923],[26.9396,51.3077],[26.9206,51.3092],[26.9252,51.3158],[26.8634,51.3119],[26.8573,51.3036],[26.8423,51.3177],[26.836,51.3417],[26.825,51.3375],[26.8257,51.3532],[26.8381,51.3662],[26.8326,51.399],[26.8131,51.4145],[26.7994,51.462],[26.8048,51.4787],[26.7952,51.4993],[26.8007,51.5284],[26.8208,51.5375],[26.8259,51.5824],[26.8493,51.5925],[26.8506,51.6091],[26.8409,51.6201],[26.8228,51.6214],[26.7964,51.6469],[26.7952,51.6783],[26.7855,51.6828],[26.7467,51.6839],[26.7298,51.7009],[26.725,51.7292],[26.7441,51.7379],[26.7645,51.7578],[26.7876,51.7669],[26.7961,51.7588],[26.8168,51.7598],[26.8548,51.7493],[26.9208,51.7425],[26.9505,51.7362],[26.9762,51.7546],[27.0216,51.7645],[27.11,51.7624],[27.1511,51.7568],[27.1779,51.7471],[27.1842,51.7314],[27.1811,51.6834],[27.189,51.6638],[27.2036,51.6551],[27.2479,51.6557],[27.2731,51.6518],[27.2734,51.6466],[27.2447,51.6212],[27.2404,51.6018],[27.2675,51.5875],[27.3291,51.597],[27.3884,51.5907],[27.431,51.5984],[27.4588,51.6175],[27.475,51.6088],[27.4943,51.6106],[27.4824,51.599],[27.5106,51.5879],[27.5311,51.608],[27.5184,51.6068],[27.5149,51.6225],[27.6206,51.5959],[27.6768,51.5948],[27.6927,51.5892],[27.7052,51.5684],[27.6996,51.5506],[27.6837,51.5411],[27.6823,51.5204],[27.6641,51.4929],[27.6703,51.4848],[27.7,51.4675],[27.7301,51.4652],[27.7466,51.4765],[27.7684,51.4778],[27.7697,51.4927],[27.8053,51.5311],[27.8345,51.5354],[27.8543,51.5455],[27.8297,51.5787],[27.8405,51.6083],[27.8542,51.6153],[27.8756,51.608],[27.9361,51.567],[27.9458,51.5582],[28.0708,51.5576],[28.0902,51.562],[28.1142,51.5756],[28.1411,51.6078],[28.1519,51.6059],[28.1747,51.6286],[28.1739,51.6375],[28.21,51.652],[28.2304,51.6511],[28.2451,51.6406],[28.2494,51.6131],[28.2697,51.5943],[28.3109,51.5745],[28.3282,51.5364],[28.3381,51.5273],[28.3061,51.5161],[28.2917,51.5],[28.2882,51.4759],[28.2994,51.4689],[28.3047,51.4466],[28.3005,51.4354],[28.3089,51.4216],[28.299,51.4046],[28.273,51.3797],[28.2593,51.3785],[28.25,51.3667],[28.25,51.35],[28.2316,51.342]]]}},{"type":"Feature","properties":{"id":"225466","riverUk":"Прип’ять","riverEn":"Prypiat","oblasts":["volyn","rivne"],"point":[24.714,51.3382],"kakhovka":false},"geometry":{"type":"Polygon","coordinates":[[[26.1377,51.8691],[26.1256,51.8479],[26.1283,51.8299],[26.098,51.8172],[26.0395,51.8119],[26.0286,51.7993],[26.0451,51.7824],[26.0413,51.7676],[26.0025,51.7538],[25.9941,51.7587],[25.9837,51.7483],[25.9522,51.7327],[25.9139,51.7381],[25.9007,51.7241],[25.8953,51.7061],[25.8839,51.6939],[25.8828,51.6679],[25.8917,51.6583],[25.8634,51.645],[25.8491,51.6173],[25.7991,51.6214],[25.7881,51.6021],[25.7909,51.5885],[25.7742,51.5549],[25.7603,51.5535],[25.7438,51.5422],[25.7375,51.5458],[25.7247,51.5259],[25.7506,51.5198],[25.7409,51.5008],[25.716,51.4907],[25.7208,51.4639],[25.7083,51.4571],[25.7203,51.4228],[25.7161,51.4174],[25.7377,51.3987],[25.7288,51.3887],[25.7368,51.376],[25.7174,51.3619],[25.6882,51.3672],[25.6741,51.3506],[25.6561,51.3494],[25.6369,51.3341],[25.6417,51.3208],[25.6321,51.3161],[25.5967,51.3215],[25.5772,51.3411],[25.567,51.3358],[25.5712,51.315],[25.5708,51.2792],[25.5667,51.275],[25.5101,51.2746],[25.4816,51.2504],[25.4667,51.25],[25.4712,51.2184],[25.4941,51.2121],[25.5038,51.2024],[25.5042,51.175],[25.5092,51.1633],[25.5604,51.1465],[25.6034,51.1452],[25.6035,51.1301],[25.5716,51.1256],[25.5329,51.1119],[25.5022,51.1285],[25.4889,51.1298],[25.4782,51.1093],[25.4493,51.091],[25.4326,51.1006],[25.4133,51.0909],[25.4022,51.0756],[25.3451,51.0756],[25.3259,51.0702],[25.3118,51.0453],[25.268,51.0673],[25.2438,51.0423],[25.2174,51.0283],[25.2203,51.0063],[25.212,50.9952],[25.1764,51.0006],[25.1741,50.9926],[25.1267,50.9913],[25.1025,50.983],[25.0417,50.9792],[25.025,50.9349],[25.042,50.9238],[25.0341,50.905],[25.0506,50.8988],[25.0423,50.8384],[25.0542,50.8333],[25.0549,50.8174],[25.0667,50.8167],[25.06,50.8038],[25.0309,50.8045],[25.0229,50.8125],[25.01,50.8038],[24.9746,50.8059],[24.9321,50.7869],[24.8792,50.7917],[24.8785,50.7801],[24.8632,50.7699],[24.8618,50.7425],[24.8375,50.7292],[24.8271,50.7255],[24.8075,50.7408],[24.777,50.7506],[24.7534,50.7631],[24.7366,50.7578],[24.7244,50.7855],[24.7077,50.8033],[24.6814,50.8203],[24.6564,50.8256],[24.6142,50.8254],[24.5608,50.858],[24.5025,50.8496],[24.4899,50.8621],[24.4559,50.8754],[24.45,50.8833],[24.4191,50.8879],[24.4108,50.8795],[24.3583,50.8875],[24.3397,50.8994],[24.327,50.9006],[24.3199,50.9118],[24.3,50.9167],[24.2999,50.9322],[24.2798,50.9383],[24.2785,50.9647],[24.2673,50.977],[24.2619,50.9963],[24.2741,51.0051],[24.265,51.0288],[24.25,51.0375],[24.2778,51.0457],[24.2923,51.0752],[24.2868,51.0977],[24.3253,51.0966],[24.309,51.1187],[24.3083,51.15],[24.2704,51.1369],[24.2646,51.1411],[24.2468,51.1288],[24.245,51.1409],[24.2187,51.1465],[24.2105,51.1535],[24.175,51.1583],[24.1657,51.1954],[24.1453,51.2054],[24.1459,51.2321],[24.1271,51.2452],[24.102,51.2506],[24.0592,51.2669],[24.0577,51.2783],[24.0961,51.2884],[24.0917,51.3],[24.0733,51.2955],[24.0601,51.3004],[24.0191,51.2996],[23.9976,51.3038],[23.9774,51.2879],[23.9483,51.2837],[23.9271,51.291],[23.8937,51.2965],[23.868,51.3166],[23.8577,51.3419],[23.8628,51.3492],[23.8387,51.3507],[23.8354,51.3327],[23.8147,51.3131],[23.7909,51.3214],[23.7554,51.3119],[23.7533,51.3202],[23.7208,51.325],[23.7257,51.349],[23.7381,51.362],[23.7369,51.3897],[23.7466,51.4118],[23.7616,51.4132],[23.7792,51.425],[23.7895,51.4411],[23.8064,51.4422],[23.8187,51.4537],[23.8574,51.4507],[23.8958,51.4708],[23.9008,51.4592],[23.9481,51.4589],[23.975,51.4708],[23.9756,51.4824],[23.9949,51.4882],[24.0161,51.5145],[24.0078,51.5329],[24.0091,51.5493],[24.0441,51.5538],[24.0566,51.5455],[24.0684,51.5538],[24.1149,51.5545],[24.1267,51.5621],[24.1608,51.5629],[24.1875,51.5708],[24.1995,51.5798],[24.2245,51.5744],[24.2408,51.5881],[24.2554,51.579],[24.2867,51.5924],[24.2827,51.6078],[24.2978,51.6202],[24.3355,51.6298],[24.3507,51.6381],[24.3699,51.6382],[24.3855,51.6464],[24.4228,51.6744],[24.4439,51.6756],[24.4561,51.6869],[24.5132,51.7089],[24.5238,51.7036],[24.5256,51.723],[24.5452,51.7342],[24.5507,51.7658],[24.5783,51.7759],[24.5884,51.7952],[24.6063,51.7995],[24.6145,51.7922],[24.6366,51.8007],[24.6561,51.8203],[24.6855,51.8214],[24.6926,51.8286],[24.7189,51.8297],[24.7326,51.8384],[24.7551,51.866],[24.7812,51.8671],[24.8121,51.8914],[24.9262,51.9028],[24.9342,51.8912],[24.9626,51.8976],[24.9877,51.909],[25.0027,51.9105],[25.0927,51.9398],[25.138,51.9489],[25.1833,51.9498],[25.352,51.9215],[25.7114,51.9177],[25.7838,51.9266],[25.9811,51.9035],[26.0506,51.9048],[26.0808,51.9007],[26.1168,51.8807],[26.1164,51.8801],[26.1183,51.8798],[26.1377,51.8691]]]}},{"type":"Feature","properties":{"id":"225467","riverUk":"Стир","riverEn":"Styr","oblasts":["volyn","rivne"],"point":[25.7665,51.1935],"kakhovka":false},"geometry":{"type":"MultiPolygon","coordinates":[[[[26.4318,51.5667],[26.3993,51.5661],[26.3729,51.5787],[26.3576,51.5744],[26.3333,51.5792],[26.3208,51.575],[26.3215,51.5635],[26.3339,51.5571],[26.3259,51.5215],[26.3741,51.5118],[26.3958,51.4875],[26.3187,51.4869],[26.313,51.4827],[26.2838,51.4881],[26.273,51.4798],[26.252,51.4785],[26.23,51.47],[26.2171,51.4535],[26.2046,51.459],[26.1708,51.4542],[26.1658,51.4381],[26.1478,51.4369],[26.113,51.4146],[26.1126,51.4057],[26.1339,51.3905],[26.1167,51.3625],[26.0851,51.358],[26.0589,51.3324],[26.0583,51.2917],[26.0619,51.2686],[26.0536,51.2593],[26.0592,51.2425],[26.0741,51.2366],[26.0699,51.2131],[26.0417,51.2083],[26.0417,51.1958],[26.0244,51.1868],[26.0243,51.1634],[26.0049,51.1491],[25.9991,51.13],[25.9875,51.125],[25.9882,51.1133],[26.002,51.109],[26.05,51.1042],[26.0428,51.0799],[26.0616,51.0741],[26.0785,51.0617],[26.0792,51.05],[26.0994,51.0449],[26.1006,51.0259],[26.1119,51.0189],[26.108,50.9892],[26.1205,50.9649],[26.1117,50.9342],[26.0979,50.9298],[26.0771,50.934],[26.0299,50.9326],[26.0284,50.913],[26.0188,50.9048],[25.9895,50.9035],[25.9655,50.8869],[25.9453,50.8901],[25.9458,50.8667],[25.9274,50.8587],[25.9063,50.8625],[25.8858,50.8538],[25.8483,50.867],[25.8354,50.8583],[25.8062,50.8583],[25.7983,50.8504],[25.7583,50.85],[25.7521,50.8464],[25.73,50.855],[25.7188,50.8702],[25.6758,50.8743],[25.6798,50.8509],[25.6622,50.8491],[25.6589,50.8312],[25.6702,50.8188],[25.6756,50.7872],[25.6702,50.7705],[25.6758,50.755],[25.6949,50.749],[25.6833,50.7361],[25.6917,50.725],[25.6642,50.7205],[25.615,50.7295],[25.5875,50.725],[25.5792,50.6958],[25.599,50.6952],[25.6007,50.6717],[25.6246,50.6615],[25.6329,50.6479],[25.625,50.6292],[25.6125,50.6208],[25.5897,50.6047],[25.5593,50.5993],[25.5533,50.5882],[25.5229,50.575],[25.5145,50.5785],[25.4925,50.5705],[25.4909,50.5591],[25.473,50.5548],[25.4034,50.5535],[25.3917,50.5625],[25.3658,50.5868],[25.2784,50.5786],[25.2534,50.5839],[25.2228,50.5786],[25.2022,50.5631],[25.1534,50.5619],[25.1345,50.5672],[25.1132,50.5381],[25.0821,50.5286],[25.0646,50.5329],[25.0479,50.5255],[25.0059,50.5246],[24.9983,50.5205],[24.9635,50.5379],[24.9614,50.5461],[24.9353,50.5464],[24.9022,50.5661],[24.8645,50.5672],[24.8458,50.575],[24.8299,50.5843],[24.8214,50.602],[24.8366,50.6134],[24.8411,50.6272],[24.8325,50.6461],[24.8205,50.641],[24.7924,50.6508],[24.7965,50.6826],[24.8146,50.684],[24.8459,50.7055],[24.8375,50.7292],[24.8618,50.7425],[24.8632,50.7699],[24.8785,50.7801],[24.8792,50.7917],[24.9321,50.7869],[24.9746,50.8059],[25.01,50.8038],[25.0229,50.8125],[25.0309,50.8045],[25.06,50.8038],[25.0667,50.8167],[25.0549,50.8174],[25.0542,50.8333],[25.0423,50.8384],[25.0506,50.8988],[25.0341,50.905],[25.042,50.9238],[25.025,50.9349],[25.0417,50.9792],[25.1025,50.983],[25.1267,50.9913],[25.1741,50.9926],[25.1764,51.0006],[25.212,50.9952],[25.2203,51.0063],[25.2174,51.0283],[25.2438,51.0423],[25.268,51.0673],[25.3118,51.0453],[25.3259,51.0702],[25.3451,51.0756],[25.4022,51.0756],[25.4133,51.0909],[25.4326,51.1006],[25.4493,51.091],[25.4782,51.1093],[25.4889,51.1298],[25.5022,51.1285],[25.5329,51.1119],[25.5716,51.1256],[25.6035,51.1301],[25.6034,51.1452],[25.5604,51.1465],[25.5092,51.1633],[25.5042,51.175],[25.5038,51.2024],[25.4941,51.2121],[25.4712,51.2184],[25.4667,51.25],[25.4816,51.2504],[25.5101,51.2746],[25.5667,51.275],[25.5708,51.2792],[25.5712,51.315],[25.567,51.3358],[25.5772,51.3411],[25.5967,51.3215],[25.6321,51.3161],[25.6417,51.3208],[25.6369,51.3341],[25.6561,51.3494],[25.6741,51.3506],[25.6882,51.3672],[25.7174,51.3619],[25.7368,51.376],[25.7288,51.3887],[25.7377,51.3987],[25.7161,51.4174],[25.7203,51.4228],[25.7083,51.4571],[25.7208,51.4639],[25.716,51.4907],[25.7409,51.5008],[25.7506,51.5198],[25.7247,51.5259],[25.7375,51.5458],[25.7438,51.5422],[25.7603,51.5535],[25.7742,51.5549],[25.7909,51.5885],[25.7881,51.6021],[25.7991,51.6214],[25.8491,51.6173],[25.8634,51.645],[25.8917,51.6583],[25.8828,51.6679],[25.8839,51.6939],[25.8953,51.7061],[25.9007,51.7241],[25.9139,51.7381],[25.9522,51.7327],[25.9837,51.7483],[25.9941,51.7587],[26.0025,51.7538],[26.0413,51.7676],[26.0451,51.7824],[26.0286,51.7993],[26.0395,51.8119],[26.098,51.8172],[26.1283,51.8299],[26.1256,51.8479],[26.1377,51.8691],[26.1753,51.8567],[26.3993,51.8508],[26.4014,51.8352],[26.4187,51.836],[26.4192,51.8209],[26.429,51.8125],[26.4257,51.7967],[26.4562,51.7798],[26.4673,51.7782],[26.4244,51.7589],[26.4292,51.7387],[26.405,51.7326],[26.3959,51.7139],[26.4125,51.6958],[26.3872,51.691],[26.3705,51.6965],[26.3548,51.6687],[26.3854,51.6423],[26.4117,51.641],[26.4131,51.627],[26.4255,51.6134],[26.4493,51.6075],[26.45,51.5958],[26.4318,51.5667]]],[[[26.1183,51.8798],[26.1164,51.8801],[26.1168,51.8807],[26.1183,51.8798]]],[[[26.6082,51.8025],[26.5937,51.7965],[26.5795,51.803],[26.6082,51.8025]]]]}},{"type":"Feature","properties":{"id":"225468","riverUk":null,"riverEn":null,"oblasts":["lviv","rivne","volyn"],"point":[25.0748,50.2607],"kakhovka":false},"geometry":{"type":"MultiPolygon","coordinates":[[[[24.5411,50.1929],[24.5447,50.1962],[24.5458,50.1917],[24.5411,50.1929]]],[[[24.8645,50.5672],[24.9022,50.5661],[24.9353,50.5464],[24.9614,50.5461],[24.9635,50.5379],[24.9983,50.5205],[25.0059,50.5246],[25.0479,50.5255],[25.0646,50.5329],[25.0821,50.5286],[25.1132,50.5381],[25.1345,50.5672],[25.1534,50.5619],[25.2022,50.5631],[25.2228,50.5786],[25.2534,50.5839],[25.2784,50.5786],[25.3658,50.5868],[25.3917,50.5625],[25.3676,50.5534],[25.375,50.5167],[25.4066,50.5121],[25.4288,50.4941],[25.4077,50.4823],[25.4119,50.4646],[25.3994,50.4424],[25.4052,50.4299],[25.4188,50.4285],[25.441,50.4157],[25.4424,50.3966],[25.4537,50.4006],[25.4833,50.3917],[25.4837,50.3684],[25.4955,50.3524],[25.4632,50.3217],[25.4878,50.3114],[25.4838,50.3062],[25.5411,50.2491],[25.5589,50.2259],[25.5549,50.2051],[25.5788,50.1892],[25.583,50.1649],[25.575,50.1375],[25.55,50.1417],[25.5142,50.1413],[25.5033,50.1257],[25.4542,50.1208],[25.4375,50.0958],[25.4702,50.0824],[25.4797,50.0593],[25.4589,50.0439],[25.4542,50.0292],[25.4436,50.0286],[25.4051,49.9953],[25.3991,49.9799],[25.3784,49.9839],[25.3699,49.9786],[25.35,49.9917],[25.3397,49.9839],[25.3145,49.9828],[25.2939,49.9756],[25.2436,49.9744],[25.2212,49.9801],[25.2157,49.9911],[25.1792,49.9917],[25.18,49.9836],[25.234,49.9568],[25.2271,49.9465],[25.2091,49.9451],[25.2083,49.9333],[25.19,49.9288],[25.1691,49.9371],[25.1351,49.942],[25.1233,49.9496],[25.1054,49.9453],[25.0701,49.9453],[25.0618,49.9506],[25.0299,49.9449],[25.0286,49.9353],[25.0125,49.925],[24.9855,49.9369],[24.95,49.9375],[24.89,49.9288],[24.8667,49.9333],[24.8456,49.9571],[24.8216,49.9633],[24.8033,50.0076],[24.7895,50.009],[24.7708,50.025],[24.755,50.0257],[24.7438,50.041],[24.7079,50.0465],[24.687,50.0369],[24.6645,50.0423],[24.6495,50.0369],[24.5875,50.0667],[24.6038,50.1101],[24.5907,50.1369],[24.5717,50.1381],[24.5702,50.1533],[24.5427,50.1716],[24.5458,50.1917],[24.5728,50.2036],[24.5864,50.2048],[24.5825,50.22],[24.5714,50.226],[24.5708,50.2458],[24.62,50.2509],[24.625,50.2688],[24.6163,50.2809],[24.633,50.2976],[24.6369,50.3105],[24.6145,50.3214],[24.5994,50.3407],[24.5831,50.347],[24.5921,50.3657],[24.6035,50.3718],[24.6125,50.3917],[24.6358,50.4005],[24.6407,50.4118],[24.5936,50.4214],[24.587,50.4302],[24.5953,50.4394],[24.5965,50.4575],[24.6113,50.4626],[24.6243,50.476],[24.625,50.4875],[24.6524,50.4879],[24.658,50.5024],[24.6458,50.5083],[24.6424,50.5326],[24.6696,50.5416],[24.675,50.5542],[24.7132,50.5589],[24.7645,50.5422],[24.7882,50.5411],[24.8199,50.5464],[24.825,50.5708],[24.8458,50.575],[24.8645,50.5672]]]]}},{"type":"Feature","properties":{"id":"225469","riverUk":"Стир","riverEn":"Styr","oblasts":["rivne","ternopil"],"point":[25.8291,50.2553],"kakhovka":false},"geometry":{"type":"Polygon","coordinates":[[[25.4441,49.908],[25.4184,49.9087],[25.3983,49.9205],[25.3728,49.9214],[25.3533,49.9366],[25.3326,49.9422],[25.2926,49.9327],[25.2741,49.9244],[25.2618,49.9339],[25.2534,49.9286],[25.2187,49.9255],[25.2083,49.9333],[25.2091,49.9451],[25.2271,49.9465],[25.234,49.9568],[25.18,49.9836],[25.1792,49.9917],[25.2157,49.9911],[25.2212,49.9801],[25.2436,49.9744],[25.2939,49.9756],[25.3145,49.9828],[25.3397,49.9839],[25.35,49.9917],[25.3699,49.9786],[25.3784,49.9839],[25.3991,49.9799],[25.4051,49.9953],[25.4436,50.0286],[25.4542,50.0292],[25.4589,50.0439],[25.4797,50.0593],[25.4702,50.0824],[25.4375,50.0958],[25.4542,50.1208],[25.5033,50.1257],[25.5142,50.1413],[25.55,50.1417],[25.575,50.1375],[25.583,50.1649],[25.5788,50.1892],[25.5549,50.2051],[25.5589,50.2259],[25.5411,50.2491],[25.4838,50.3062],[25.4878,50.3114],[25.4632,50.3217],[25.4955,50.3524],[25.4837,50.3684],[25.4833,50.3917],[25.4537,50.4006],[25.4424,50.3966],[25.441,50.4157],[25.4188,50.4285],[25.4052,50.4299],[25.3994,50.4424],[25.4119,50.4646],[25.4077,50.4823],[25.4288,50.4941],[25.4066,50.5121],[25.375,50.5167],[25.3676,50.5534],[25.3917,50.5625],[25.4034,50.5535],[25.473,50.5548],[25.4909,50.5591],[25.4925,50.5705],[25.5145,50.5785],[25.5229,50.575],[25.5533,50.5882],[25.5593,50.5993],[25.5897,50.6047],[25.6125,50.6208],[25.64,50.6038],[25.6479,50.6083],[25.6621,50.5941],[25.6733,50.5663],[25.6941,50.5705],[25.7142,50.5462],[25.7337,50.535],[25.7351,50.5212],[25.7608,50.5163],[25.7895,50.4881],[25.8241,50.4923],[25.8436,50.4756],[25.8705,50.4608],[25.877,50.4506],[25.8939,50.4494],[25.9119,50.4355],[25.9131,50.4061],[25.9083,50.3917],[25.8772,50.3994],[25.8512,50.4006],[25.8425,50.395],[25.8458,50.3667],[25.8733,50.3663],[25.9316,50.3538],[25.9517,50.342],[25.9649,50.3413],[25.9978,50.3298],[26.0534,50.3243],[26.055,50.3133],[26.0917,50.3042],[26.1059,50.2795],[26.1295,50.2684],[26.1241,50.2465],[26.1061,50.2411],[26.078,50.2244],[26.0604,50.2287],[26.0226,50.2121],[26.0115,50.1962],[25.9896,50.1796],[25.9729,50.187],[25.9509,50.1785],[25.9448,50.1673],[25.9076,50.1661],[25.8892,50.1746],[25.8788,50.1517],[25.8649,50.142],[25.8476,50.1413],[25.8333,50.1333],[25.8381,50.1253],[25.8277,50.1077],[25.8175,50.1128],[25.8076,50.0883],[25.7633,50.0907],[25.7548,50.0677],[25.7784,50.0425],[25.7465,50.0105],[25.7451,49.9924],[25.727,49.991],[25.709,49.9771],[25.7083,49.95],[25.6925,49.9366],[25.6909,49.9216],[25.6673,49.9119],[25.6587,49.9173],[25.6383,49.9115],[25.6367,49.9007],[25.602,49.8952],[25.577,49.8964],[25.5689,49.9036],[25.5451,49.9089],[25.5314,49.9006],[25.4833,49.9042],[25.4583,49.9],[25.4441,49.908]]]}},{"type":"Feature","properties":{"id":"225470","riverUk":null,"riverEn":null,"oblasts":["rivne"],"point":[26.7423,51.5119],"kakhovka":false},"geometry":{"type":"Polygon","coordinates":[[[27.0034,51.2381],[26.9897,51.2297],[26.9687,51.2287],[26.9534,51.2161],[26.9243,51.2256],[26.8896,51.213],[26.8783,51.2284],[26.8478,51.2297],[26.841,51.2449],[26.8243,51.2547],[26.8118,51.2494],[26.7851,51.2587],[26.7635,51.2921],[26.7575,51.3075],[26.7468,51.3129],[26.7467,51.3327],[26.7667,51.339],[26.7578,51.3591],[26.7661,51.3728],[26.7672,51.4147],[26.7756,51.4257],[26.7532,51.4576],[26.7405,51.4669],[26.7159,51.4536],[26.6814,51.4703],[26.6756,51.4772],[26.6922,51.5007],[26.6912,51.5188],[26.6796,51.5312],[26.6839,51.5424],[26.6786,51.5591],[26.684,51.5824],[26.6993,51.5926],[26.7042,51.6167],[26.692,51.6225],[26.6913,51.6358],[26.6775,51.6538],[26.6542,51.6417],[26.6316,51.6371],[26.6147,51.6535],[26.5979,51.6578],[26.573,51.6423],[26.5603,51.641],[26.5347,51.6244],[26.5287,51.634],[26.5062,51.6285],[26.4907,51.6132],[26.4591,51.6075],[26.45,51.5958],[26.4493,51.6075],[26.4255,51.6134],[26.4131,51.627],[26.4117,51.641],[26.3854,51.6423],[26.3548,51.6687],[26.3705,51.6965],[26.3872,51.691],[26.4125,51.6958],[26.3959,51.7139],[26.405,51.7326],[26.4292,51.7387],[26.4244,51.7589],[26.4673,51.7782],[26.4562,51.7798],[26.4257,51.7967],[26.429,51.8125],[26.4456,51.8056],[26.4761,51.805],[26.4758,51.7995],[26.5449,51.7976],[26.556,51.8035],[26.5795,51.803],[26.5937,51.7965],[26.6082,51.8025],[26.6657,51.8014],[26.7876,51.7669],[26.7645,51.7578],[26.7441,51.7379],[26.725,51.7292],[26.7298,51.7009],[26.7467,51.6839],[26.7855,51.6828],[26.7952,51.6783],[26.7964,51.6469],[26.8228,51.6214],[26.8409,51.6201],[26.8506,51.6091],[26.8493,51.5925],[26.8259,51.5824],[26.8208,51.5375],[26.8007,51.5284],[26.7952,51.4993],[26.8048,51.4787],[26.7994,51.462],[26.8131,51.4145],[26.8326,51.399],[26.8381,51.3662],[26.8257,51.3532],[26.825,51.3375],[26.836,51.3417],[26.8423,51.3177],[26.8573,51.3036],[26.8634,51.3119],[26.9252,51.3158],[26.9206,51.3092],[26.9396,51.3077],[26.9645,51.2923],[26.9866,51.2923],[26.9887,51.3006],[27.025,51.2958],[27.0254,51.2767],[27.0483,51.2621],[27.0663,51.2608],[27.0549,51.2448],[27.0534,51.2299],[27.025,51.2333],[27.0034,51.2381]]]}},{"type":"Feature","properties":{"id":"225480","riverUk":"Случ","riverEn":"Sluch","oblasts":["zhytomyr","khmelnytskyi","rivne"],"point":[27.2903,50.639],"kakhovka":false},"geometry":{"type":"Polygon","coordinates":[[[26.4145,49.6381],[26.3939,49.6536],[26.3549,49.6549],[26.3542,49.6833],[26.3351,49.6879],[26.325,49.7],[26.352,49.7119],[26.3659,49.7132],[26.3675,49.7247],[26.3938,49.7256],[26.4191,49.733],[26.4441,49.7246],[26.4566,49.7295],[26.5149,49.7288],[26.5292,49.725],[26.535,49.733],[26.5892,49.7246],[26.5975,49.7295],[26.6358,49.7295],[26.6542,49.7521],[26.65,49.7625],[26.6301,49.7674],[26.625,49.7875],[26.6304,49.7964],[26.6708,49.8],[26.6745,49.8146],[26.6479,49.8333],[26.6375,49.8292],[26.6254,49.8434],[26.6244,49.8647],[26.6172,49.877],[26.6118,49.9074],[26.6045,49.9191],[26.6267,49.9413],[26.6492,49.9465],[26.6509,49.958],[26.7048,49.9824],[26.7272,49.984],[26.7438,49.9756],[26.7855,49.9881],[26.848,49.9869],[26.8532,49.9831],[26.8597,50.0048],[26.8829,49.9994],[26.9115,50.0007],[26.9215,50.0097],[26.9201,50.024],[26.9035,50.0368],[26.9458,50.0375],[26.9783,50.0465],[26.9924,50.0589],[27.0229,50.0463],[27.0522,50.0453],[27.0718,50.0369],[27.0839,50.0551],[27.0676,50.0744],[27.1,50.0792],[27.1006,50.1032],[27.1101,50.108],[27.1399,50.1087],[27.1517,50.1205],[27.1858,50.1295],[27.2176,50.1173],[27.2397,50.1172],[27.2577,50.1259],[27.259,50.1407],[27.2743,50.1464],[27.3042,50.1417],[27.3208,50.1625],[27.3033,50.1866],[27.2673,50.2092],[27.2583,50.2375],[27.2354,50.2369],[27.2283,50.245],[27.2122,50.241],[27.1924,50.2508],[27.1909,50.2701],[27.1649,50.2788],[27.125,50.275],[27.1091,50.2841],[27.1075,50.295],[27.0676,50.3133],[27.0542,50.3375],[27.0189,50.3494],[26.9564,50.3619],[26.8811,50.3631],[26.8678,50.3754],[26.8658,50.3673],[26.8368,50.3714],[26.7853,50.3714],[26.7522,50.3786],[26.7092,50.384],[26.7246,50.4017],[26.7244,50.4199],[26.7083,50.425],[26.708,50.4566],[26.7009,50.4744],[26.7292,50.475],[26.734,50.4949],[26.7618,50.5089],[26.8075,50.501],[26.8093,50.5079],[26.8833,50.5375],[26.8775,50.5621],[26.8476,50.567],[26.8275,50.5871],[26.8167,50.5875],[26.8007,50.6009],[26.7866,50.6285],[26.7645,50.6297],[26.7353,50.6464],[26.724,50.6619],[26.6958,50.6708],[26.6952,50.6949],[26.6673,50.7093],[26.6667,50.7208],[26.6909,50.7215],[26.6917,50.7333],[26.7042,50.7375],[26.709,50.7533],[26.7254,50.7699],[26.7452,50.7801],[26.7506,50.8049],[26.7375,50.8208],[26.7189,50.8131],[26.6845,50.8119],[26.6784,50.8285],[26.6466,50.8343],[26.6451,50.8492],[26.6261,50.8586],[26.6371,50.8725],[26.633,50.9024],[26.6167,50.9208],[26.6009,50.9214],[26.5964,50.9424],[26.5792,50.9792],[26.5517,50.9879],[26.542,50.9975],[26.5375,51.0208],[26.5522,51.0215],[26.559,51.0365],[26.5465,51.0383],[26.5458,51.05],[26.5254,51.0642],[26.5203,51.0821],[26.5368,51.0926],[26.5381,51.103],[26.5134,51.1132],[26.5083,51.1292],[26.4841,51.1298],[26.4825,51.141],[26.4635,51.1424],[26.4534,51.1576],[26.4395,51.159],[26.4125,51.175],[26.4131,51.2022],[26.4301,51.2285],[26.4449,51.2298],[26.4494,51.248],[26.4368,51.2699],[26.3882,51.2967],[26.3869,51.3147],[26.3786,51.3284],[26.3882,51.3533],[26.4283,51.3674],[26.4304,51.3756],[26.448,51.3703],[26.4743,51.3536],[26.4939,51.3589],[26.5079,51.3729],[26.4917,51.4042],[26.5145,51.4203],[26.5533,51.4298],[26.5917,51.4667],[26.6004,51.51],[26.588,51.5313],[26.6036,51.552],[26.6047,51.5689],[26.6297,51.6064],[26.6535,51.6259],[26.6542,51.6417],[26.6775,51.6538],[26.6913,51.6358],[26.692,51.6225],[26.7042,51.6167],[26.6993,51.5926],[26.684,51.5824],[26.6786,51.5591],[26.6839,51.5424],[26.6796,51.5312],[26.6912,51.5188],[26.6922,51.5007],[26.6756,51.4772],[26.6814,51.4703],[26.7159,51.4536],[26.7405,51.4669],[26.7532,51.4576],[26.7756,51.4257],[26.7672,51.4147],[26.7661,51.3728],[26.7578,51.3591],[26.7667,51.339],[26.7467,51.3327],[26.7468,51.3129],[26.7575,51.3075],[26.7635,51.2921],[26.7851,51.2587],[26.8118,51.2494],[26.8243,51.2547],[26.841,51.2449],[26.8478,51.2297],[26.8783,51.2284],[26.8896,51.213],[26.9243,51.2256],[26.9534,51.2161],[26.9687,51.2287],[26.9897,51.2297],[27.0034,51.2381],[27.025,51.2333],[27.0161,51.2238],[27.0256,51.2093],[27.0214,51.1895],[27.0417,51.1708],[27.0455,51.1434],[27.0292,51.1333],[27.0368,51.1202],[27.0542,51.1167],[27.0741,51.1036],[27.0939,51.1047],[27.1032,51.1131],[27.1157,51.1036],[27.1292,51.1125],[27.141,51.1022],[27.1424,51.0841],[27.1698,51.0798],[27.1855,51.0869],[27.201,51.0715],[27.2355,51.0702],[27.2867,51.0574],[27.3012,51.0332],[27.3115,51.0421],[27.3133,51.0299],[27.325,51.0292],[27.3337,51.01],[27.3292,51.0],[27.3133,50.995],[27.3117,50.9799],[27.2719,50.9743],[27.259,50.9615],[27.2583,50.9417],[27.2509,50.9298],[27.2826,50.9259],[27.3221,50.9417],[27.3326,50.9365],[27.3341,50.9216],[27.3563,50.9202],[27.3869,50.8939],[27.3882,50.8843],[27.4116,50.8675],[27.4229,50.8792],[27.4434,50.8587],[27.4684,50.8504],[27.4896,50.85],[27.5059,50.842],[27.5316,50.842],[27.5517,50.8538],[27.5941,50.8545],[27.6066,50.858],[27.6366,50.8244],[27.675,50.8292],[27.6926,50.8046],[27.7038,50.799],[27.7172,50.7801],[27.7125,50.7583],[27.7217,50.7462],[27.752,50.734],[27.8042,50.7292],[27.8091,50.7133],[27.8625,50.6958],[27.8559,50.6705],[27.8208,50.675],[27.8103,50.6464],[27.8326,50.6369],[27.8451,50.6506],[27.8635,50.6204],[27.8699,50.6255],[27.8896,50.6212],[27.9019,50.6286],[27.9533,50.63],[27.9551,50.6369],[27.9868,50.6422],[28.0033,50.6325],[28.009,50.6134],[28.0373,50.591],[28.0498,50.5965],[28.0706,50.5868],[28.098,50.5923],[28.1243,50.6052],[28.1259,50.6257],[28.1605,50.6243],[28.1703,50.616],[28.1896,50.6173],[28.2125,50.6292],[28.2205,50.6184],[28.2212,50.5976],[28.2301,50.5756],[28.2698,50.5744],[28.2786,50.5647],[28.2885,50.5337],[28.3006,50.528],[28.3047,50.4936],[28.3172,50.4716],[28.3131,50.4468],[28.3339,50.4363],[28.3292,50.4167],[28.3066,50.417],[28.2875,50.4026],[28.3033,50.3951],[28.3199,50.3786],[28.3158,50.3634],[28.2883,50.3619],[28.2787,50.3452],[28.2667,50.35],[28.262,50.3384],[28.2708,50.3125],[28.248,50.2964],[28.226,50.2952],[28.2238,50.2874],[28.1603,50.3006],[28.148,50.3119],[28.1258,50.3132],[28.12,50.3285],[28.0926,50.3243],[28.0715,50.3033],[28.0663,50.285],[28.0453,50.2678],[28.0577,50.2551],[28.0355,50.2464],[28.0042,50.2417],[28.0034,50.2341],[27.9854,50.2327],[27.9674,50.2242],[27.9659,50.2049],[27.953,50.1953],[27.9216,50.1953],[27.9132,50.2006],[27.8896,50.188],[27.8792,50.1917],[27.8741,50.1717],[27.8417,50.1625],[27.8465,50.1437],[27.8587,50.126],[27.8465,50.1242],[27.8417,50.1],[27.8478,50.0922],[27.8741,50.0868],[27.8833,50.0708],[27.883,50.0434],[27.8631,50.0199],[27.8625,50.0],[27.8775,49.9955],[27.8875,49.9833],[27.9267,49.9754],[27.9625,49.975],[27.9631,49.9645],[27.9884,49.9257],[28.0089,49.9135],[27.9996,49.9012],[28.0087,49.8988],[28.0,49.8833],[27.9858,49.8879],[27.9591,49.8703],[27.9167,49.875],[27.9201,49.855],[27.8953,49.8446],[27.9131,49.8132],[27.9119,49.7967],[27.8966,49.7908],[27.9125,49.7708],[27.8958,49.7583],[27.8667,49.7542],[27.8542,49.7458],[27.8712,49.722],[27.8479,49.7204],[27.8254,49.7074],[27.8208,49.6958],[27.8108,49.6996],[27.7708,49.7],[27.7507,49.6911],[27.723,49.6994],[27.6634,49.7035],[27.6366,49.6717],[27.6226,49.667],[27.6104,49.675],[27.59,49.6754],[27.5733,49.6663],[27.5566,49.6788],[27.5436,49.6786],[27.5229,49.663],[27.4993,49.6619],[27.4759,49.6673],[27.4657,49.6797],[27.4522,49.6672],[27.4256,49.6573],[27.425,49.6458],[27.4076,49.6506],[27.3909,49.6453],[27.3824,49.6576],[27.3534,49.6631],[27.3407,49.6578],[27.3314,49.6661],[27.3083,49.6667],[27.3042,49.6792],[27.2858,49.6746],[27.2733,49.6795],[27.2566,49.6746],[27.2399,49.6795],[27.2229,49.6625],[27.2108,49.6705],[27.1208,49.6708],[27.1202,49.6592],[27.1078,49.6507],[27.1163,49.6392],[27.1063,49.6296],[27.0784,49.6244],[27.0659,49.6297],[27.047,49.6244],[27.0366,49.641],[27.0146,49.6495],[26.9896,49.6338],[26.9782,49.6381],[26.9647,49.6256],[26.9575,49.6367],[26.9101,49.6455],[26.8816,49.6379],[26.852,49.6381],[26.8397,49.6452],[26.8177,49.6465],[26.8159,49.6343],[26.7995,49.6285],[26.7804,49.6376],[26.7747,49.6259],[26.7353,49.6298],[26.723,49.6256],[26.6603,49.6297],[26.6533,49.6409],[26.6186,49.6369],[26.5804,49.6381],[26.5792,49.6333],[26.5476,49.6295],[26.4976,49.6295],[26.4899,49.6371],[26.4733,49.6337],[26.4292,49.6333],[26.4145,49.6381]]]}},{"type":"Feature","properties":{"id":"225490","riverUk":"Горинь","riverEn":"Horyn","oblasts":["rivne","khmelnytskyi","ternopil"],"point":[26.1479,50.6779],"kakhovka":false},"geometry":{"type":"Polygon","coordinates":[[[26.3288,49.7149],[26.2983,49.733],[26.2524,49.7413],[26.1787,49.741],[26.1412,49.7548],[26.1299,49.749],[26.1202,49.7284],[26.1338,49.7135],[26.1142,49.7087],[26.0809,49.717],[26.0604,49.7292],[26.0309,49.7121],[26.0108,49.7129],[25.9983,49.7038],[25.9858,49.7121],[25.9375,49.7167],[25.9229,49.7287],[25.9032,49.7203],[25.8647,49.7411],[25.8426,49.7423],[25.8208,49.7599],[25.8328,49.7728],[25.8282,49.791],[25.7936,49.7964],[25.7697,49.8169],[25.7436,49.8161],[25.7147,49.8047],[25.6603,49.7994],[25.6535,49.7802],[25.6259,49.7882],[25.6159,49.7964],[25.5979,49.788],[25.5813,49.8037],[25.5564,49.7839],[25.5174,49.7968],[25.5049,49.8091],[25.5035,49.8272],[25.4913,49.845],[25.4667,49.8542],[25.458,49.8809],[25.4583,49.9],[25.4833,49.9042],[25.5314,49.9006],[25.5451,49.9089],[25.5689,49.9036],[25.577,49.8964],[25.602,49.8952],[25.6367,49.9007],[25.6383,49.9115],[25.6587,49.9173],[25.6673,49.9119],[25.6909,49.9216],[25.6925,49.9366],[25.7083,49.95],[25.709,49.9771],[25.727,49.991],[25.7451,49.9924],[25.7465,50.0105],[25.7784,50.0425],[25.7548,50.0677],[25.7633,50.0907],[25.8076,50.0883],[25.8175,50.1128],[25.8277,50.1077],[25.8381,50.1253],[25.8333,50.1333],[25.8476,50.1413],[25.8649,50.142],[25.8788,50.1517],[25.8892,50.1746],[25.9076,50.1661],[25.9448,50.1673],[25.9509,50.1785],[25.9729,50.187],[25.9896,50.1796],[26.0115,50.1962],[26.0226,50.2121],[26.0604,50.2287],[26.078,50.2244],[26.1061,50.2411],[26.1241,50.2465],[26.1295,50.2684],[26.1059,50.2795],[26.0917,50.3042],[26.055,50.3133],[26.0534,50.3243],[25.9978,50.3298],[25.9649,50.3413],[25.9517,50.342],[25.9316,50.3538],[25.8733,50.3663],[25.8458,50.3667],[25.8425,50.395],[25.8512,50.4006],[25.8772,50.3994],[25.9083,50.3917],[25.9131,50.4061],[25.9119,50.4355],[25.8939,50.4494],[25.877,50.4506],[25.8705,50.4608],[25.8436,50.4756],[25.8241,50.4923],[25.7895,50.4881],[25.7608,50.5163],[25.7351,50.5212],[25.7337,50.535],[25.7142,50.5462],[25.6941,50.5705],[25.6733,50.5663],[25.6621,50.5941],[25.6479,50.6083],[25.64,50.6038],[25.6125,50.6208],[25.625,50.6292],[25.6329,50.6479],[25.6246,50.6615],[25.6007,50.6717],[25.599,50.6952],[25.5792,50.6958],[25.5875,50.725],[25.615,50.7295],[25.6642,50.7205],[25.6917,50.725],[25.6833,50.7361],[25.6949,50.749],[25.6758,50.755],[25.6702,50.7705],[25.6756,50.7872],[25.6702,50.8188],[25.6589,50.8312],[25.6622,50.8491],[25.6798,50.8509],[25.6758,50.8743],[25.7188,50.8702],[25.73,50.855],[25.7521,50.8464],[25.7583,50.85],[25.7983,50.8504],[25.8062,50.8583],[25.8354,50.8583],[25.8483,50.867],[25.8858,50.8538],[25.9063,50.8625],[25.9274,50.8587],[25.9458,50.8667],[25.9453,50.8901],[25.9655,50.8869],[25.9895,50.9035],[26.0188,50.9048],[26.0284,50.913],[26.0299,50.9326],[26.0771,50.934],[26.0979,50.9298],[26.1117,50.9342],[26.1205,50.9649],[26.108,50.9892],[26.1119,51.0189],[26.1006,51.0259],[26.0994,51.0449],[26.0792,51.05],[26.0785,51.0617],[26.0616,51.0741],[26.0428,51.0799],[26.05,51.1042],[26.002,51.109],[25.9882,51.1133],[25.9875,51.125],[25.9991,51.13],[26.0049,51.1491],[26.0243,51.1634],[26.0244,51.1868],[26.0417,51.1958],[26.0417,51.2083],[26.0699,51.2131],[26.0741,51.2366],[26.0592,51.2425],[26.0536,51.2593],[26.0619,51.2686],[26.0583,51.2917],[26.0589,51.3324],[26.0851,51.358],[26.1167,51.3625],[26.1339,51.3905],[26.1126,51.4057],[26.113,51.4146],[26.1478,51.4369],[26.1658,51.4381],[26.1708,51.4542],[26.2046,51.459],[26.2171,51.4535],[26.23,51.47],[26.252,51.4785],[26.273,51.4798],[26.2838,51.4881],[26.313,51.4827],[26.3187,51.4869],[26.3958,51.4875],[26.3741,51.5118],[26.3259,51.5215],[26.3339,51.5571],[26.3215,51.5635],[26.3208,51.575],[26.3333,51.5792],[26.3576,51.5744],[26.3729,51.5787],[26.3993,51.5661],[26.4318,51.5667],[26.45,51.5958],[26.4591,51.6075],[26.4907,51.6132],[26.5062,51.6285],[26.5287,51.634],[26.5347,51.6244],[26.5603,51.641],[26.573,51.6423],[26.5979,51.6578],[26.6147,51.6535],[26.6316,51.6371],[26.6542,51.6417],[26.6535,51.6259],[26.6297,51.6064],[26.6047,51.5689],[26.6036,51.552],[26.588,51.5313],[26.6004,51.51],[26.5917,51.4667],[26.5533,51.4298],[26.5145,51.4203],[26.4917,51.4042],[26.5079,51.3729],[26.4939,51.3589],[26.4743,51.3536],[26.448,51.3703],[26.4304,51.3756],[26.4283,51.3674],[26.3882,51.3533],[26.3786,51.3284],[26.3869,51.3147],[26.3882,51.2967],[26.4368,51.2699],[26.4494,51.248],[26.4449,51.2298],[26.4301,51.2285],[26.4131,51.2022],[26.4125,51.175],[26.4395,51.159],[26.4534,51.1576],[26.4635,51.1424],[26.4825,51.141],[26.4841,51.1298],[26.5083,51.1292],[26.5134,51.1132],[26.5381,51.103],[26.5368,51.0926],[26.5203,51.0821],[26.5254,51.0642],[26.5458,51.05],[26.5465,51.0383],[26.559,51.0365],[26.5522,51.0215],[26.5375,51.0208],[26.542,50.9975],[26.5517,50.9879],[26.5792,50.9792],[26.5964,50.9424],[26.6009,50.9214],[26.6167,50.9208],[26.633,50.9024],[26.6371,50.8725],[26.6261,50.8586],[26.6451,50.8492],[26.6466,50.8343],[26.6784,50.8285],[26.6845,50.8119],[26.7189,50.8131],[26.7375,50.8208],[26.7506,50.8049],[26.7452,50.7801],[26.7254,50.7699],[26.709,50.7533],[26.7042,50.7375],[26.6917,50.7333],[26.6909,50.7215],[26.6667,50.7208],[26.6673,50.7093],[26.6952,50.6949],[26.6958,50.6708],[26.724,50.6619],[26.7353,50.6464],[26.7645,50.6297],[26.7866,50.6285],[26.8007,50.6009],[26.8167,50.5875],[26.8275,50.5871],[26.8476,50.567],[26.8775,50.5621],[26.8833,50.5375],[26.8093,50.5079],[26.8075,50.501],[26.7618,50.5089],[26.734,50.4949],[26.7292,50.475],[26.7009,50.4744],[26.708,50.4566],[26.7083,50.425],[26.7244,50.4199],[26.7246,50.4017],[26.7092,50.384],[26.7522,50.3786],[26.7853,50.3714],[26.8368,50.3714],[26.8658,50.3673],[26.8678,50.3754],[26.8811,50.3631],[26.9564,50.3619],[27.0189,50.3494],[27.0542,50.3375],[27.0676,50.3133],[27.1075,50.295],[27.1091,50.2841],[27.125,50.275],[27.1649,50.2788],[27.1909,50.2701],[27.1924,50.2508],[27.2122,50.241],[27.2283,50.245],[27.2354,50.2369],[27.2583,50.2375],[27.2673,50.2092],[27.3033,50.1866],[27.3208,50.1625],[27.3042,50.1417],[27.2743,50.1464],[27.259,50.1407],[27.2577,50.1259],[27.2397,50.1172],[27.2176,50.1173],[27.1858,50.1295],[27.1517,50.1205],[27.1399,50.1087],[27.1101,50.108],[27.1006,50.1032],[27.1,50.0792],[27.0676,50.0744],[27.0839,50.0551],[27.0718,50.0369],[27.0522,50.0453],[27.0229,50.0463],[26.9924,50.0589],[26.9783,50.0465],[26.9458,50.0375],[26.9035,50.0368],[26.9201,50.024],[26.9215,50.0097],[26.9115,50.0007],[26.8829,49.9994],[26.8597,50.0048],[26.8532,49.9831],[26.848,49.9869],[26.7855,49.9881],[26.7438,49.9756],[26.7272,49.984],[26.7048,49.9824],[26.6509,49.958],[26.6492,49.9465],[26.6267,49.9413],[26.6045,49.9191],[26.6118,49.9074],[26.6172,49.877],[26.6244,49.8647],[26.6254,49.8434],[26.6375,49.8292],[26.6479,49.8333],[26.6745,49.8146],[26.6708,49.8],[26.6304,49.7964],[26.625,49.7875],[26.6301,49.7674],[26.65,49.7625],[26.6542,49.7521],[26.6358,49.7295],[26.5975,49.7295],[26.5892,49.7246],[26.535,49.733],[26.5292,49.725],[26.5149,49.7288],[26.4566,49.7295],[26.4441,49.7246],[26.4191,49.733],[26.3938,49.7256],[26.3675,49.7247],[26.3659,49.7132],[26.352,49.7119],[26.325,49.7],[26.3288,49.7149]]]}},{"type":"Feature","properties":{"id":"225500","riverUk":"Дніпро","riverEn":"Dnipro","oblasts":["chernihiv"],"point":[30.7695,51.5417],"kakhovka":false},"geometry":{"type":"Polygon","coordinates":[[[30.5131,51.1931],[30.5119,51.2105],[30.4785,51.2497],[30.4821,51.259],[30.5081,51.2577],[30.5396,51.2352],[30.5553,51.2435],[30.5563,51.2614],[30.5674,51.2576],[30.5746,51.2723],[30.5943,51.281],[30.6095,51.2811],[30.6142,51.306],[30.5947,51.3104],[30.6342,51.3332],[30.6483,51.3333],[30.6566,51.3425],[30.635,51.3589],[30.6557,51.3762],[30.632,51.4076],[30.6198,51.4301],[30.6025,51.4247],[30.5877,51.4279],[30.586,51.4518],[30.6223,51.461],[30.6191,51.4716],[30.5973,51.4743],[30.5887,51.4847],[30.5897,51.502],[30.5687,51.519],[30.5867,51.5427],[30.5708,51.552],[30.5425,51.5518],[30.5299,51.5618],[30.5351,51.5745],[30.5493,51.5724],[30.5514,51.5811],[30.5151,51.5963],[30.5151,51.6037],[30.5339,51.6044],[30.5327,51.6137],[30.559,51.6266],[30.5499,51.6372],[30.5808,51.6481],[30.5735,51.6602],[30.579,51.6762],[30.5703,51.6999],[30.6138,51.7029],[30.6306,51.7156],[30.6351,51.7397],[30.6506,51.7527],[30.6498,51.7628],[30.6182,51.7613],[30.6706,51.7905],[30.6623,51.8156],[30.6906,51.8252],[30.6994,51.8519],[30.714,51.867],[30.7345,51.8737],[30.7378,51.8916],[30.7497,51.8996],[30.7935,51.8972],[30.8241,51.9191],[30.8096,51.9407],[30.8155,51.9421],[30.8241,51.941],[30.834,51.9218],[30.8491,51.9116],[30.8547,51.8882],[30.8341,51.8509],[30.8563,51.8537],[30.8787,51.8396],[30.8708,51.8265],[30.8825,51.82],[30.8882,51.7968],[30.9063,51.788],[30.9198,51.8006],[30.9262,51.7911],[30.9647,51.7953],[30.9794,51.7864],[30.975,51.7667],[30.9438,51.7631],[30.8913,51.7619],[30.8842,51.7669],[30.884,51.7389],[30.8364,51.7383],[30.8118,51.7295],[30.8213,51.7174],[30.7892,51.7162],[30.7752,51.734],[30.7544,51.7325],[30.7438,51.7173],[30.725,51.7167],[30.725,51.7],[30.7701,51.7006],[30.8272,51.6953],[30.8451,51.6869],[30.8553,51.6961],[30.8783,51.6866],[30.8583,51.6833],[30.8453,51.6655],[30.8465,51.6467],[30.8536,51.6449],[30.8542,51.6208],[30.8659,51.6256],[30.8909,51.6078],[30.9074,51.609],[30.9137,51.6256],[30.9522,51.6161],[30.9784,51.5883],[30.9508,51.5826],[30.9452,51.5756],[30.955,51.5299],[30.9704,51.5261],[30.9548,51.5198],[30.9494,51.4845],[30.9631,51.4743],[30.938,51.4479],[30.959,51.4365],[30.9576,51.4174],[30.9381,51.42],[30.9375,51.3958],[30.9292,51.3958],[30.9172,51.3689],[30.9161,51.3426],[30.903,51.3244],[30.877,51.3286],[30.8409,51.3078],[30.8284,51.3131],[30.8083,51.3083],[30.8089,51.2844],[30.8256,51.2738],[30.8243,51.2634],[30.8083,51.25],[30.7637,51.2547],[30.7478,51.2381],[30.7397,51.2453],[30.7199,51.2464],[30.6991,51.2173],[30.6811,51.2161],[30.6676,51.2035],[30.6673,51.1885],[30.6795,51.1822],[30.6714,51.173],[30.6703,51.152],[30.6625,51.1417],[30.6292,51.15],[30.6284,51.1669],[30.5957,51.1673],[30.5896,51.1631],[30.5697,51.1826],[30.537,51.184],[30.5123,51.166],[30.5,51.175],[30.5131,51.1931]]]}},{"type":"Feature","properties":{"id":"225601","riverUk":null,"riverEn":null,"oblasts":["chernihiv"],"point":[31.059,51.9336],"kakhovka":false},"geometry":{"type":"Polygon","coordinates":[[[31.3436,51.7953],[31.3323,51.7756],[31.277,51.7744],[31.266,51.7594],[31.2116,51.7631],[31.2022,51.7547],[31.1375,51.7583],[31.1283,51.7659],[31.0899,51.7587],[31.0184,51.7587],[30.975,51.7667],[30.9794,51.7864],[30.9647,51.7953],[30.9262,51.7911],[30.9198,51.8006],[30.9063,51.788],[30.8882,51.7968],[30.8825,51.82],[30.8708,51.8265],[30.8787,51.8396],[30.8563,51.8537],[30.8341,51.8509],[30.8547,51.8882],[30.8491,51.9116],[30.834,51.9218],[30.8241,51.941],[30.8155,51.9421],[30.858,51.9576],[30.8717,51.9672],[30.8879,51.9684],[30.884,51.9811],[30.9152,51.9926],[30.9412,51.9938],[30.9501,52.0068],[30.9336,52.0376],[30.9485,52.0553],[30.9344,52.0697],[30.9593,52.0747],[31.0963,52.0796],[31.1348,52.0767],[31.1592,52.0681],[31.2049,52.0439],[31.229,52.0382],[31.2975,52.0516],[31.3213,52.0829],[31.3264,52.1031],[31.3831,52.1175],[31.4749,52.1178],[31.5829,52.1049],[31.5841,52.0927],[31.5954,52.0869],[31.6463,52.0908],[31.6292,52.0625],[31.6025,52.067],[31.5858,52.058],[31.5608,52.067],[31.5358,52.0621],[31.5275,52.067],[31.5149,52.0587],[31.4467,52.041],[31.4324,52.0214],[31.4017,52.0205],[31.3633,52.0118],[31.3617,51.9967],[31.348,51.9923],[31.2833,51.9917],[31.283,51.9517],[31.2875,51.9292],[31.3063,51.9287],[31.3407,51.9118],[31.3495,51.9021],[31.3506,51.8759],[31.3575,51.8741],[31.3375,51.857],[31.3508,51.8258],[31.3756,51.818],[31.3632,51.8116],[31.3625,51.7958],[31.3436,51.7953]]]}},{"type":"Feature","properties":{"id":"226010","riverUk":null,"riverEn":null,"oblasts":["mykolaiv","kherson"],"point":[32.077,46.8077],"kakhovka":false},"geometry":{"type":"Polygon","coordinates":[[[32.3358,46.5622],[32.2693,46.5876],[32.2538,46.6047],[32.2368,46.6044],[32.2201,46.5907],[32.1699,46.5808],[32.1463,46.5602],[32.1321,46.5703],[32.1179,46.6069],[32.1011,46.6149],[32.0396,46.6235],[32.0228,46.6291],[31.9929,46.6574],[31.9798,46.6771],[31.9756,46.7091],[31.9403,46.7589],[31.9366,46.7962],[31.9493,46.805],[31.95,46.8208],[31.9645,46.8419],[31.9785,46.8467],[31.9795,46.858],[32.0118,46.8759],[32.0009,46.8925],[32.0047,46.9042],[32.0184,46.9288],[32.0441,46.9295],[32.05,46.9417],[32.0809,46.9496],[32.1184,46.9504],[32.1524,46.9587],[32.1663,46.9725],[32.202,46.9952],[32.2201,46.9966],[32.2299,47.0325],[32.2414,47.0343],[32.2467,47.0492],[32.2625,47.0542],[32.2744,47.0397],[32.2757,47.0259],[32.287,47.0104],[32.2798,46.9885],[32.2917,46.9792],[32.2688,46.959],[32.2508,46.9576],[32.241,46.934],[32.2452,46.9188],[32.2381,46.9021],[32.2381,46.8812],[32.2494,46.8521],[32.2404,46.8333],[32.2083,46.8154],[32.2042,46.8042],[32.2198,46.8036],[32.2437,46.7715],[32.2617,46.7659],[32.2717,46.738],[32.295,46.7284],[32.2966,46.7174],[32.3162,46.7119],[32.3325,46.7158],[32.3452,46.698],[32.3509,46.6712],[32.3687,46.659],[32.3907,46.6534],[32.4145,46.634],[32.4326,46.6326],[32.4381,46.6128],[32.4324,46.5798],[32.3833,46.575],[32.3831,46.5665],[32.3358,46.5622]]]}},{"type":"Feature","properties":{"id":"226021","riverUk":null,"riverEn":null,"oblasts":["mykolaiv"],"point":[31.7719,46.9875],"kakhovka":false},"geometry":{"type":"MultiPolygon","coordinates":[[[[31.6662,47.0452],[31.6938,47.0465],[31.7355,47.0548],[31.7576,47.0673],[31.7917,47.0417],[31.8467,46.9882],[31.8811,46.9797],[31.9108,46.9795],[31.9376,46.9917],[31.9043,46.9605],[31.8994,46.9438],[31.9077,46.9265],[31.9256,46.9229],[31.9683,46.937],[31.972,46.9128],[31.9522,46.9119],[31.9186,46.9172],[31.9042,46.925],[31.8601,46.9295],[31.8524,46.9371],[31.8233,46.9379],[31.8066,46.933],[31.7726,46.9337],[31.7658,46.941],[31.7091,46.955],[31.6991,46.9824],[31.6865,46.9992],[31.676,47.0008],[31.6744,47.0188],[31.6634,47.0259],[31.6542,47.05],[31.6662,47.0452]]],[[[31.975,46.9708],[31.9851,46.9629],[32.0324,46.9618],[32.05,46.9417],[32.0441,46.9295],[32.0184,46.9288],[32.0047,46.9042],[32.0067,46.9305],[31.9959,46.9404],[31.9461,46.9467],[31.9359,46.9548],[31.9392,46.968],[31.9654,46.995],[31.975,46.9917],[31.975,46.9708]]]]}},{"type":"Feature","properties":{"id":"226022","riverUk":null,"riverEn":null,"oblasts":["kirovohrad","mykolaiv"],"point":[32.3628,47.8782],"kakhovka":false},"geometry":{"type":"Polygon","coordinates":[[[32.2812,48.7796],[32.3074,48.7868],[32.3159,48.7744],[32.3318,48.7791],[32.3493,48.7574],[32.3507,48.7467],[32.375,48.725],[32.3792,48.7083],[32.4064,48.7089],[32.4187,48.7204],[32.4458,48.7292],[32.4583,48.7542],[32.4909,48.7574],[32.5017,48.7462],[32.5274,48.7462],[32.5434,48.758],[32.5642,48.7621],[32.5871,48.7358],[32.5879,48.71],[32.601,48.6879],[32.6118,48.6824],[32.6203,48.6647],[32.6256,48.627],[32.6494,48.5939],[32.6549,48.5759],[32.6858,48.5538],[32.7233,48.5621],[32.7663,48.5199],[32.7811,48.5006],[32.8491,48.4952],[32.8509,48.4884],[32.875,48.475],[32.8667,48.4458],[32.8375,48.4375],[32.8408,48.3882],[32.8187,48.3869],[32.7994,48.3714],[32.8007,48.3592],[32.817,48.3434],[32.8042,48.3167],[32.7867,48.3049],[32.759,48.2992],[32.7576,48.2802],[32.7458,48.275],[32.7496,48.235],[32.767,48.2184],[32.7538,48.2017],[32.7708,48.1875],[32.7589,48.1741],[32.7578,48.1478],[32.7494,48.1384],[32.755,48.1175],[32.7875,48.1042],[32.7917,48.0917],[32.7583,48.075],[32.7542,48.0542],[32.7545,48.0059],[32.7795,47.985],[32.7795,47.96],[32.7621,47.9184],[32.7708,47.8854],[32.7566,47.867],[32.7382,47.8657],[32.7369,47.8561],[32.7158,47.834],[32.6978,47.8328],[32.6871,47.8176],[32.6625,47.8083],[32.634,47.7866],[32.6333,47.7458],[32.6147,47.7172],[32.5925,47.7116],[32.5923,47.6884],[32.6047,47.6799],[32.6,47.6667],[32.5934,47.6663],[32.565,47.6212],[32.5542,47.6167],[32.5625,47.5937],[32.5462,47.5774],[32.5455,47.5684],[32.5254,47.5524],[32.5159,47.5258],[32.5009,47.5205],[32.4909,47.4966],[32.4716,47.4909],[32.4715,47.477],[32.4842,47.4545],[32.4993,47.4492],[32.5004,47.4351],[32.5205,47.4191],[32.5288,47.3892],[32.517,47.3774],[32.5034,47.3341],[32.4593,47.3115],[32.4375,47.2946],[32.4242,47.2718],[32.409,47.2619],[32.3854,47.266],[32.3625,47.2529],[32.3631,47.242],[32.348,47.2256],[32.3351,47.2246],[32.3255,47.2062],[32.3329,47.1979],[32.3328,47.1603],[32.3172,47.1439],[32.3075,47.1217],[32.2759,47.1116],[32.2785,47.0676],[32.2625,47.0542],[32.2467,47.0492],[32.2414,47.0343],[32.2299,47.0325],[32.2201,46.9966],[32.202,46.9952],[32.1663,46.9725],[32.1524,46.9587],[32.1184,46.9504],[32.0809,46.9496],[32.05,46.9417],[32.0324,46.9618],[31.9851,46.9629],[31.975,46.9708],[31.975,46.9917],[31.999,46.9964],[31.9958,47.025],[31.9686,47.0381],[31.9468,47.0547],[31.9333,47.0833],[31.9286,47.123],[31.9078,47.1507],[31.9161,47.1645],[31.9167,47.2],[31.9288,47.2059],[31.9351,47.2205],[31.9483,47.2212],[31.9601,47.2413],[31.9733,47.242],[32.0074,47.2799],[32.0047,47.2894],[32.0217,47.3158],[32.0286,47.3176],[32.0298,47.3448],[32.041,47.3509],[32.0454,47.3688],[32.0375,47.3776],[32.0491,47.3842],[32.058,47.4108],[32.0542,47.45],[32.0351,47.4504],[32.0212,47.4726],[32.025,47.4958],[32.0092,47.4964],[31.999,47.5202],[31.9728,47.5214],[31.9564,47.5369],[31.9436,47.5381],[31.9283,47.5535],[31.9125,47.5598],[31.9115,47.5702],[31.8978,47.5714],[31.8785,47.5884],[31.8797,47.6134],[31.8703,47.6259],[31.8786,47.6353],[31.8833,47.6583],[31.8839,47.6897],[31.8926,47.7035],[31.9105,47.7047],[31.9201,47.7134],[31.9119,47.7655],[31.9272,47.7714],[31.9574,47.7965],[31.9538,47.8142],[31.967,47.8434],[31.9589,47.8814],[31.9757,47.8991],[31.991,47.9051],[31.9868,47.9324],[31.9588,47.9646],[31.9783,47.9866],[31.9634,47.9967],[31.9535,48.0574],[31.9342,48.0632],[31.9292,48.0875],[31.9157,48.1035],[31.8958,48.1083],[31.8958,48.1375],[31.9093,48.1328],[31.9259,48.1493],[31.941,48.1551],[31.9453,48.1939],[31.9342,48.2009],[31.9163,48.2282],[31.9048,48.2343],[31.9076,48.2742],[31.8924,48.2758],[31.8869,48.3045],[31.9051,48.3243],[31.9327,48.3342],[31.9328,48.3647],[31.9051,48.3881],[31.8963,48.4104],[31.9119,48.427],[31.8949,48.4576],[31.8659,48.4672],[31.8409,48.4619],[31.8105,48.4744],[31.7875,48.4792],[31.8199,48.5004],[31.826,48.5119],[31.8533,48.5175],[31.8587,48.5282],[31.8814,48.5339],[31.9059,48.558],[31.9354,48.5785],[31.9825,48.5969],[31.9841,48.6073],[32.0085,48.6134],[32.0094,48.6284],[32.0201,48.63],[32.0215,48.6659],[32.05,48.675],[32.0411,48.7051],[32.0491,48.7327],[32.017,48.7476],[32.0167,48.7667],[32.0267,48.7746],[32.0524,48.7754],[32.0708,48.7875],[32.0775,48.7746],[32.0941,48.7795],[32.123,48.7756],[32.13,48.7866],[32.1466,48.7922],[32.1674,48.7869],[32.1949,48.7923],[32.205,48.8116],[32.241,48.8075],[32.2417,48.7917],[32.2583,48.7917],[32.2812,48.7796]]]}},{"type":"Feature","properties":{"id":"226023","riverUk":"Південний Буг","riverEn":"Southern Buh","oblasts":["mykolaiv","kirovohrad"],"point":[31.1979,47.5854],"kakhovka":false},"geometry":{"type":"Polygon","coordinates":[[[31.9157,48.1035],[31.9292,48.0875],[31.9342,48.0632],[31.9535,48.0574],[31.9634,47.9967],[31.9783,47.9866],[31.9588,47.9646],[31.9868,47.9324],[31.991,47.9051],[31.9757,47.8991],[31.9589,47.8814],[31.967,47.8434],[31.9538,47.8142],[31.9574,47.7965],[31.9272,47.7714],[31.9119,47.7655],[31.9201,47.7134],[31.9105,47.7047],[31.8926,47.7035],[31.8839,47.6897],[31.8833,47.6583],[31.8786,47.6353],[31.8703,47.6259],[31.8797,47.6134],[31.8785,47.5884],[31.8978,47.5714],[31.9115,47.5702],[31.9125,47.5598],[31.9283,47.5535],[31.9436,47.5381],[31.9564,47.5369],[31.9728,47.5214],[31.999,47.5202],[32.0092,47.4964],[32.025,47.4958],[32.0212,47.4726],[32.0351,47.4504],[32.0542,47.45],[32.058,47.4108],[32.0491,47.3842],[32.0375,47.3776],[32.0454,47.3688],[32.041,47.3509],[32.0298,47.3448],[32.0286,47.3176],[32.0217,47.3158],[32.0047,47.2894],[32.0074,47.2799],[31.9733,47.242],[31.9601,47.2413],[31.9483,47.2212],[31.9351,47.2205],[31.9288,47.2059],[31.9167,47.2],[31.9161,47.1645],[31.9078,47.1507],[31.9286,47.123],[31.9333,47.0833],[31.9468,47.0547],[31.9686,47.0381],[31.9958,47.025],[31.999,46.9964],[31.975,46.9917],[31.9654,46.995],[31.9769,47.0093],[31.971,47.0163],[31.9437,47.0189],[31.9002,47.0136],[31.8811,47.015],[31.8652,47.0264],[31.8932,47.0684],[31.8968,47.0927],[31.8823,47.1186],[31.8456,47.134],[31.8379,47.1492],[31.8345,47.1789],[31.8167,47.1971],[31.7577,47.2162],[31.7485,47.2285],[31.7521,47.2558],[31.7417,47.2591],[31.7206,47.2319],[31.7268,47.2205],[31.7617,47.2005],[31.8062,47.1927],[31.8163,47.1809],[31.8156,47.1226],[31.8447,47.113],[31.8743,47.0938],[31.8665,47.0771],[31.8447,47.0537],[31.8374,47.0085],[31.869,46.9988],[31.9141,47.0031],[31.9471,46.9991],[31.9376,46.9917],[31.9108,46.9795],[31.8811,46.9797],[31.8467,46.9882],[31.7917,47.0417],[31.7576,47.0673],[31.7355,47.0548],[31.6938,47.0465],[31.6662,47.0452],[31.6542,47.05],[31.6375,47.0542],[31.6375,47.0896],[31.6045,47.1184],[31.59,47.1413],[31.5667,47.15],[31.5496,47.1816],[31.5621,47.2017],[31.5629,47.215],[31.5816,47.2295],[31.608,47.2601],[31.6158,47.2743],[31.602,47.2756],[31.5833,47.2875],[31.5824,47.2785],[31.5466,47.2799],[31.5458,47.2875],[31.4895,47.2964],[31.4699,47.3201],[31.4595,47.3214],[31.4491,47.3049],[31.4101,47.308],[31.4042,47.3],[31.3899,47.308],[31.3726,47.3087],[31.3667,47.3167],[31.3345,47.3251],[31.3242,47.309],[31.2911,47.3036],[31.2758,47.3075],[31.27,47.2924],[31.2417,47.2917],[31.1829,47.291],[31.1675,47.2966],[31.1659,47.3075],[31.1454,47.3035],[31.1108,47.3371],[31.0708,47.3417],[31.0375,47.3208],[31.024,47.3369],[30.9853,47.3422],[30.9582,47.3738],[30.9382,47.38],[30.9368,47.3948],[30.924,47.4076],[30.9009,47.4134],[30.8875,47.425],[30.8603,47.4256],[30.827,47.4422],[30.8063,47.4579],[30.775,47.4542],[30.775,47.4667],[30.7392,47.4712],[30.7191,47.4795],[30.7024,47.4712],[30.6833,47.475],[30.6743,47.4922],[30.6657,47.4869],[30.645,47.5075],[30.627,47.5131],[30.6125,47.5333],[30.5851,47.5337],[30.5733,47.5413],[30.55,47.5417],[30.54,47.558],[30.5246,47.5684],[30.5295,47.5767],[30.517,47.5892],[30.5125,47.6042],[30.4805,47.6035],[30.4749,47.6155],[30.4592,47.6255],[30.4575,47.6367],[30.4428,47.6418],[30.4366,47.6574],[30.4188,47.6702],[30.3978,47.6715],[30.3829,47.6949],[30.3756,47.6967],[30.37,47.7242],[30.3494,47.738],[30.3548,47.7591],[30.3313,47.7785],[30.2995,47.7881],[30.2829,47.7827],[30.2603,47.7881],[30.2496,47.8032],[30.2272,47.8119],[30.1908,47.8078],[30.1827,47.8283],[30.1458,47.85],[30.1548,47.8699],[30.1833,47.8708],[30.195,47.8658],[30.2093,47.8465],[30.2299,47.8453],[30.2466,47.8547],[30.2814,47.8453],[30.3186,47.8297],[30.3405,47.8286],[30.3429,47.8381],[30.3782,47.834],[30.3993,47.8631],[30.4159,47.8494],[30.4458,47.8542],[30.4625,47.8458],[30.4856,47.8464],[30.4979,47.858],[30.5073,47.8495],[30.5239,47.8506],[30.5396,47.8704],[30.5519,47.863],[30.5708,47.8625],[30.5759,47.8743],[30.6017,47.8871],[30.6316,47.8879],[30.6642,47.9038],[30.6809,47.908],[30.7101,47.9045],[30.7564,47.9047],[30.7701,47.9131],[30.7826,47.9078],[30.8033,47.9118],[30.8051,47.9048],[30.8333,47.9042],[30.8453,47.9228],[30.8464,47.9355],[30.8575,47.9425],[30.8577,47.9616],[30.8458,47.9792],[30.8007,48.0009],[30.8,48.0083],[30.8083,48.0146],[30.7996,48.0316],[30.775,48.0583],[30.7899,48.0621],[30.8142,48.0504],[30.8408,48.0467],[30.8467,48.066],[30.8897,48.0714],[30.8952,48.076],[30.8925,48.1158],[30.9054,48.1297],[30.9241,48.1285],[30.9354,48.1171],[30.9792,48.1125],[30.9884,48.1285],[31.0314,48.1244],[31.0467,48.1286],[31.0941,48.1288],[31.1358,48.1163],[31.1782,48.1215],[31.1884,48.1369],[31.2147,48.1381],[31.2366,48.1507],[31.2426,48.1618],[31.3149,48.1754],[31.3226,48.183],[31.3566,48.183],[31.365,48.1879],[31.3858,48.1837],[31.3976,48.1913],[31.423,48.1911],[31.466,48.1533],[31.475,48.1333],[31.5025,48.1288],[31.5121,48.1191],[31.5408,48.1215],[31.5467,48.1369],[31.5814,48.1369],[31.5967,48.1215],[31.6118,48.1161],[31.6243,48.1214],[31.6564,48.1203],[31.6858,48.1246],[31.6934,48.117],[31.7233,48.108],[31.7309,48.1004],[31.7524,48.0996],[31.7691,48.0913],[31.7875,48.0917],[31.7925,48.1076],[31.8063,48.109],[31.8242,48.1256],[31.8437,48.1131],[31.8958,48.1083],[31.9157,48.1035]]]}},{"type":"Feature","properties":{"id":"226024","riverUk":"Синюха","riverEn":"Syniukha","oblasts":["cherkasy","kirovohrad","kyiv"],"point":[30.9792,48.8104],"kakhovka":false},"geometry":{"type":"Polygon","coordinates":[[[29.8708,48.85],[29.8705,48.8566],[29.8407,48.8868],[29.8215,48.8968],[29.8203,48.9147],[29.7923,48.9385],[29.7828,48.973],[29.7524,48.9996],[29.7272,49.0077],[29.7062,49.009],[29.6882,49.0175],[29.6868,49.0367],[29.6639,49.0369],[29.62,49.0701],[29.6037,49.0715],[29.5833,49.0625],[29.583,49.0733],[29.5563,49.091],[29.5458,49.1042],[29.5506,49.1324],[29.5882,49.1533],[29.6125,49.1583],[29.6256,49.1741],[29.6674,49.1881],[29.6863,49.1828],[29.6953,49.2061],[29.6958,49.225],[29.6869,49.2379],[29.7035,49.2562],[29.7049,49.2826],[29.727,49.291],[29.7449,49.2869],[29.747,49.2786],[29.7646,49.287],[29.7759,49.2756],[29.8125,49.275],[29.8174,49.2592],[29.8324,49.2494],[29.847,49.2586],[29.8686,49.2422],[29.898,49.2369],[29.9601,49.217],[29.9853,49.2328],[30.0196,49.2286],[30.0172,49.2397],[30.0257,49.2574],[30.0494,49.2811],[30.0506,49.3074],[30.0697,49.317],[30.0717,49.309],[30.0924,49.3078],[30.0991,49.3283],[30.0744,49.3466],[30.0797,49.3571],[30.0632,49.3676],[30.0625,49.3833],[30.0854,49.391],[30.1063,49.3923],[30.1229,49.4035],[30.141,49.4049],[30.1424,49.4366],[30.1667,49.4458],[30.1662,49.4729],[30.1578,49.4824],[30.1589,49.5022],[30.1786,49.5353],[30.1798,49.5491],[30.2017,49.558],[30.2191,49.5587],[30.2392,49.5746],[30.25,49.575],[30.2507,49.5591],[30.2743,49.5449],[30.2757,49.5342],[30.3032,49.5161],[30.3282,49.5256],[30.3439,49.5244],[30.375,49.5042],[30.3842,49.5241],[30.4452,49.5241],[30.4553,49.4839],[30.4875,49.4833],[30.4884,49.5036],[30.5333,49.5042],[30.5493,49.4869],[30.5782,49.4924],[30.5907,49.4992],[30.5979,49.4881],[30.6329,49.5006],[30.643,49.4785],[30.6646,49.4797],[30.6824,49.4878],[30.6912,49.4702],[30.7164,49.4741],[30.7259,49.4551],[30.7495,49.4452],[30.7659,49.4551],[30.776,49.4868],[30.7917,49.4875],[30.8035,49.4783],[30.8077,49.4603],[30.7992,49.4383],[30.7878,49.4366],[30.7854,49.4131],[30.7728,49.416],[30.7494,49.4005],[30.7551,49.3801],[30.7792,49.35],[30.7754,49.3267],[30.7851,49.317],[30.816,49.3134],[30.8284,49.3203],[30.8605,49.3244],[30.8792,49.3167],[30.8759,49.3009],[30.9399,49.2913],[30.9483,49.283],[30.9691,49.2837],[30.9816,49.2962],[31.0208,49.2917],[31.0246,49.2559],[31.0129,49.2399],[31.0184,49.2254],[31.0492,49.2201],[31.0508,49.205],[31.0605,49.2035],[31.0968,49.1718],[31.1146,49.1631],[31.1282,49.1658],[31.1298,49.1551],[31.1522,49.1494],[31.1785,49.1272],[31.1799,49.1093],[31.1912,49.1035],[31.2204,49.109],[31.2368,49.1034],[31.2384,49.0799],[31.2608,49.0754],[31.2726,49.083],[31.3066,49.0837],[31.325,49.0958],[31.3451,49.0869],[31.3537,49.0923],[31.3699,49.0867],[31.3842,49.0589],[31.4048,49.049],[31.3994,49.038],[31.405,49.0175],[31.4173,49.0157],[31.416,48.9937],[31.4333,48.9542],[31.448,48.9589],[31.4759,48.9786],[31.4991,48.9798],[31.5009,48.9866],[31.5228,48.9953],[31.5542,48.9958],[31.5826,48.9828],[31.5887,48.9922],[31.6243,48.9881],[31.6382,48.9634],[31.6699,48.9411],[31.6979,48.9495],[31.7125,48.9375],[31.7201,48.9422],[31.7491,48.9369],[31.7411,48.9321],[31.7465,48.901],[31.7631,48.8905],[31.7583,48.8583],[31.7897,48.8577],[31.802,48.8506],[31.8324,48.8451],[31.8383,48.8258],[31.8783,48.8285],[31.8929,48.8119],[31.9201,48.8214],[31.9311,48.8131],[31.9708,48.7958],[31.9809,48.7795],[32.0167,48.7667],[32.017,48.7476],[32.0491,48.7327],[32.0411,48.7051],[32.05,48.675],[32.0215,48.6659],[32.0201,48.63],[32.0094,48.6284],[32.0085,48.6134],[31.9841,48.6073],[31.9825,48.5969],[31.9354,48.5785],[31.9059,48.558],[31.8814,48.5339],[31.8587,48.5282],[31.8533,48.5175],[31.826,48.5119],[31.8199,48.5004],[31.7875,48.4792],[31.8105,48.4744],[31.8409,48.4619],[31.8659,48.4672],[31.8949,48.4576],[31.9119,48.427],[31.8963,48.4104],[31.9051,48.3881],[31.9328,48.3647],[31.9327,48.3342],[31.9051,48.3243],[31.8869,48.3045],[31.8924,48.2758],[31.9076,48.2742],[31.9048,48.2343],[31.9163,48.2282],[31.9342,48.2009],[31.9453,48.1939],[31.941,48.1551],[31.9259,48.1493],[31.9093,48.1328],[31.8958,48.1375],[31.8958,48.1083],[31.8437,48.1131],[31.8242,48.1256],[31.8063,48.109],[31.7925,48.1076],[31.7875,48.0917],[31.7691,48.0913],[31.7524,48.0996],[31.7309,48.1004],[31.7233,48.108],[31.6934,48.117],[31.6858,48.1246],[31.6564,48.1203],[31.6243,48.1214],[31.6118,48.1161],[31.5967,48.1215],[31.5814,48.1369],[31.5467,48.1369],[31.5408,48.1215],[31.5121,48.1191],[31.5025,48.1288],[31.475,48.1333],[31.466,48.1533],[31.423,48.1911],[31.3976,48.1913],[31.3858,48.1837],[31.365,48.1879],[31.3566,48.183],[31.3226,48.183],[31.3149,48.1754],[31.2426,48.1618],[31.2366,48.1507],[31.2147,48.1381],[31.1884,48.1369],[31.1782,48.1215],[31.1358,48.1163],[31.0941,48.1288],[31.0467,48.1286],[31.0314,48.1244],[30.9884,48.1285],[30.9792,48.1125],[30.9354,48.1171],[30.9241,48.1285],[30.9054,48.1297],[30.8925,48.1158],[30.8952,48.076],[30.8897,48.0714],[30.8467,48.066],[30.8408,48.0467],[30.8142,48.0504],[30.7899,48.0621],[30.775,48.0583],[30.7504,48.0851],[30.7375,48.1208],[30.7146,48.1328],[30.6993,48.1285],[30.68,48.1383],[30.6785,48.148],[30.6506,48.177],[30.6506,48.1963],[30.6417,48.2167],[30.6368,48.249],[30.6299,48.2617],[30.6522,48.2673],[30.6728,48.2869],[30.6917,48.2958],[30.7,48.3208],[30.6647,48.3411],[30.6358,48.3462],[30.615,48.3413],[30.6066,48.3462],[30.5937,48.3375],[30.5792,48.3417],[30.5491,48.3217],[30.5333,48.3167],[30.5145,48.3214],[30.5022,48.3328],[30.473,48.3453],[30.4478,48.3506],[30.4326,48.3631],[30.4189,48.3547],[30.397,48.3536],[30.3798,48.3676],[30.3792,48.3792],[30.35,48.3833],[30.3586,48.4074],[30.3384,48.4134],[30.317,48.4642],[30.3212,48.5017],[30.3149,48.5246],[30.2858,48.5254],[30.2708,48.5208],[30.2663,48.51],[30.2475,48.4955],[30.2226,48.4962],[30.2104,48.5042],[30.1895,48.4964],[30.1479,48.5162],[30.1407,48.5119],[30.1173,48.5302],[30.1169,48.5572],[30.0897,48.5828],[30.0912,48.6187],[30.0747,48.6572],[30.0882,48.6741],[30.1061,48.6828],[30.1292,48.6833],[30.1092,48.6967],[30.0855,48.7203],[30.0592,48.7257],[30.0506,48.7395],[30.0631,48.7674],[30.0575,48.7783],[30.0282,48.8076],[29.9561,48.8131],[29.9311,48.8172],[29.9,48.8333],[29.8708,48.85]]]}},{"type":"Feature","properties":{"id":"226026","riverUk":null,"riverEn":null,"oblasts":["odesa","mykolaiv"],"point":[30.0738,47.9542],"kakhovka":false},"geometry":{"type":"Polygon","coordinates":[[[30.8007,48.0009],[30.8458,47.9792],[30.8577,47.9616],[30.8575,47.9425],[30.8464,47.9355],[30.8453,47.9228],[30.8333,47.9042],[30.8051,47.9048],[30.8033,47.9118],[30.7826,47.9078],[30.7701,47.9131],[30.7564,47.9047],[30.7101,47.9045],[30.6809,47.908],[30.6642,47.9038],[30.6316,47.8879],[30.6017,47.8871],[30.5759,47.8743],[30.5708,47.8625],[30.5519,47.863],[30.5396,47.8704],[30.5239,47.8506],[30.5073,47.8495],[30.4979,47.858],[30.4856,47.8464],[30.4625,47.8458],[30.4458,47.8542],[30.4159,47.8494],[30.3993,47.8631],[30.3782,47.834],[30.3429,47.8381],[30.3405,47.8286],[30.3186,47.8297],[30.2814,47.8453],[30.2466,47.8547],[30.2299,47.8453],[30.2093,47.8465],[30.195,47.8658],[30.1833,47.8708],[30.1548,47.8699],[30.1458,47.85],[30.1311,47.8547],[30.1095,47.8711],[30.0996,47.8309],[30.085,47.8163],[30.0559,47.8205],[30.0441,47.8087],[30.015,47.8038],[29.9858,47.8246],[29.9566,47.8379],[29.9524,47.8337],[29.8875,47.8292],[29.8521,47.8495],[29.8323,47.8411],[29.8034,47.8589],[29.7868,47.8536],[29.7458,47.875],[29.6978,47.8756],[29.6855,47.8828],[29.6533,47.8881],[29.6409,47.8703],[29.622,47.8794],[29.6159,47.8703],[29.6034,47.8756],[29.5868,47.8703],[29.5634,47.8756],[29.5616,47.8825],[29.5341,47.8784],[29.5326,47.8592],[29.5083,47.85],[29.4771,47.8787],[29.4699,47.8673],[29.4493,47.8661],[29.4145,47.8756],[29.3897,47.8869],[29.3491,47.8828],[29.325,47.8958],[29.3244,47.9147],[29.2965,47.9384],[29.2953,47.948],[29.2658,47.9825],[29.2333,47.9958],[29.2241,48.0076],[29.1967,48.0132],[29.1828,48.0366],[29.1674,48.0426],[29.1661,48.0522],[29.1506,48.0686],[29.1493,48.0783],[29.125,48.0958],[29.1625,48.1083],[29.1941,48.108],[29.2441,48.0913],[29.2517,48.0837],[29.2733,48.083],[29.2996,48.0699],[29.3051,48.059],[29.3691,48.0462],[29.3809,48.058],[29.4358,48.058],[29.4608,48.0413],[29.4917,48.0458],[29.5358,48.0455],[29.5562,48.0417],[29.5809,48.0288],[29.5937,48.0375],[29.61,48.033],[29.6314,48.0494],[29.6647,48.0494],[29.6741,48.0411],[29.6845,48.0506],[29.6993,48.0453],[29.7118,48.0506],[29.7176,48.0423],[29.7625,48.0333],[29.7785,48.0468],[29.7799,48.0659],[29.8125,48.075],[29.8233,48.058],[29.8542,48.0625],[29.8823,48.0839],[29.9104,48.0755],[29.9228,48.0828],[29.9449,48.084],[29.9604,48.0954],[29.974,48.0828],[29.9826,48.0881],[29.9993,48.0786],[30.0282,48.0798],[30.0342,48.0908],[30.0576,48.0845],[30.0593,48.0965],[30.0899,48.0913],[30.1083,48.0833],[30.115,48.092],[30.1524,48.092],[30.165,48.1004],[30.1967,48.0923],[30.2522,48.0869],[30.2576,48.0828],[30.3034,48.0865],[30.3167,48.075],[30.3254,48.0559],[30.35,48.025],[30.366,48.0199],[30.3855,47.9994],[30.4061,47.9881],[30.4233,47.9879],[30.4517,48.0038],[30.4855,48.0131],[30.4951,48.0215],[30.5201,48.0035],[30.5409,48.0049],[30.5478,48.0202],[30.573,48.0215],[30.5993,48.0297],[30.6147,48.0286],[30.6478,48.0047],[30.6774,48.0004],[30.7566,48.0004],[30.765,48.0087],[30.7958,48.0042],[30.8,48.0083],[30.8007,48.0009]]]}},{"type":"Feature","properties":{"id":"226027","riverUk":"Південний Буг","riverEn":"Southern Buh","oblasts":["vinnytsia","kirovohrad","odesa","mykolaiv","cherkasy"],"point":[29.5911,48.411],"kakhovka":false},"geometry":{"type":"Polygon","coordinates":[[[29.1006,48.1092],[29.0994,48.1272],[29.0782,48.1493],[29.0292,48.1723],[29.025,48.2042],[29.0066,48.2087],[28.9941,48.2038],[28.95,48.2292],[28.9496,48.2483],[28.9379,48.2601],[28.942,48.2774],[28.9587,48.2976],[28.9358,48.3205],[28.9212,48.3267],[28.9205,48.3399],[28.8718,48.3754],[28.8657,48.3868],[28.8301,48.3923],[28.8371,48.4101],[28.8413,48.4483],[28.8241,48.4701],[28.8145,48.4714],[28.8033,48.4868],[28.7895,48.4881],[28.7715,48.5009],[28.7625,48.5292],[28.7816,48.5288],[28.79,48.5205],[28.8108,48.5212],[28.8212,48.5365],[28.8507,48.5506],[28.9147,48.5589],[28.9311,48.5703],[28.9632,48.5756],[28.9801,48.5661],[29.0062,48.5829],[29.0316,48.583],[29.0476,48.5754],[29.0858,48.5712],[29.0883,48.5868],[29.1314,48.6006],[29.1574,48.6132],[29.164,48.625],[29.1757,48.6203],[29.198,48.6256],[29.2145,48.6411],[29.2658,48.6423],[29.2708,48.6708],[29.2833,48.6875],[29.2842,48.68],[29.3033,48.6799],[29.3159,48.6922],[29.3583,48.6875],[29.377,48.6953],[29.4024,48.6962],[29.4399,48.7087],[29.4524,48.7205],[29.4691,48.7038],[29.4934,48.7045],[29.5233,48.6913],[29.5399,48.6955],[29.5517,48.6879],[29.5795,48.6827],[29.5992,48.6883],[29.6,48.6958],[29.6324,48.6868],[29.6425,48.6717],[29.6603,48.6631],[29.6866,48.6674],[29.7158,48.705],[29.7395,48.7286],[29.7663,48.7343],[29.7717,48.7452],[29.7953,48.7509],[29.8051,48.766],[29.8189,48.7672],[29.8478,48.7869],[29.8625,48.7875],[29.8783,48.8009],[29.8882,48.8241],[29.9,48.8333],[29.9311,48.8172],[29.9561,48.8131],[30.0282,48.8076],[30.0575,48.7783],[30.0631,48.7674],[30.0506,48.7395],[30.0592,48.7257],[30.0855,48.7203],[30.1092,48.6967],[30.1292,48.6833],[30.1061,48.6828],[30.0882,48.6741],[30.0747,48.6572],[30.0912,48.6187],[30.0897,48.5828],[30.1169,48.5572],[30.1173,48.5302],[30.1407,48.5119],[30.1479,48.5162],[30.1895,48.4964],[30.2104,48.5042],[30.2226,48.4962],[30.2475,48.4955],[30.2663,48.51],[30.2708,48.5208],[30.2858,48.5254],[30.3149,48.5246],[30.3212,48.5017],[30.317,48.4642],[30.3384,48.4134],[30.3586,48.4074],[30.35,48.3833],[30.3792,48.3792],[30.3798,48.3676],[30.397,48.3536],[30.4189,48.3547],[30.4326,48.3631],[30.4478,48.3506],[30.473,48.3453],[30.5022,48.3328],[30.5145,48.3214],[30.5333,48.3167],[30.5491,48.3217],[30.5792,48.3417],[30.5937,48.3375],[30.6066,48.3462],[30.615,48.3413],[30.6358,48.3462],[30.6647,48.3411],[30.7,48.3208],[30.6917,48.2958],[30.6728,48.2869],[30.6522,48.2673],[30.6299,48.2617],[30.6368,48.249],[30.6417,48.2167],[30.6506,48.1963],[30.6506,48.177],[30.6785,48.148],[30.68,48.1383],[30.6993,48.1285],[30.7146,48.1328],[30.7375,48.1208],[30.7504,48.0851],[30.775,48.0583],[30.7996,48.0316],[30.8083,48.0146],[30.8,48.0083],[30.7958,48.0042],[30.765,48.0087],[30.7566,48.0004],[30.6774,48.0004],[30.6478,48.0047],[30.6147,48.0286],[30.5993,48.0297],[30.573,48.0215],[30.5478,48.0202],[30.5409,48.0049],[30.5201,48.0035],[30.4951,48.0215],[30.4855,48.0131],[30.4517,48.0038],[30.4233,47.9879],[30.4061,47.9881],[30.3855,47.9994],[30.366,48.0199],[30.35,48.025],[30.3254,48.0559],[30.3167,48.075],[30.3034,48.0865],[30.2576,48.0828],[30.2522,48.0869],[30.1967,48.0923],[30.165,48.1004],[30.1524,48.092],[30.115,48.092],[30.1083,48.0833],[30.0899,48.0913],[30.0593,48.0965],[30.0576,48.0845],[30.0342,48.0908],[30.0282,48.0798],[29.9993,48.0786],[29.9826,48.0881],[29.974,48.0828],[29.9604,48.0954],[29.9449,48.084],[29.9228,48.0828],[29.9104,48.0755],[29.8823,48.0839],[29.8542,48.0625],[29.8233,48.058],[29.8125,48.075],[29.7799,48.0659],[29.7785,48.0468],[29.7625,48.0333],[29.7176,48.0423],[29.7118,48.0506],[29.6993,48.0453],[29.6845,48.0506],[29.6741,48.0411],[29.6647,48.0494],[29.6314,48.0494],[29.61,48.033],[29.5937,48.0375],[29.5809,48.0288],[29.5562,48.0417],[29.5358,48.0455],[29.4917,48.0458],[29.4608,48.0413],[29.4358,48.058],[29.3809,48.058],[29.3691,48.0462],[29.3051,48.059],[29.2996,48.0699],[29.2733,48.083],[29.2517,48.0837],[29.2441,48.0913],[29.1941,48.108],[29.1625,48.1083],[29.125,48.0958],[29.1006,48.1092]]]}},{"type":"Feature","properties":{"id":"226028","riverUk":null,"riverEn":null,"oblasts":["vinnytsia","cherkasy"],"point":[29.3315,49.0254],"kakhovka":false},"geometry":{"type":"Polygon","coordinates":[[[29.5563,49.091],[29.583,49.0733],[29.5833,49.0625],[29.6037,49.0715],[29.62,49.0701],[29.6639,49.0369],[29.6868,49.0367],[29.6882,49.0175],[29.7062,49.009],[29.7272,49.0077],[29.7524,48.9996],[29.7828,48.973],[29.7923,48.9385],[29.8203,48.9147],[29.8215,48.8968],[29.8407,48.8868],[29.8705,48.8566],[29.8708,48.85],[29.9,48.8333],[29.8882,48.8241],[29.8783,48.8009],[29.8625,48.7875],[29.8478,48.7869],[29.8189,48.7672],[29.8051,48.766],[29.7953,48.7509],[29.7717,48.7452],[29.7663,48.7343],[29.7395,48.7286],[29.7158,48.705],[29.6866,48.6674],[29.6603,48.6631],[29.6425,48.6717],[29.6324,48.6868],[29.6,48.6958],[29.5992,48.6883],[29.5795,48.6827],[29.5517,48.6879],[29.5399,48.6955],[29.5233,48.6913],[29.4934,48.7045],[29.4691,48.7038],[29.4524,48.7205],[29.4399,48.7087],[29.4024,48.6962],[29.377,48.6953],[29.3583,48.6875],[29.3159,48.6922],[29.3033,48.6799],[29.2842,48.68],[29.2833,48.6875],[29.2879,48.6975],[29.2494,48.7355],[29.2338,48.7563],[29.249,48.7754],[29.2547,48.803],[29.2467,48.805],[29.2256,48.8395],[29.2297,48.8632],[29.2216,48.8951],[29.2605,48.8965],[29.2687,48.9035],[29.3042,48.9125],[29.3167,48.9312],[29.2851,48.9462],[29.275,48.9667],[29.2395,48.9672],[29.2134,48.9757],[29.2079,48.9865],[29.1458,48.9875],[29.1325,49.0075],[29.1076,49.0131],[29.0951,49.0078],[29.0743,49.0131],[29.0417,49.0042],[29.0365,49.0119],[29.0061,49.0131],[28.9757,49.0217],[28.9741,49.0325],[28.9284,49.0464],[28.9105,49.0381],[28.8759,49.0423],[28.87,49.0616],[28.8458,49.0708],[28.8545,49.1101],[28.8358,49.1288],[28.8701,49.1714],[28.8993,49.1661],[28.925,49.175],[28.9205,49.2184],[28.925,49.2375],[28.9087,49.2475],[28.9049,49.2826],[28.9404,49.2916],[28.9464,49.3034],[28.9424,49.345],[28.9561,49.3619],[28.9897,49.3631],[29.0062,49.3787],[29.025,49.3792],[29.0741,49.3824],[29.0763,49.3744],[29.0953,49.3798],[29.1091,49.3508],[29.1397,49.3536],[29.1605,49.3494],[29.1909,49.3203],[29.1985,49.325],[29.2042,49.2917],[29.2337,49.2767],[29.2288,49.26],[29.2295,49.2309],[29.2426,49.2089],[29.2583,49.2083],[29.2684,49.192],[29.2858,49.1913],[29.3066,49.183],[29.3524,49.183],[29.3767,49.1754],[29.4036,49.1741],[29.4228,49.1506],[29.4324,49.1493],[29.45,49.125],[29.4688,49.1244],[29.4912,49.116],[29.4995,49.1215],[29.5242,49.1159],[29.5258,49.1048],[29.5458,49.1042],[29.5563,49.091]]]}},{"type":"Feature","properties":{"id":"226029","riverUk":"Південний Буг","riverEn":"Southern Buh","oblasts":["vinnytsia","khmelnytskyi"],"point":[28.0563,49.1625],"kakhovka":false},"geometry":{"type":"Polygon","coordinates":[[[26.4733,49.6337],[26.4899,49.6371],[26.4976,49.6295],[26.5476,49.6295],[26.5792,49.6333],[26.5804,49.6381],[26.6186,49.6369],[26.6533,49.6409],[26.6603,49.6297],[26.723,49.6256],[26.7353,49.6298],[26.7747,49.6259],[26.7804,49.6376],[26.7995,49.6285],[26.8159,49.6343],[26.8177,49.6465],[26.8397,49.6452],[26.852,49.6381],[26.8816,49.6379],[26.9101,49.6455],[26.9575,49.6367],[26.9647,49.6256],[26.9782,49.6381],[26.9896,49.6338],[27.0146,49.6495],[27.0366,49.641],[27.047,49.6244],[27.0659,49.6297],[27.0784,49.6244],[27.1063,49.6296],[27.1163,49.6392],[27.1078,49.6507],[27.1202,49.6592],[27.1208,49.6708],[27.2108,49.6705],[27.2229,49.6625],[27.2399,49.6795],[27.2566,49.6746],[27.2733,49.6795],[27.2858,49.6746],[27.3042,49.6792],[27.3083,49.6667],[27.3314,49.6661],[27.3407,49.6578],[27.3534,49.6631],[27.3824,49.6576],[27.3909,49.6453],[27.4076,49.6506],[27.425,49.6458],[27.4256,49.6573],[27.4522,49.6672],[27.4657,49.6797],[27.4759,49.6673],[27.4993,49.6619],[27.5229,49.663],[27.5436,49.6786],[27.5566,49.6788],[27.5733,49.6663],[27.59,49.6754],[27.6104,49.675],[27.6226,49.667],[27.6366,49.6717],[27.6634,49.7035],[27.723,49.6994],[27.7507,49.6911],[27.7708,49.7],[27.8108,49.6996],[27.8208,49.6958],[27.8254,49.7074],[27.8479,49.7204],[27.8712,49.722],[27.8542,49.7458],[27.8667,49.7542],[27.8958,49.7583],[27.9125,49.7708],[27.9396,49.7671],[27.9603,49.7786],[27.9924,49.7839],[28.0228,49.7714],[28.0841,49.7756],[28.1007,49.7703],[28.1417,49.7833],[28.1642,49.7871],[28.2024,49.7879],[28.2226,49.7996],[28.2691,49.8004],[28.29,49.7955],[28.325,49.8042],[28.3439,49.7994],[28.3593,49.7839],[28.4,49.7792],[28.4042,49.7625],[28.437,49.7229],[28.4259,49.7009],[28.4576,49.7006],[28.4812,49.688],[28.4868,49.6922],[28.5199,49.6827],[28.54,49.6663],[28.5608,49.6712],[28.598,49.6619],[28.6117,49.6532],[28.6187,49.6381],[28.6409,49.6368],[28.6417,49.6292],[28.6816,49.6246],[28.7066,49.608],[28.7417,49.6125],[28.7458,49.6333],[28.7689,49.6339],[28.8042,49.6458],[28.8187,49.6338],[28.8271,49.6412],[28.8449,49.6368],[28.847,49.6286],[28.8701,49.6339],[28.8828,49.6282],[28.8926,49.6132],[28.9134,49.6006],[28.9314,49.5994],[28.9448,49.5869],[28.9534,49.5922],[28.9708,49.5875],[28.9674,49.5508],[28.9825,49.5493],[28.9923,49.5299],[28.997,49.5039],[29.0199,49.5077],[29.0339,49.4924],[29.0256,49.4814],[29.0375,49.4708],[29.0325,49.4592],[29.0134,49.4535],[29.0047,49.4439],[29.009,49.4253],[29.0001,49.4097],[29.0242,49.3992],[29.025,49.3792],[29.0062,49.3787],[28.9897,49.3631],[28.9561,49.3619],[28.9424,49.345],[28.9464,49.3034],[28.9404,49.2916],[28.9049,49.2826],[28.9087,49.2475],[28.925,49.2375],[28.9205,49.2184],[28.925,49.175],[28.8993,49.1661],[28.8701,49.1714],[28.8358,49.1288],[28.8545,49.1101],[28.8458,49.0708],[28.87,49.0616],[28.8759,49.0423],[28.9105,49.0381],[28.9284,49.0464],[28.9741,49.0325],[28.9757,49.0217],[29.0061,49.0131],[29.0365,49.0119],[29.0417,49.0042],[29.0743,49.0131],[29.0951,49.0078],[29.1076,49.0131],[29.1325,49.0075],[29.1458,48.9875],[29.2079,48.9865],[29.2134,48.9757],[29.2395,48.9672],[29.275,48.9667],[29.2851,48.9462],[29.3167,48.9312],[29.3042,48.9125],[29.2687,48.9035],[29.2605,48.8965],[29.2216,48.8951],[29.2297,48.8632],[29.2256,48.8395],[29.2467,48.805],[29.2547,48.803],[29.249,48.7754],[29.2338,48.7563],[29.2494,48.7355],[29.2879,48.6975],[29.2833,48.6875],[29.2708,48.6708],[29.2658,48.6423],[29.2145,48.6411],[29.198,48.6256],[29.1757,48.6203],[29.164,48.625],[29.1574,48.6132],[29.1314,48.6006],[29.0883,48.5868],[29.0858,48.5712],[29.0476,48.5754],[29.0316,48.583],[29.0062,48.5829],[28.9801,48.5661],[28.9632,48.5756],[28.9311,48.5703],[28.9147,48.5589],[28.8507,48.5506],[28.8212,48.5365],[28.8108,48.5212],[28.79,48.5205],[28.7816,48.5288],[28.7625,48.5292],[28.7384,48.5382],[28.7256,48.5562],[28.7244,48.5698],[28.7409,48.5758],[28.7423,48.588],[28.7228,48.6006],[28.7031,48.6243],[28.6841,48.6258],[28.6792,48.65],[28.652,48.6547],[28.6371,48.674],[28.6228,48.6797],[28.6116,48.6952],[28.577,48.7006],[28.5689,48.7078],[28.5316,48.7163],[28.4958,48.7167],[28.4921,48.7271],[28.5172,48.7446],[28.5009,48.7509],[28.4913,48.7782],[28.4759,48.7842],[28.4615,48.8159],[28.4449,48.8242],[28.4091,48.8341],[28.4035,48.8605],[28.3441,48.8788],[28.3101,48.8795],[28.2875,48.8875],[28.2826,48.8992],[28.2645,48.9048],[28.2355,48.9327],[28.2091,48.9468],[28.2125,48.9667],[28.1855,48.9827],[28.1674,48.9841],[28.166,49.0021],[28.118,49.0249],[28.1122,49.0367],[28.0934,49.0371],[28.0733,49.0288],[28.0524,49.0455],[28.0125,49.0333],[27.9868,49.0328],[27.973,49.0411],[27.9493,49.0369],[27.9326,49.0422],[27.9118,49.0369],[27.8993,49.0422],[27.8783,49.0298],[27.8103,49.0339],[27.798,49.0411],[27.7353,49.0411],[27.7186,49.0369],[27.7116,49.0257],[27.6851,49.0212],[27.6774,49.0288],[27.6441,49.0379],[27.6275,49.0288],[27.6062,49.0292],[27.5941,49.0413],[27.5667,49.0417],[27.5561,49.0339],[27.5313,49.0495],[27.498,49.0578],[27.4659,49.0589],[27.4522,49.0506],[27.4324,49.0494],[27.4201,49.0589],[27.3909,49.0536],[27.3534,49.0589],[27.3292,49.0542],[27.3103,49.0631],[27.2855,49.0828],[27.2728,49.0839],[27.2509,49.1006],[27.25,49.1167],[27.2667,49.1167],[27.2619,49.1341],[27.2798,49.1506],[27.2742,49.1576],[27.251,49.159],[27.2445,49.1708],[27.2176,49.166],[27.2203,49.198],[27.2118,49.2047],[27.1909,49.1911],[27.1748,49.2071],[27.1396,49.1963],[27.1201,49.2047],[27.1118,49.1994],[27.099,49.216],[27.0759,49.2173],[27.0564,49.2286],[27.0059,49.2295],[26.9774,49.2455],[26.9559,49.2462],[26.9295,49.26],[26.9246,49.2899],[26.898,49.3119],[26.8822,49.3039],[26.8625,49.3083],[26.8532,49.3285],[26.8324,49.341],[26.8051,49.3465],[26.7913,49.359],[26.7788,49.3535],[26.7658,49.3701],[26.7497,49.3717],[26.75,49.3917],[26.7314,49.3994],[26.7076,49.3953],[26.6762,49.3953],[26.6741,49.4035],[26.6103,49.4131],[26.6,49.4208],[26.5925,49.4325],[26.6038,49.4441],[26.5814,49.4703],[26.5397,49.4714],[26.5229,49.4671],[26.4895,49.4797],[26.475,49.4917],[26.4938,49.4923],[26.5034,49.5006],[26.5187,49.4964],[26.5423,49.5159],[26.5409,49.5284],[26.4895,49.5465],[26.466,49.5662],[26.4674,49.5784],[26.4792,49.5875],[26.4708,49.5932],[26.4704,49.6115],[26.4292,49.6333],[26.4733,49.6337]]]}},{"type":"Feature","properties":{"id":"226030","riverUk":null,"riverEn":null,"oblasts":["mykolaiv"],"point":[31.4743,46.9617],"kakhovka":false},"geometry":{"type":"MultiPolygon","coordinates":[[[[31.27,47.2924],[31.2758,47.3075],[31.2911,47.3036],[31.3242,47.309],[31.3345,47.3251],[31.3667,47.3167],[31.3726,47.3087],[31.3899,47.308],[31.4042,47.3],[31.4101,47.308],[31.4491,47.3049],[31.4595,47.3214],[31.4699,47.3201],[31.4895,47.2964],[31.5458,47.2875],[31.5466,47.2799],[31.5824,47.2785],[31.5833,47.2875],[31.602,47.2756],[31.6158,47.2743],[31.608,47.2601],[31.5816,47.2295],[31.5629,47.215],[31.5621,47.2017],[31.5496,47.1816],[31.5667,47.15],[31.59,47.1413],[31.6045,47.1184],[31.6375,47.0896],[31.6375,47.0542],[31.6542,47.05],[31.6634,47.0259],[31.6744,47.0188],[31.676,47.0008],[31.6865,46.9992],[31.6991,46.9824],[31.7091,46.955],[31.7658,46.941],[31.7726,46.9337],[31.8066,46.933],[31.8233,46.9379],[31.8524,46.9371],[31.8601,46.9295],[31.9042,46.925],[31.9186,46.9172],[31.9522,46.9119],[31.972,46.9128],[31.9634,46.8857],[31.9451,46.8595],[31.9232,46.8483],[31.8986,46.8429],[31.8775,46.8283],[31.8648,46.8066],[31.8652,46.78],[31.8797,46.7603],[31.906,46.7339],[31.8994,46.694],[31.9074,46.6611],[31.8921,46.6436],[31.8584,46.6291],[31.8147,46.623],[31.7715,46.6275],[31.6741,46.6532],[31.6144,46.6496],[31.5972,46.6432],[31.5887,46.6296],[31.5568,46.6149],[31.5345,46.6272],[31.493,46.6287],[31.481,46.6464],[31.5035,46.6676],[31.5071,46.6822],[31.5462,46.7276],[31.5721,46.7663],[31.6182,46.8135],[31.6061,46.8264],[31.5917,46.825],[31.5876,46.7998],[31.5351,46.7788],[31.5195,46.7475],[31.5083,46.7452],[31.4816,46.7589],[31.4561,46.796],[31.4407,46.8005],[31.4519,46.7755],[31.4542,46.75],[31.4706,46.7454],[31.477,46.734],[31.4909,46.7326],[31.4871,46.6954],[31.4627,46.6752],[31.4438,46.6545],[31.4312,46.6535],[31.416,46.6421],[31.4162,46.6291],[31.3828,46.6208],[31.3642,46.6205],[31.3381,46.6015],[31.2957,46.6089],[31.283,46.6149],[31.2729,46.6087],[31.2567,46.6164],[31.1792,46.6291],[31.1854,46.637],[31.23,46.6244],[31.2381,46.6405],[31.2244,46.6591],[31.234,46.6908],[31.2491,46.6967],[31.2631,46.7284],[31.2581,46.7405],[31.2833,46.7583],[31.2788,46.7976],[31.2795,46.8274],[31.2996,46.8517],[31.283,46.8899],[31.2754,46.8976],[31.2792,46.9375],[31.2208,46.975],[31.2212,47.0191],[31.2538,47.0601],[31.2538,47.0983],[31.2458,47.1167],[31.2458,47.275],[31.2417,47.2917],[31.27,47.2924]]],[[[31.5683,46.7869],[31.5674,46.7866],[31.5676,46.7868],[31.5683,46.7869]]],[[[31.5004,46.7287],[31.5035,46.725],[31.5006,46.726],[31.5004,46.7287]]]]}},{"type":"Feature","properties":{"id":"226040","riverUk":null,"riverEn":null,"oblasts":["odesa","mykolaiv"],"point":[30.8771,47.2522],"kakhovka":false},"geometry":{"type":"Polygon","coordinates":[[[30.1827,47.8283],[30.1908,47.8078],[30.2272,47.8119],[30.2496,47.8032],[30.2603,47.7881],[30.2829,47.7827],[30.2995,47.7881],[30.3313,47.7785],[30.3548,47.7591],[30.3494,47.738],[30.37,47.7242],[30.3756,47.6967],[30.3829,47.6949],[30.3978,47.6715],[30.4188,47.6702],[30.4366,47.6574],[30.4428,47.6418],[30.4575,47.6367],[30.4592,47.6255],[30.4749,47.6155],[30.4805,47.6035],[30.5125,47.6042],[30.517,47.5892],[30.5295,47.5767],[30.5246,47.5684],[30.54,47.558],[30.55,47.5417],[30.5733,47.5413],[30.5851,47.5337],[30.6125,47.5333],[30.627,47.5131],[30.645,47.5075],[30.6657,47.4869],[30.6743,47.4922],[30.6833,47.475],[30.7024,47.4712],[30.7191,47.4795],[30.7392,47.4712],[30.775,47.4667],[30.775,47.4542],[30.8063,47.4579],[30.827,47.4422],[30.8603,47.4256],[30.8875,47.425],[30.9009,47.4134],[30.924,47.4076],[30.9368,47.3948],[30.9382,47.38],[30.9582,47.3738],[30.9853,47.3422],[31.024,47.3369],[31.0375,47.3208],[31.0708,47.3417],[31.1108,47.3371],[31.1454,47.3035],[31.1659,47.3075],[31.1675,47.2966],[31.1829,47.291],[31.2417,47.2917],[31.2458,47.275],[31.2458,47.1167],[31.2538,47.0983],[31.2538,47.0601],[31.2212,47.0191],[31.2208,46.975],[31.2792,46.9375],[31.2754,46.8976],[31.283,46.8899],[31.2996,46.8517],[31.2795,46.8274],[31.2788,46.7976],[31.2833,46.7583],[31.2581,46.7405],[31.2631,46.7284],[31.2491,46.6967],[31.234,46.6908],[31.2244,46.6591],[31.2381,46.6405],[31.23,46.6244],[31.1854,46.637],[31.1792,46.6291],[31.1748,46.6291],[31.1691,46.6371],[31.1517,46.6379],[31.1375,46.6562],[31.1417,46.6708],[31.1286,46.6907],[31.0895,46.7089],[31.0616,46.7327],[31.0478,46.7339],[31.0161,46.7564],[30.9717,46.7965],[30.967,46.8149],[30.9746,46.8267],[30.9783,46.8658],[30.9673,46.8718],[30.9663,46.8941],[30.9483,46.9121],[30.9267,46.917],[30.9208,46.925],[30.8833,46.925],[30.876,46.934],[30.8658,46.9132],[30.8437,46.9119],[30.82,46.8994],[30.7913,46.9191],[30.7833,46.9333],[30.7717,46.934],[30.7616,46.9493],[30.7468,46.9546],[30.7413,46.9657],[30.7208,46.9708],[30.7042,46.9937],[30.7087,47.0059],[30.7038,47.0233],[30.6917,47.0375],[30.6869,47.0647],[30.6493,47.1074],[30.6215,47.1259],[30.6119,47.1522],[30.5673,47.201],[30.5667,47.2292],[30.5316,47.2288],[30.5243,47.2407],[30.5091,47.2468],[30.5075,47.2575],[30.4812,47.2631],[30.47,47.2827],[30.4395,47.284],[30.4305,47.2965],[30.4208,47.2917],[30.4007,47.3009],[30.3993,47.3116],[30.3811,47.3172],[30.37,47.3325],[30.3436,47.3381],[30.325,47.3667],[30.3062,47.3673],[30.2967,47.3755],[30.3003,47.3907],[30.2883,47.3925],[30.2825,47.4076],[30.2603,47.409],[30.234,47.4216],[30.2325,47.4408],[30.2218,47.4462],[30.2116,47.466],[30.1884,47.4717],[30.1746,47.5149],[30.1566,47.533],[30.1396,47.5292],[30.1295,47.5392],[30.1188,47.5667],[30.1108,47.5621],[30.0816,47.5754],[30.0436,47.5756],[30.0134,47.584],[30.0116,47.5908],[29.9855,47.6036],[29.9686,47.6047],[29.9397,47.6203],[29.8936,47.6297],[29.873,47.6453],[29.8395,47.6464],[29.8061,47.6589],[29.7855,47.6744],[29.7676,47.6799],[29.7408,47.7033],[29.7292,47.6958],[29.7142,47.7004],[29.6899,47.7205],[29.6566,47.7288],[29.6101,47.7295],[29.5858,47.7379],[29.5816,47.7337],[29.5458,47.7333],[29.534,47.7384],[29.525,47.7625],[29.5246,47.7858],[29.517,47.7976],[29.5205,47.8226],[29.5045,47.8392],[29.5083,47.85],[29.5326,47.8592],[29.5341,47.8784],[29.5616,47.8825],[29.5634,47.8756],[29.5868,47.8703],[29.6034,47.8756],[29.6159,47.8703],[29.622,47.8794],[29.6409,47.8703],[29.6533,47.8881],[29.6855,47.8828],[29.6978,47.8756],[29.7458,47.875],[29.7868,47.8536],[29.8034,47.8589],[29.8323,47.8411],[29.8521,47.8495],[29.8875,47.8292],[29.9524,47.8337],[29.9566,47.8379],[29.9858,47.8246],[30.015,47.8038],[30.0441,47.8087],[30.0559,47.8205],[30.085,47.8163],[30.0996,47.8309],[30.1095,47.8711],[30.1311,47.8547],[30.1458,47.85],[30.1827,47.8283]]]}},{"type":"Feature","properties":{"id":"226050","riverUk":null,"riverEn":null,"oblasts":["odesa"],"point":[30.4257,46.909],"kakhovka":false},"geometry":{"type":"Polygon","coordinates":[[[30.4756,46.0897],[30.5131,46.1366],[30.5297,46.1468],[30.5131,46.1645],[30.4953,46.1949],[30.4814,46.2036],[30.4467,46.2134],[30.4548,46.2533],[30.4619,46.2645],[30.4631,46.2924],[30.4509,46.3009],[30.4417,46.3208],[30.4267,46.3254],[30.415,46.3413],[30.3941,46.3496],[30.3726,46.3504],[30.35,46.3583],[30.3455,46.3858],[30.325,46.4083],[30.3125,46.45],[30.3009,46.455],[30.2797,46.4853],[30.2658,46.5158],[30.2214,46.5645],[30.2125,46.6],[30.1967,46.6092],[30.1911,46.6272],[30.1756,46.6436],[30.1589,46.6728],[30.1536,46.6939],[30.1381,46.7145],[30.1324,46.741],[30.1208,46.7417],[30.1292,46.7604],[30.1163,46.7858],[30.0962,46.8142],[30.0952,46.8313],[30.0801,46.8426],[30.0663,46.8658],[30.055,46.8675],[30.0494,46.8938],[30.034,46.9228],[30.0327,46.9449],[30.0452,46.9687],[30.041,46.988],[30.0494,47.0062],[30.0509,47.0509],[30.045,47.0658],[30.0339,47.0718],[30.0333,47.0875],[30.0066,47.0996],[29.9792,47.1042],[29.9663,47.1365],[29.9509,47.1425],[29.9422,47.1561],[29.9369,47.1897],[29.9292,47.1958],[29.9453,47.2186],[29.9417,47.2271],[29.9538,47.2392],[29.9583,47.2583],[29.93,47.2884],[29.9208,47.3083],[29.9101,47.3087],[29.8858,47.333],[29.8625,47.3417],[29.8673,47.3611],[29.8577,47.3771],[29.8385,47.3883],[29.8282,47.4074],[29.8091,47.4177],[29.8076,47.4326],[29.7937,47.434],[29.7673,47.4467],[29.7589,47.477],[29.762,47.4979],[29.7429,47.5128],[29.7453,47.5314],[29.734,47.5384],[29.7327,47.5533],[29.7048,47.5718],[29.7036,47.5855],[29.6272,47.6369],[29.6083,47.6375],[29.575,47.6542],[29.5583,47.6708],[29.5672,47.6924],[29.5413,47.7095],[29.5506,47.7216],[29.5458,47.7333],[29.5816,47.7337],[29.5858,47.7379],[29.6101,47.7295],[29.6566,47.7288],[29.6899,47.7205],[29.7142,47.7004],[29.7292,47.6958],[29.7408,47.7033],[29.7676,47.6799],[29.7855,47.6744],[29.8061,47.6589],[29.8395,47.6464],[29.873,47.6453],[29.8936,47.6297],[29.9397,47.6203],[29.9686,47.6047],[29.9855,47.6036],[30.0116,47.5908],[30.0134,47.584],[30.0436,47.5756],[30.0816,47.5754],[30.1108,47.5621],[30.1188,47.5667],[30.1295,47.5392],[30.1396,47.5292],[30.1566,47.533],[30.1746,47.5149],[30.1884,47.4717],[30.2116,47.466],[30.2218,47.4462],[30.2325,47.4408],[30.234,47.4216],[30.2603,47.409],[30.2825,47.4076],[30.2883,47.3925],[30.3003,47.3907],[30.2967,47.3755],[30.3062,47.3673],[30.325,47.3667],[30.3436,47.3381],[30.37,47.3325],[30.3811,47.3172],[30.3993,47.3116],[30.4007,47.3009],[30.4208,47.2917],[30.4305,47.2965],[30.4395,47.284],[30.47,47.2827],[30.4812,47.2631],[30.5075,47.2575],[30.5091,47.2468],[30.5243,47.2407],[30.5316,47.2288],[30.5667,47.2292],[30.5673,47.201],[30.6119,47.1522],[30.6215,47.1259],[30.6493,47.1074],[30.6869,47.0647],[30.6917,47.0375],[30.7038,47.0233],[30.7087,47.0059],[30.7042,46.9937],[30.7208,46.9708],[30.7413,46.9657],[30.7468,46.9546],[30.7616,46.9493],[30.7717,46.934],[30.7833,46.9333],[30.7913,46.9191],[30.82,46.8994],[30.8437,46.9119],[30.8658,46.9132],[30.876,46.934],[30.8833,46.925],[30.9208,46.925],[30.9267,46.917],[30.9483,46.9121],[30.9663,46.8941],[30.9673,46.8718],[30.9783,46.8658],[30.9746,46.8267],[30.967,46.8149],[30.9717,46.7965],[31.0161,46.7564],[31.0478,46.7339],[31.0616,46.7327],[31.0895,46.7089],[31.1286,46.6907],[31.1417,46.6708],[31.1375,46.6562],[31.1517,46.6379],[31.1691,46.6371],[31.1748,46.6291],[31.1595,46.629],[31.1082,46.6177],[31.0545,46.6127],[31.0243,46.6059],[31.0256,46.6212],[31.0173,46.6354],[31.0159,46.6534],[31.0083,46.6437],[31.0163,46.6316],[31.0167,46.6042],[30.9914,46.6013],[30.9592,46.5834],[30.926,46.5843],[30.873,46.5589],[30.8513,46.5539],[30.8026,46.5602],[30.75,46.5417],[30.737,46.5218],[30.7385,46.501],[30.7612,46.4958],[30.7702,46.4771],[30.7673,46.4645],[30.7757,46.4502],[30.7743,46.4312],[30.7548,46.3938],[30.7539,46.3794],[30.7229,46.3618],[30.7089,46.3483],[30.6607,46.3509],[30.6519,46.3446],[30.6794,46.3283],[30.6833,46.3146],[30.667,46.2983],[30.6663,46.2892],[30.6504,46.2774],[30.6288,46.2392],[30.5816,46.192],[30.5619,46.1617],[30.5477,46.1478],[30.532,46.1419],[30.508,46.1101],[30.475,46.075],[30.4756,46.0897]],[[31.0009,46.655],[31.0042,46.6542],[31.0033,46.6575],[31.0009,46.655]],[[30.6608,46.3288],[30.6587,46.3267],[30.6663,46.3233],[30.6608,46.3288]]]}},{"type":"Feature","properties":{"id":"226061","riverUk":"Дністер","riverEn":"Dniester","oblasts":["odesa"],"point":[29.9812,46.8526],"kakhovka":false},"geometry":{"type":"MultiPolygon","coordinates":[[[[29.3376,47.3706],[29.3375,47.371],[29.3427,47.3712],[29.3376,47.3706]]],[[[29.3442,47.3713],[29.3479,47.375],[29.3508,47.3721],[29.3442,47.3713]]],[[[29.6083,47.6375],[29.6272,47.6369],[29.7036,47.5855],[29.7048,47.5718],[29.7327,47.5533],[29.734,47.5384],[29.7453,47.5314],[29.7429,47.5128],[29.762,47.4979],[29.7589,47.477],[29.7673,47.4467],[29.7937,47.434],[29.8076,47.4326],[29.8091,47.4177],[29.8282,47.4074],[29.8385,47.3883],[29.8577,47.3771],[29.8673,47.3611],[29.8625,47.3417],[29.8858,47.333],[29.9101,47.3087],[29.9208,47.3083],[29.93,47.2884],[29.9583,47.2583],[29.9538,47.2392],[29.9417,47.2271],[29.9453,47.2186],[29.9292,47.1958],[29.9369,47.1897],[29.9422,47.1561],[29.9509,47.1425],[29.9663,47.1365],[29.9792,47.1042],[30.0066,47.0996],[30.0333,47.0875],[30.0339,47.0718],[30.045,47.0658],[30.0509,47.0509],[30.0494,47.0062],[30.041,46.988],[30.0452,46.9687],[30.0327,46.9449],[30.034,46.9228],[30.0494,46.8938],[30.055,46.8675],[30.0663,46.8658],[30.0801,46.8426],[30.0952,46.8313],[30.0962,46.8142],[30.1163,46.7858],[30.1292,46.7604],[30.1208,46.7417],[30.1324,46.741],[30.1381,46.7145],[30.1536,46.6939],[30.1589,46.6728],[30.1756,46.6436],[30.1911,46.6272],[30.1967,46.6092],[30.2125,46.6],[30.2214,46.5645],[30.2658,46.5158],[30.2797,46.4853],[30.3009,46.455],[30.3125,46.45],[30.325,46.4083],[30.3455,46.3858],[30.35,46.3583],[30.3726,46.3504],[30.3941,46.3496],[30.415,46.3413],[30.4267,46.3254],[30.4417,46.3208],[30.4509,46.3009],[30.4631,46.2924],[30.4619,46.2645],[30.4548,46.2533],[30.4467,46.2134],[30.4814,46.2036],[30.4953,46.1949],[30.5131,46.1645],[30.5297,46.1468],[30.5131,46.1366],[30.4756,46.0897],[30.475,46.075],[30.4708,46.0708],[30.4618,46.0756],[30.4208,46.05],[30.405,46.0672],[30.399,46.0909],[30.3883,46.0925],[30.3866,46.1088],[30.3771,46.1006],[30.3576,46.0994],[30.3387,46.1169],[30.325,46.1417],[30.3024,46.1538],[30.2774,46.1545],[30.25,46.15],[30.2458,46.1583],[30.2059,46.1629],[30.1899,46.1746],[30.1642,46.1754],[30.1134,46.2259],[30.1,46.2521],[30.1042,46.2792],[30.0816,46.2996],[30.0625,46.3],[30.0369,46.3257],[30.0366,46.3368],[30.0145,46.3422],[29.9967,46.355],[29.9896,46.3708],[30.0373,46.3689],[30.0966,46.3752],[30.107,46.3914],[30.1635,46.4133],[30.16,46.4275],[30.1343,46.411],[30.1316,46.4228],[30.1124,46.4315],[30.0793,46.433],[30.0745,46.4249],[30.0589,46.4374],[30.0141,46.462],[30.0233,46.4688],[30.0094,46.4881],[29.9841,46.5101],[29.9831,46.4996],[29.9668,46.4944],[29.9577,46.5067],[29.9161,46.5188],[29.9019,46.5308],[29.8994,46.5491],[29.9426,46.5547],[29.94,46.5595],[29.957,46.5923],[29.9593,46.6087],[29.9467,46.6508],[29.9605,46.6787],[29.971,46.6852],[29.9662,46.7093],[29.9747,46.7521],[29.9662,46.7557],[29.9661,46.7714],[29.9352,46.8058],[29.9629,46.8183],[29.9787,46.8163],[29.9686,46.8318],[29.9521,46.8425],[29.9255,46.8348],[29.9284,46.8281],[29.906,46.8204],[29.8836,46.8516],[29.8921,46.8536],[29.8841,46.8861],[29.8468,46.882],[29.8491,46.8754],[29.7494,46.861],[29.731,46.9193],[29.7212,46.9183],[29.7181,46.9321],[29.7005,46.9249],[29.6479,46.9194],[29.6397,46.9552],[29.5717,46.9405],[29.5598,46.9584],[29.5958,46.9636],[29.6025,47.0416],[29.6287,47.0447],[29.6119,47.1002],[29.5476,47.0937],[29.5375,47.0756],[29.53,47.0819],[29.5156,47.1126],[29.4993,47.1092],[29.4973,47.1186],[29.5304,47.1237],[29.5399,47.1315],[29.5799,47.1358],[29.5551,47.2382],[29.5762,47.2545],[29.5987,47.2574],[29.5801,47.3485],[29.5742,47.3704],[29.5176,47.3646],[29.4876,47.3558],[29.4907,47.3481],[29.4706,47.3227],[29.4635,47.3022],[29.427,47.2921],[29.4229,47.3048],[29.3984,47.3005],[29.3837,47.3451],[29.398,47.3539],[29.3915,47.3769],[29.4438,47.3785],[29.4497,47.3744],[29.4813,47.384],[29.5104,47.4035],[29.5326,47.4049],[29.5341,47.4203],[29.5625,47.4333],[29.566,47.4646],[29.5571,47.4874],[29.5327,47.5038],[29.534,47.523],[29.5452,47.5354],[29.5465,47.5617],[29.5615,47.5632],[29.5715,47.5872],[29.5673,47.6146],[29.5795,47.6475],[29.575,47.6542],[29.6083,47.6375]]]]}},{"type":"Feature","properties":{"id":"226063","riverUk":"Дністер","riverEn":"Dniester","oblasts":["vinnytsia","khmelnytskyi","odesa","chernivtsi"],"point":[28.354,48.3962],"kakhovka":false},"geometry":{"type":"Polygon","coordinates":[[[26.6103,49.4131],[26.6741,49.4035],[26.6762,49.3953],[26.7076,49.3953],[26.7314,49.3994],[26.75,49.3917],[26.7497,49.3717],[26.7658,49.3701],[26.7788,49.3535],[26.7913,49.359],[26.8051,49.3465],[26.8324,49.341],[26.8532,49.3285],[26.8625,49.3083],[26.8822,49.3039],[26.898,49.3119],[26.9246,49.2899],[26.9295,49.26],[26.9559,49.2462],[26.9774,49.2455],[27.0059,49.2295],[27.0564,49.2286],[27.0759,49.2173],[27.099,49.216],[27.1118,49.1994],[27.1201,49.2047],[27.1396,49.1963],[27.1748,49.2071],[27.1909,49.1911],[27.2118,49.2047],[27.2203,49.198],[27.2176,49.166],[27.2445,49.1708],[27.251,49.159],[27.2742,49.1576],[27.2798,49.1506],[27.2619,49.1341],[27.2667,49.1167],[27.25,49.1167],[27.2509,49.1006],[27.2728,49.0839],[27.2855,49.0828],[27.3103,49.0631],[27.3292,49.0542],[27.3534,49.0589],[27.3909,49.0536],[27.4201,49.0589],[27.4324,49.0494],[27.4522,49.0506],[27.4659,49.0589],[27.498,49.0578],[27.5313,49.0495],[27.5561,49.0339],[27.5667,49.0417],[27.5941,49.0413],[27.6062,49.0292],[27.6275,49.0288],[27.6441,49.0379],[27.6774,49.0288],[27.6851,49.0212],[27.7116,49.0257],[27.7186,49.0369],[27.7353,49.0411],[27.798,49.0411],[27.8103,49.0339],[27.8783,49.0298],[27.8993,49.0422],[27.9118,49.0369],[27.9326,49.0422],[27.9493,49.0369],[27.973,49.0411],[27.9868,49.0328],[28.0125,49.0333],[28.0524,49.0455],[28.0733,49.0288],[28.0934,49.0371],[28.1122,49.0367],[28.118,49.0249],[28.166,49.0021],[28.1674,48.9841],[28.1855,48.9827],[28.2125,48.9667],[28.2091,48.9468],[28.2355,48.9327],[28.2645,48.9048],[28.2826,48.8992],[28.2875,48.8875],[28.3101,48.8795],[28.3441,48.8788],[28.4035,48.8605],[28.4091,48.8341],[28.4449,48.8242],[28.4615,48.8159],[28.4759,48.7842],[28.4913,48.7782],[28.5009,48.7509],[28.5172,48.7446],[28.4921,48.7271],[28.4958,48.7167],[28.5316,48.7163],[28.5689,48.7078],[28.577,48.7006],[28.6116,48.6952],[28.6228,48.6797],[28.6371,48.674],[28.652,48.6547],[28.6792,48.65],[28.6841,48.6258],[28.7031,48.6243],[28.7228,48.6006],[28.7423,48.588],[28.7409,48.5758],[28.7244,48.5698],[28.7256,48.5562],[28.7384,48.5382],[28.7625,48.5292],[28.7715,48.5009],[28.7895,48.4881],[28.8033,48.4868],[28.8145,48.4714],[28.8241,48.4701],[28.8413,48.4483],[28.8371,48.4101],[28.8301,48.3923],[28.8657,48.3868],[28.8718,48.3754],[28.9205,48.3399],[28.9212,48.3267],[28.9358,48.3205],[28.9587,48.2976],[28.942,48.2774],[28.9379,48.2601],[28.9496,48.2483],[28.95,48.2292],[28.9941,48.2038],[29.0066,48.2087],[29.025,48.2042],[29.0292,48.1723],[29.0782,48.1493],[29.0994,48.1272],[29.1006,48.1092],[29.125,48.0958],[29.1493,48.0783],[29.1506,48.0686],[29.1661,48.0522],[29.1674,48.0426],[29.1828,48.0366],[29.1967,48.0132],[29.2241,48.0076],[29.2333,47.9958],[29.2658,47.9825],[29.2953,47.948],[29.2965,47.9384],[29.3244,47.9147],[29.325,47.8958],[29.3491,47.8828],[29.3897,47.8869],[29.4145,47.8756],[29.4493,47.8661],[29.4699,47.8673],[29.4771,47.8787],[29.5083,47.85],[29.5045,47.8392],[29.5205,47.8226],[29.517,47.7976],[29.5246,47.7858],[29.525,47.7625],[29.534,47.7384],[29.5458,47.7333],[29.5506,47.7216],[29.5413,47.7095],[29.5672,47.6924],[29.5583,47.6708],[29.575,47.6542],[29.5795,47.6475],[29.5673,47.6146],[29.5715,47.5872],[29.5615,47.5632],[29.5465,47.5617],[29.5452,47.5354],[29.534,47.523],[29.5327,47.5038],[29.5571,47.4874],[29.566,47.4646],[29.5625,47.4333],[29.5341,47.4203],[29.5326,47.4049],[29.5104,47.4035],[29.4813,47.384],[29.4497,47.3744],[29.4438,47.3785],[29.3915,47.3769],[29.3508,47.3721],[29.3479,47.375],[29.3442,47.3713],[29.3427,47.3712],[29.3375,47.371],[29.3175,47.4492],[29.2882,47.4367],[29.2726,47.4347],[29.2546,47.4236],[29.2427,47.4346],[29.2423,47.462],[29.2247,47.4493],[29.2019,47.4466],[29.1853,47.4317],[29.1822,47.4491],[29.1906,47.4671],[29.1622,47.4527],[29.1576,47.4592],[29.1875,47.4752],[29.1923,47.4869],[29.1828,47.4932],[29.185,47.5188],[29.1515,47.5066],[29.1234,47.5454],[29.1301,47.5588],[29.1667,47.5712],[29.1847,47.572],[29.186,47.5858],[29.2177,47.6123],[29.2096,47.6278],[29.2192,47.627],[29.234,47.6426],[29.2094,47.6423],[29.2098,47.658],[29.2196,47.6581],[29.2199,47.6824],[29.2311,47.6838],[29.2044,47.7191],[29.2257,47.7424],[29.2486,47.7513],[29.2764,47.8021],[29.2471,47.8109],[29.2327,47.7974],[29.2193,47.7984],[29.1985,47.8185],[29.2059,47.8346],[29.2431,47.8673],[29.2671,47.8752],[29.2802,47.8895],[29.2006,47.8844],[29.1853,47.9645],[29.1805,47.9642],[29.1753,47.9938],[29.1249,47.9937],[29.131,47.9824],[29.0929,47.9831],[29.061,47.9698],[29.0311,47.9433],[29.0125,47.9563],[28.9945,47.9613],[28.9616,47.9792],[28.9258,47.9601],[28.8777,48.0008],[28.8873,48.0061],[28.8394,48.0349],[28.852,48.0609],[28.8399,48.0785],[28.8508,48.0787],[28.8553,48.1082],[28.8335,48.1288],[28.8139,48.1243],[28.8065,48.1345],[28.792,48.1257],[28.7719,48.1248],[28.7546,48.1362],[28.7269,48.1288],[28.6844,48.1292],[28.6821,48.1468],[28.6475,48.1433],[28.649,48.1519],[28.6114,48.1571],[28.5919,48.1733],[28.5794,48.1666],[28.5705,48.1762],[28.5447,48.169],[28.5299,48.1531],[28.5032,48.151],[28.5157,48.1419],[28.4929,48.1184],[28.4961,48.1115],[28.4902,48.0658],[28.4538,48.079],[28.4379,48.0967],[28.4214,48.124],[28.4397,48.1442],[28.4284,48.1724],[28.4104,48.1772],[28.3832,48.1751],[28.3716,48.165],[28.3564,48.1388],[28.3397,48.1338],[28.3174,48.1354],[28.3222,48.1632],[28.3634,48.191],[28.37,48.2116],[28.3682,48.2306],[28.3593,48.2429],[28.343,48.2465],[28.3302,48.2393],[28.3031,48.2413],[28.2322,48.2104],[28.1999,48.2117],[28.1894,48.2231],[28.1785,48.2589],[28.1445,48.2626],[28.139,48.2486],[28.1156,48.2367],[28.0933,48.2374],[28.0793,48.2462],[28.0983,48.2841],[28.0928,48.3021],[28.0748,48.3167],[28.0418,48.326],[27.9671,48.3289],[27.9199,48.3463],[27.8783,48.3855],[27.8735,48.4046],[27.8382,48.4154],[27.7863,48.4466],[27.7564,48.4567],[27.7147,48.4518],[27.627,48.4513],[27.6069,48.4578],[27.6041,48.4877],[27.5812,48.4909],[27.54,48.4724],[27.5038,48.4724],[27.4867,48.4567],[27.4202,48.4171],[27.4053,48.4121],[27.4013,48.4121],[27.3752,48.4241],[27.3751,48.4309],[27.375,48.4353],[27.3746,48.4524],[27.3566,48.4663],[27.3133,48.4674],[27.3167,48.4863],[27.3048,48.4926],[27.3042,48.5083],[27.2904,48.5208],[27.2799,48.5156],[27.2784,48.5007],[27.2497,48.4994],[27.2244,48.5048],[27.2146,48.4965],[27.1884,48.5006],[27.1816,48.4837],[27.1562,48.4827],[27.1493,48.4633],[27.0892,48.4705],[27.0733,48.4663],[27.0649,48.4746],[27.0309,48.4754],[27.0042,48.4917],[27.0034,48.4743],[26.9771,48.4757],[26.9646,48.4827],[26.9335,48.4882],[26.9069,48.486],[26.8905,48.5044],[26.8795,48.4892],[26.8879,48.4809],[26.8792,48.4646],[26.8892,48.4504],[26.9087,48.4392],[26.9083,48.4125],[26.8801,48.4165],[26.8651,48.4169],[26.851,48.4173],[26.8449,48.4288],[26.8208,48.4375],[26.8151,48.4172],[26.775,48.4184],[26.7627,48.4061],[26.7292,48.4167],[26.7108,48.433],[26.6884,48.4241],[26.6866,48.4175],[26.6587,48.4074],[26.6494,48.3924],[26.6541,48.3849],[26.6375,48.375],[26.623,48.3869],[26.5926,48.3965],[26.5689,48.4161],[26.5561,48.4172],[26.5147,48.4369],[26.4625,48.45],[26.4491,48.4951],[26.4145,48.5006],[26.4078,48.5093],[26.4172,48.5216],[26.4167,48.5375],[26.4367,48.5423],[26.4324,48.5702],[26.3895,48.5797],[26.3718,48.5879],[26.3618,48.6169],[26.3669,48.6242],[26.3868,48.6258],[26.3875,48.6417],[26.3715,48.6551],[26.363,48.6771],[26.3714,48.6988],[26.3619,48.7155],[26.3714,48.7321],[26.3507,48.7468],[26.3547,48.7676],[26.3311,48.7839],[26.3131,48.8061],[26.3163,48.8399],[26.3025,48.858],[26.2892,48.8587],[26.2666,48.8779],[26.2675,48.8827],[26.2991,48.884],[26.2814,48.9036],[26.2509,48.9134],[26.2467,48.9284],[26.2613,48.9248],[26.2631,48.9449],[26.2714,48.9552],[26.2577,48.9699],[26.2548,49.0157],[26.2701,49.0256],[26.3037,49.0119],[26.32,49.0132],[26.3285,49.0312],[26.3364,49.0658],[26.3211,49.0719],[26.2994,49.0992],[26.3035,49.1063],[26.2829,49.1281],[26.2591,49.1341],[26.2414,49.1657],[26.2424,49.1743],[26.2588,49.1756],[26.2841,49.166],[26.3076,49.1841],[26.309,49.1966],[26.2952,49.2157],[26.3076,49.2175],[26.309,49.2299],[26.2962,49.2483],[26.3118,49.255],[26.3078,49.278],[26.3161,49.2801],[26.3174,49.3201],[26.3355,49.3215],[26.3491,49.3338],[26.3661,49.3729],[26.3617,49.3785],[26.3354,49.3798],[26.3254,49.3941],[26.3375,49.4062],[26.3333,49.4167],[26.3575,49.416],[26.3591,49.4051],[26.387,49.3952],[26.3995,49.4006],[26.4323,49.4007],[26.4454,49.4131],[26.474,49.4077],[26.476,49.4007],[26.5147,49.3994],[26.5228,49.3923],[26.5674,49.3869],[26.5949,49.4007],[26.6,49.4208],[26.6103,49.4131]]]}},{"type":"Feature","properties":{"id":"226064","riverUk":null,"riverEn":null,"oblasts":["ternopil","khmelnytskyi"],"point":[26.0961,49.143],"kakhovka":false},"geometry":{"type":"Polygon","coordinates":[[[26.3866,48.5464],[26.3689,48.5339],[26.3493,48.5328],[26.3301,48.5464],[26.32,48.57],[26.3004,48.5851],[26.2908,48.6076],[26.2645,48.6172],[26.2465,48.6301],[26.2453,48.6439],[26.2159,48.6506],[26.1782,48.6369],[26.1667,48.6458],[26.1714,48.6676],[26.1661,48.6811],[26.1672,48.7071],[26.1533,48.7241],[26.1328,48.7368],[26.1382,48.7616],[26.1464,48.7757],[26.1328,48.7885],[26.1464,48.8113],[26.1255,48.8312],[26.1369,48.8478],[26.1327,48.8783],[26.1132,48.8884],[26.1172,48.9571],[26.077,48.9757],[26.0646,48.9868],[26.0341,49.001],[26.0293,49.0154],[26.0092,49.0252],[26.0244,49.0646],[26.0216,49.091],[26.0614,49.0924],[26.0667,49.1042],[26.0358,49.1163],[26.0142,49.117],[25.9858,49.133],[25.9601,49.1337],[25.9353,49.1422],[25.9175,49.155],[25.9,49.1958],[25.8816,49.2038],[25.8441,49.2121],[25.8083,49.2167],[25.8025,49.2246],[25.7767,49.2337],[25.7629,49.2559],[25.7581,49.2866],[25.8077,49.2895],[25.8177,49.3159],[25.8649,49.3163],[25.8934,49.308],[25.9075,49.3366],[25.8798,49.3593],[25.8744,49.3853],[25.8767,49.4163],[25.8871,49.4225],[25.8966,49.4534],[25.9438,49.459],[25.9659,49.4674],[25.9673,49.4778],[25.9509,49.4965],[25.9381,49.5311],[25.9369,49.548],[25.9244,49.5616],[25.909,49.5676],[25.8941,49.5871],[25.8792,49.5917],[25.8953,49.6103],[25.8958,49.6292],[25.9125,49.6292],[25.92,49.6408],[25.8994,49.6554],[25.9006,49.6866],[25.9118,49.6828],[25.9413,49.6934],[25.9375,49.7167],[25.9858,49.7121],[25.9983,49.7038],[26.0108,49.7129],[26.0309,49.7121],[26.0604,49.7292],[26.0809,49.717],[26.1142,49.7087],[26.1338,49.7135],[26.1202,49.7284],[26.1299,49.749],[26.1412,49.7548],[26.1787,49.741],[26.2524,49.7413],[26.2983,49.733],[26.3288,49.7149],[26.325,49.7],[26.3351,49.6879],[26.3542,49.6833],[26.3549,49.6549],[26.3939,49.6536],[26.4145,49.6381],[26.4292,49.6333],[26.4704,49.6115],[26.4708,49.5932],[26.4792,49.5875],[26.4674,49.5784],[26.466,49.5662],[26.4895,49.5465],[26.5409,49.5284],[26.5423,49.5159],[26.5187,49.4964],[26.5034,49.5006],[26.4938,49.4923],[26.475,49.4917],[26.4895,49.4797],[26.5229,49.4671],[26.5397,49.4714],[26.5814,49.4703],[26.6038,49.4441],[26.5925,49.4325],[26.6,49.4208],[26.5949,49.4007],[26.5674,49.3869],[26.5228,49.3923],[26.5147,49.3994],[26.476,49.4007],[26.474,49.4077],[26.4454,49.4131],[26.4323,49.4007],[26.3995,49.4006],[26.387,49.3952],[26.3591,49.4051],[26.3575,49.416],[26.3333,49.4167],[26.3375,49.4062],[26.3254,49.3941],[26.3354,49.3798],[26.3617,49.3785],[26.3661,49.3729],[26.3491,49.3338],[26.3355,49.3215],[26.3174,49.3201],[26.3161,49.2801],[26.3078,49.278],[26.3118,49.255],[26.2962,49.2483],[26.309,49.2299],[26.3076,49.2175],[26.2952,49.2157],[26.309,49.1966],[26.3076,49.1841],[26.2841,49.166],[26.2588,49.1756],[26.2424,49.1743],[26.2414,49.1657],[26.2591,49.1341],[26.2829,49.1281],[26.3035,49.1063],[26.2994,49.0992],[26.3211,49.0719],[26.3364,49.0658],[26.3285,49.0312],[26.32,49.0132],[26.3037,49.0119],[26.2701,49.0256],[26.2548,49.0157],[26.2577,48.9699],[26.2714,48.9552],[26.2631,48.9449],[26.2613,48.9248],[26.2467,48.9284],[26.2509,48.9134],[26.2814,48.9036],[26.2991,48.884],[26.2675,48.8827],[26.2666,48.8779],[26.2892,48.8587],[26.3025,48.858],[26.3163,48.8399],[26.3131,48.8061],[26.3311,48.7839],[26.3547,48.7676],[26.3507,48.7468],[26.3714,48.7321],[26.3619,48.7155],[26.3714,48.6988],[26.363,48.6771],[26.3715,48.6551],[26.3875,48.6417],[26.3868,48.6258],[26.3669,48.6242],[26.3618,48.6169],[26.3718,48.5879],[26.3895,48.5797],[26.4324,48.5702],[26.4367,48.5423],[26.4167,48.5375],[26.3866,48.5464]]]}},{"type":"Feature","properties":{"id":"226065","riverUk":"Дністер","riverEn":"Dniester","oblasts":["ternopil","chernivtsi"],"point":[25.9896,48.8219],"kakhovka":false},"geometry":{"type":"Polygon","coordinates":[[[26.4172,48.5216],[26.4078,48.5093],[26.4145,48.5006],[26.4491,48.4951],[26.4625,48.45],[26.4399,48.4379],[26.3858,48.4288],[26.3733,48.4496],[26.3392,48.4545],[26.3302,48.4673],[26.3207,48.4428],[26.2917,48.4333],[26.2867,48.441],[26.2605,48.4494],[26.2385,48.4506],[26.2367,48.4382],[26.2159,48.4369],[26.2022,48.4494],[26.1642,48.467],[26.1533,48.4783],[26.1414,48.4739],[26.1531,48.4506],[26.1142,48.4462],[26.1024,48.4538],[26.0705,48.4524],[26.0533,48.4743],[26.0217,48.466],[26.0199,48.4589],[25.9937,48.4577],[25.9782,48.4424],[25.9635,48.441],[25.9532,48.4657],[25.9292,48.4833],[25.9245,48.5062],[25.9125,48.525],[25.8853,48.5256],[25.8368,48.5464],[25.8282,48.5411],[25.775,48.5958],[25.7761,48.6286],[25.7884,48.6297],[25.8177,48.6203],[25.8271,48.6288],[25.849,48.6162],[25.8583,48.6208],[25.868,48.6125],[25.8895,48.6244],[25.9105,48.6256],[25.9255,48.6533],[25.9368,48.655],[25.9426,48.6782],[25.9546,48.684],[25.9729,48.6756],[25.9827,48.6802],[25.9828,48.7105],[25.955,48.7384],[25.9463,48.7521],[25.9449,48.8035],[25.927,48.8047],[25.9064,48.8161],[25.8826,48.8119],[25.8649,48.8205],[25.8458,48.8208],[25.8576,48.8381],[25.8741,48.8341],[25.8964,48.8743],[25.8914,48.9072],[25.9417,48.8958],[25.9583,48.9099],[25.9464,48.9228],[25.9375,48.9458],[25.8758,48.9633],[25.8743,48.9781],[25.8638,48.9833],[25.8754,48.9935],[25.8506,49.0093],[25.8494,49.0272],[25.8298,49.0385],[25.8257,49.0771],[25.8335,49.0908],[25.8133,49.0961],[25.8118,49.1158],[25.8336,49.1175],[25.8285,49.1313],[25.8096,49.1457],[25.8007,49.1645],[25.7994,49.1814],[25.7839,49.1967],[25.7843,49.2161],[25.8083,49.2167],[25.8441,49.2121],[25.8816,49.2038],[25.9,49.1958],[25.9175,49.155],[25.9353,49.1422],[25.9601,49.1337],[25.9858,49.133],[26.0142,49.117],[26.0358,49.1163],[26.0667,49.1042],[26.0614,49.0924],[26.0216,49.091],[26.0244,49.0646],[26.0092,49.0252],[26.0293,49.0154],[26.0341,49.001],[26.0646,48.9868],[26.077,48.9757],[26.1172,48.9571],[26.1132,48.8884],[26.1327,48.8783],[26.1369,48.8478],[26.1255,48.8312],[26.1464,48.8113],[26.1328,48.7885],[26.1464,48.7757],[26.1382,48.7616],[26.1328,48.7368],[26.1533,48.7241],[26.1672,48.7071],[26.1661,48.6811],[26.1714,48.6676],[26.1667,48.6458],[26.1782,48.6369],[26.2159,48.6506],[26.2453,48.6439],[26.2465,48.6301],[26.2645,48.6172],[26.2908,48.6076],[26.3004,48.5851],[26.32,48.57],[26.3301,48.5464],[26.3493,48.5328],[26.3689,48.5339],[26.3866,48.5464],[26.4167,48.5375],[26.4172,48.5216]]]}},{"type":"Feature","properties":{"id":"226066","riverUk":null,"riverEn":null,"oblasts":["ternopil","lviv"],"point":[25.5891,49.282],"kakhovka":false},"geometry":{"type":"Polygon","coordinates":[[[25.101,49.8119],[25.1272,49.8131],[25.1522,49.8214],[25.1589,49.8299],[25.1259,49.8589],[25.1074,49.8827],[25.052,49.8922],[25.0375,49.9083],[25.0134,49.9089],[25.0125,49.925],[25.0286,49.9353],[25.0299,49.9449],[25.0618,49.9506],[25.0701,49.9453],[25.1054,49.9453],[25.1233,49.9496],[25.1351,49.942],[25.1691,49.9371],[25.19,49.9288],[25.2083,49.9333],[25.2187,49.9255],[25.2534,49.9286],[25.2618,49.9339],[25.2741,49.9244],[25.2926,49.9327],[25.3326,49.9422],[25.3533,49.9366],[25.3728,49.9214],[25.3983,49.9205],[25.4184,49.9087],[25.4441,49.908],[25.4583,49.9],[25.458,49.8809],[25.4667,49.8542],[25.4913,49.845],[25.5035,49.8272],[25.5049,49.8091],[25.5174,49.7968],[25.5564,49.7839],[25.5813,49.8037],[25.5979,49.788],[25.6159,49.7964],[25.6259,49.7882],[25.6535,49.7802],[25.6603,49.7994],[25.7147,49.8047],[25.7436,49.8161],[25.7697,49.8169],[25.7936,49.7964],[25.8282,49.791],[25.8328,49.7728],[25.8208,49.7599],[25.8426,49.7423],[25.8647,49.7411],[25.9032,49.7203],[25.9229,49.7287],[25.9375,49.7167],[25.9413,49.6934],[25.9118,49.6828],[25.9006,49.6866],[25.8994,49.6554],[25.92,49.6408],[25.9125,49.6292],[25.8958,49.6292],[25.8953,49.6103],[25.8792,49.5917],[25.8941,49.5871],[25.909,49.5676],[25.9244,49.5616],[25.9369,49.548],[25.9381,49.5311],[25.9509,49.4965],[25.9673,49.4778],[25.9659,49.4674],[25.9438,49.459],[25.8966,49.4534],[25.8871,49.4225],[25.8767,49.4163],[25.8744,49.3853],[25.8798,49.3593],[25.9075,49.3366],[25.8934,49.308],[25.8649,49.3163],[25.8177,49.3159],[25.8077,49.2895],[25.7581,49.2866],[25.7629,49.2559],[25.7767,49.2337],[25.8025,49.2246],[25.8083,49.2167],[25.7843,49.2161],[25.7839,49.1967],[25.7994,49.1814],[25.8007,49.1645],[25.8096,49.1457],[25.8285,49.1313],[25.8336,49.1175],[25.8118,49.1158],[25.8133,49.0961],[25.8335,49.0908],[25.8257,49.0771],[25.8298,49.0385],[25.8494,49.0272],[25.8506,49.0093],[25.8754,48.9935],[25.8638,48.9833],[25.8743,48.9781],[25.8758,48.9633],[25.9375,48.9458],[25.9464,48.9228],[25.9583,48.9099],[25.9417,48.8958],[25.8914,48.9072],[25.8964,48.8743],[25.8741,48.8341],[25.8576,48.8381],[25.8458,48.8208],[25.8649,48.8205],[25.8826,48.8119],[25.9064,48.8161],[25.927,48.8047],[25.9449,48.8035],[25.9463,48.7521],[25.955,48.7384],[25.9828,48.7105],[25.9827,48.6802],[25.9729,48.6756],[25.9546,48.684],[25.9426,48.6782],[25.9368,48.655],[25.9255,48.6533],[25.9105,48.6256],[25.8895,48.6244],[25.868,48.6125],[25.8583,48.6208],[25.858,48.6358],[25.8274,48.6621],[25.8184,48.6629],[25.7941,48.683],[25.7767,48.6837],[25.7483,48.6955],[25.6941,48.6996],[25.6674,48.7134],[25.6717,48.7325],[25.6966,48.7381],[25.7186,48.7214],[25.7369,48.7259],[25.7381,48.7424],[25.7246,48.774],[25.7131,48.7801],[25.7119,48.798],[25.7035,48.8158],[25.6824,48.8327],[25.6561,48.8339],[25.6449,48.8493],[25.6121,48.8637],[25.6328,48.902],[25.6286,48.9314],[25.6167,48.9375],[25.6161,48.9533],[25.6078,48.9554],[25.609,48.9866],[25.6288,48.9892],[25.6295,49.0225],[25.6167,49.0354],[25.6441,49.0462],[25.6491,49.0575],[25.6104,49.0829],[25.5824,49.0744],[25.5468,49.0962],[25.5408,49.1119],[25.5172,49.1176],[25.5078,49.1282],[25.5125,49.1375],[25.5036,49.1549],[25.516,49.1634],[25.5121,49.1941],[25.4899,49.208],[25.4625,49.2125],[25.4744,49.2311],[25.4615,49.2534],[25.4449,49.2659],[25.4228,49.2714],[25.4175,49.2868],[25.438,49.2881],[25.459,49.2827],[25.466,49.2884],[25.4673,49.3105],[25.4756,49.338],[25.4583,49.3625],[25.4166,49.372],[25.4215,49.3903],[25.3965,49.4008],[25.3952,49.4213],[25.401,49.4326],[25.42,49.434],[25.4254,49.4566],[25.4371,49.4684],[25.4323,49.4951],[25.4135,49.4965],[25.4,49.5196],[25.3829,49.5256],[25.3759,49.5206],[25.3798,49.5605],[25.3869,49.5855],[25.3747,49.5928],[25.3673,49.6271],[25.3743,49.6395],[25.3757,49.6658],[25.3562,49.6673],[25.3221,49.7002],[25.3125,49.7208],[25.2717,49.7298],[25.2554,49.7381],[25.2458,49.725],[25.2244,49.7272],[25.1875,49.7667],[25.1593,49.7619],[25.1532,49.7824],[25.1397,49.791],[25.1147,49.7923],[25.0958,49.7875],[25.101,49.8119]]]}},{"type":"Feature","properties":{"id":"226067","riverUk":"Дністер","riverEn":"Dniester","oblasts":["ivano-frankivsk","ternopil","lviv"],"point":[24.6752,49.0728],"kakhovka":false},"geometry":{"type":"Polygon","coordinates":[[[25.7559,48.5962],[25.7233,48.6121],[25.6436,48.6214],[25.6228,48.6256],[25.5958,48.6375],[25.5846,48.6366],[25.5881,48.6247],[25.5702,48.6119],[25.5796,48.6009],[25.5603,48.6006],[25.5354,48.6161],[25.5177,48.6119],[25.516,48.623],[25.4924,48.6385],[25.4872,48.6533],[25.4562,48.6631],[25.4051,48.6924],[25.3996,48.7032],[25.3814,48.7119],[25.3506,48.7105],[25.3493,48.7009],[25.3333,48.6958],[25.342,48.6759],[25.3119,48.678],[25.3494,48.6438],[25.3536,48.6271],[25.35,48.6083],[25.2842,48.6257],[25.2824,48.6327],[25.25,48.6375],[25.2418,48.6612],[25.2327,48.6669],[25.2382,48.6777],[25.2206,48.684],[25.2081,48.6785],[25.1883,48.6922],[25.1867,48.7118],[25.1437,48.7173],[25.1145,48.7257],[25.098,48.7368],[25.0608,48.7496],[25.0316,48.7504],[25.016,48.7409],[25.0256,48.7204],[25.02,48.7049],[25.0037,48.7035],[24.9757,48.7117],[24.9756,48.6812],[24.984,48.6701],[24.9708,48.65],[24.9534,48.6547],[24.9257,48.6491],[24.9208,48.6375],[24.9062,48.6333],[24.8979,48.6417],[24.8774,48.6337],[24.8184,48.633],[24.8007,48.6203],[24.7645,48.6256],[24.7162,48.6381],[24.6882,48.6242],[24.6875,48.6042],[24.6659,48.5911],[24.6368,48.6006],[24.6184,48.5955],[24.6083,48.5792],[24.5934,48.5788],[24.5813,48.5667],[24.5434,48.5705],[24.5229,48.5583],[24.5061,48.562],[24.4578,48.5406],[24.4661,48.5314],[24.4417,48.5125],[24.4424,48.5008],[24.4593,48.4841],[24.4703,48.4825],[24.4785,48.4645],[24.4619,48.4424],[24.4675,48.4175],[24.483,48.4059],[24.4583,48.3875],[24.4525,48.3955],[24.3642,48.3955],[24.3542,48.3792],[24.3105,48.3952],[24.2884,48.3965],[24.2824,48.3718],[24.2621,48.351],[24.2372,48.359],[24.2243,48.3535],[24.2104,48.3661],[24.1846,48.3625],[24.1784,48.3742],[24.1508,48.3885],[24.141,48.4076],[24.1451,48.4325],[24.1299,48.4383],[24.1244,48.4662],[24.1376,48.4819],[24.116,48.4993],[24.1327,48.5408],[24.0884,48.5243],[24.0784,48.5119],[24.0646,48.5204],[24.0436,48.5119],[24.0313,48.5005],[24.0229,48.5079],[24.0032,48.5089],[23.9882,48.4991],[23.9869,48.4853],[23.9746,48.478],[23.9828,48.4689],[23.9674,48.4578],[23.927,48.4631],[23.9129,48.4718],[23.9096,48.4832],[23.9202,48.4884],[23.9256,48.5118],[23.9203,48.5243],[23.9256,48.5493],[23.9105,48.5619],[23.8603,48.5548],[23.8384,48.567],[23.8367,48.5785],[23.8051,48.5841],[23.7881,48.6104],[23.7958,48.6292],[23.7775,48.6462],[23.7525,48.6413],[23.7441,48.6462],[23.7316,48.6379],[23.7066,48.6371],[23.6892,48.6462],[23.675,48.6667],[23.6425,48.6842],[23.6324,48.7077],[23.6076,48.7036],[23.5907,48.7201],[23.55,48.7292],[23.5631,48.7647],[23.5797,48.7884],[23.5578,48.8176],[23.5661,48.827],[23.5757,48.8658],[23.6083,48.8792],[23.5811,48.8881],[23.5622,48.9155],[23.5828,48.9436],[23.5783,48.9658],[23.5667,48.975],[23.5772,48.9797],[23.602,49.0036],[23.6253,49.0136],[23.6208,49.0292],[23.6399,49.0288],[23.6483,49.0205],[23.665,49.0254],[23.6788,49.0434],[23.6795,49.0566],[23.6934,49.0663],[23.7191,49.067],[23.7312,49.0792],[23.7524,49.0754],[23.7675,49.095],[23.8038,49.1093],[23.8132,49.1324],[23.8366,49.1424],[23.8453,49.152],[23.855,49.1825],[23.8704,49.1885],[23.8759,49.1991],[23.8949,49.2049],[23.905,49.2283],[23.9324,49.2465],[23.9436,49.2661],[23.9686,49.2744],[24.0022,49.2756],[24.0158,49.2799],[24.0259,49.2951],[24.0625,49.3167],[24.1032,49.3256],[24.1176,49.3451],[24.1417,49.35],[24.142,49.3649],[24.1559,49.3795],[24.1726,49.3746],[24.2042,49.4042],[24.2327,49.4092],[24.2333,49.4292],[24.222,49.4334],[24.1619,49.4945],[24.1837,49.501],[24.1601,49.542],[24.1441,49.5538],[24.1292,49.5542],[24.1039,49.5947],[24.0896,49.5964],[24.0744,49.613],[24.0798,49.6216],[24.0707,49.6321],[24.1083,49.6472],[24.109,49.6671],[24.0922,49.6937],[24.1117,49.7051],[24.1175,49.7284],[24.1298,49.7361],[24.1157,49.7492],[24.0882,49.7633],[24.0917,49.7833],[24.1157,49.7661],[24.1354,49.7704],[24.1853,49.7256],[24.1991,49.7243],[24.205,49.7092],[24.2478,49.6839],[24.2772,49.6828],[24.2936,49.6714],[24.325,49.675],[24.3676,49.6952],[24.403,49.6964],[24.4216,49.6828],[24.4676,49.6994],[24.4855,49.7006],[24.5103,49.7161],[24.5325,49.7217],[24.5387,49.7381],[24.5645,49.7297],[24.5875,49.7292],[24.6199,49.7424],[24.6259,49.7535],[24.6397,49.7547],[24.6576,49.7672],[24.7034,49.7536],[24.7199,49.7548],[24.727,49.7661],[24.749,49.7673],[24.759,49.7867],[24.8233,49.7837],[24.8351,49.7955],[24.8605,49.7911],[24.877,49.7756],[24.8897,49.7744],[24.9032,49.7619],[24.9491,49.7618],[24.9551,49.7504],[24.9938,49.7506],[24.9995,49.7548],[25.0324,49.7366],[25.0347,49.7285],[25.0534,49.7299],[25.055,49.7409],[25.0715,49.7495],[25.0674,49.7782],[25.0958,49.7875],[25.1147,49.7923],[25.1397,49.791],[25.1532,49.7824],[25.1593,49.7619],[25.1875,49.7667],[25.2244,49.7272],[25.2458,49.725],[25.2554,49.7381],[25.2717,49.7298],[25.3125,49.7208],[25.3221,49.7002],[25.3562,49.6673],[25.3757,49.6658],[25.3743,49.6395],[25.3673,49.6271],[25.3747,49.5928],[25.3869,49.5855],[25.3798,49.5605],[25.3759,49.5206],[25.3829,49.5256],[25.4,49.5196],[25.4135,49.4965],[25.4323,49.4951],[25.4371,49.4684],[25.4254,49.4566],[25.42,49.434],[25.401,49.4326],[25.3952,49.4213],[25.3965,49.4008],[25.4215,49.3903],[25.4166,49.372],[25.4583,49.3625],[25.4756,49.338],[25.4673,49.3105],[25.466,49.2884],[25.459,49.2827],[25.438,49.2881],[25.4175,49.2868],[25.4228,49.2714],[25.4449,49.2659],[25.4615,49.2534],[25.4744,49.2311],[25.4625,49.2125],[25.4899,49.208],[25.5121,49.1941],[25.516,49.1634],[25.5036,49.1549],[25.5125,49.1375],[25.5078,49.1282],[25.5172,49.1176],[25.5408,49.1119],[25.5468,49.0962],[25.5824,49.0744],[25.6104,49.0829],[25.6491,49.0575],[25.6441,49.0462],[25.6167,49.0354],[25.6295,49.0225],[25.6288,48.9892],[25.609,48.9866],[25.6078,48.9554],[25.6161,48.9533],[25.6167,48.9375],[25.6286,48.9314],[25.6328,48.902],[25.6121,48.8637],[25.6449,48.8493],[25.6561,48.8339],[25.6824,48.8327],[25.7035,48.8158],[25.7119,48.798],[25.7131,48.7801],[25.7246,48.774],[25.7381,48.7424],[25.7369,48.7259],[25.7186,48.7214],[25.6966,48.7381],[25.6717,48.7325],[25.6674,48.7134],[25.6941,48.6996],[25.7483,48.6955],[25.7767,48.6837],[25.7941,48.683],[25.8184,48.6629],[25.8274,48.6621],[25.858,48.6358],[25.8583,48.6208],[25.849,48.6162],[25.8271,48.6288],[25.8177,48.6203],[25.7884,48.6297],[25.7761,48.6286],[25.775,48.5958],[25.7559,48.5962]]]}},{"type":"Feature","properties":{"id":"226068","riverUk":"Дністер","riverEn":"Dniester","oblasts":["lviv"],"point":[23.5024,49.6146],"kakhovka":false},"geometry":{"type":"Polygon","coordinates":[[[22.874,49.1869],[22.852,49.1881],[22.8061,49.2131],[22.7991,49.2241],[22.7826,49.2244],[22.7616,49.2451],[22.7405,49.2576],[22.7441,49.2989],[22.751,49.3166],[22.7432,49.3358],[22.7468,49.3599],[22.7325,49.3986],[22.7129,49.4376],[22.6967,49.4951],[22.6704,49.4975],[22.6521,49.5079],[22.644,49.5249],[22.6507,49.5325],[22.6661,49.5286],[22.6786,49.5339],[22.7411,49.5339],[22.775,49.5292],[22.81,49.5379],[22.8649,49.5379],[22.8746,49.5517],[22.8801,49.5784],[22.8909,49.58],[22.8965,49.6105],[22.9255,49.6119],[22.9437,49.6202],[22.9772,49.6215],[22.9875,49.6375],[23.0076,49.6424],[23.0092,49.6586],[23.0247,49.659],[23.0354,49.6506],[23.0562,49.6465],[23.0949,49.6452],[23.1011,49.6497],[23.1397,49.6494],[23.1451,49.6453],[23.1897,49.6464],[23.1994,49.6509],[23.2048,49.699],[23.2625,49.6917],[23.2633,49.6993],[23.3355,49.6994],[23.3689,49.6911],[23.3811,49.6839],[23.4116,49.6799],[23.423,49.6869],[23.4467,49.6673],[23.4701,49.6619],[23.525,49.6708],[23.53,49.6868],[23.5534,49.6882],[23.5627,49.7074],[23.5895,49.716],[23.6212,49.7119],[23.627,49.716],[23.6618,49.7174],[23.6667,49.7446],[23.651,49.751],[23.637,49.77],[23.6208,49.775],[23.6256,49.7837],[23.6156,49.8034],[23.5966,49.8049],[23.5951,49.82],[23.5792,49.8333],[23.6064,49.8339],[23.6255,49.8488],[23.6208,49.8625],[23.6049,49.8759],[23.5963,49.8937],[23.6079,49.9104],[23.6036,49.9341],[23.6119,49.9855],[23.6009,49.9925],[23.5879,50.0142],[23.5923,50.0407],[23.5728,50.0465],[23.5583,50.0583],[23.5858,50.0629],[23.5941,50.0712],[23.6066,50.0663],[23.625,50.0708],[23.6256,50.0551],[23.6743,50.0411],[23.7074,50.0452],[23.7217,50.0174],[23.7439,50.0119],[23.7601,49.9962],[23.7858,49.9913],[23.7941,49.983],[23.8233,49.992],[23.8535,49.9824],[23.8548,49.9676],[23.8661,49.9605],[23.8673,49.9468],[23.8908,49.9368],[23.9074,49.9243],[23.9285,49.8991],[23.9299,49.8884],[23.9561,49.8797],[23.9833,49.8792],[23.9795,49.86],[23.9941,49.8538],[24.0042,49.8354],[23.992,49.8233],[23.9976,49.8087],[24.0208,49.8042],[24.0368,49.8131],[24.0493,49.8078],[24.0616,49.8172],[24.075,49.8125],[24.0917,49.7833],[24.0882,49.7633],[24.1157,49.7492],[24.1298,49.7361],[24.1175,49.7284],[24.1117,49.7051],[24.0922,49.6937],[24.109,49.6671],[24.1083,49.6472],[24.0707,49.6321],[24.0798,49.6216],[24.0744,49.613],[24.0896,49.5964],[24.1039,49.5947],[24.1292,49.5542],[24.1441,49.5538],[24.1601,49.542],[24.1837,49.501],[24.1619,49.4945],[24.222,49.4334],[24.2333,49.4292],[24.2327,49.4092],[24.2042,49.4042],[24.1868,49.4131],[24.1782,49.4078],[24.1659,49.4172],[24.1034,49.4172],[24.095,49.405],[24.0542,49.3875],[24.0466,49.3786],[24.0146,49.3912],[23.9882,49.3786],[23.9716,49.3839],[23.952,49.3744],[23.9355,49.3589],[23.9047,49.3439],[23.9,49.3],[23.8593,49.2663],[23.845,49.2467],[23.7895,49.2203],[23.7814,49.2131],[23.755,49.2075],[23.7368,49.1842],[23.7187,49.1713],[23.7063,49.1829],[23.698,49.1756],[23.6728,49.1703],[23.6436,49.1589],[23.598,49.1869],[23.5561,49.1964],[23.5189,49.2161],[23.4858,49.2288],[23.4478,49.2286],[23.4125,49.2167],[23.4083,49.2292],[23.3811,49.2297],[23.3689,49.2411],[23.3351,49.2538],[23.315,49.2413],[23.3024,49.2496],[23.2858,49.2455],[23.2483,49.2629],[23.2316,49.242],[23.2149,49.2496],[23.1934,49.2504],[23.1733,49.2621],[23.1467,49.2533],[23.1326,49.2369],[23.1034,49.2506],[23.0949,49.2382],[23.0743,49.2286],[23.0667,49.2375],[23.0478,49.2369],[23.0324,49.2215],[23.0176,49.2163],[23.0083,49.1958],[22.9816,49.208],[22.9583,49.2042],[22.948,49.1881],[22.93,49.1868],[22.9283,49.1755],[22.9147,49.1702],[22.8875,49.1708],[22.874,49.1869]]]}},{"type":"Feature","properties":{"id":"226069","riverUk":null,"riverEn":null,"oblasts":["lviv"],"point":[23.3067,49.0714],"kakhovka":false},"geometry":{"type":"Polygon","coordinates":[[[24.1726,49.3746],[24.1559,49.3795],[24.142,49.3649],[24.1417,49.35],[24.1176,49.3451],[24.1032,49.3256],[24.0625,49.3167],[24.0259,49.2951],[24.0158,49.2799],[24.0022,49.2756],[23.9686,49.2744],[23.9436,49.2661],[23.9324,49.2465],[23.905,49.2283],[23.8949,49.2049],[23.8759,49.1991],[23.8704,49.1885],[23.855,49.1825],[23.8453,49.152],[23.8366,49.1424],[23.8132,49.1324],[23.8038,49.1093],[23.7675,49.095],[23.7524,49.0754],[23.7312,49.0792],[23.7191,49.067],[23.6934,49.0663],[23.6795,49.0566],[23.6788,49.0434],[23.665,49.0254],[23.6483,49.0205],[23.6399,49.0288],[23.6208,49.0292],[23.6253,49.0136],[23.602,49.0036],[23.5772,48.9797],[23.5667,48.975],[23.5783,48.9658],[23.5828,48.9436],[23.5622,48.9155],[23.5811,48.8881],[23.6083,48.8792],[23.5757,48.8658],[23.5661,48.827],[23.5578,48.8176],[23.5797,48.7884],[23.5631,48.7647],[23.55,48.7292],[23.5358,48.7246],[23.5,48.7417],[23.4899,48.7254],[23.4691,48.7205],[23.4566,48.7288],[23.425,48.7292],[23.4147,48.7369],[23.3979,48.7338],[23.3757,48.7468],[23.3744,48.7605],[23.3614,48.7714],[23.3522,48.763],[23.3167,48.7542],[23.2851,48.7788],[23.2691,48.767],[23.2316,48.7621],[23.2191,48.767],[23.1979,48.7631],[23.1785,48.8021],[23.1497,48.8367],[23.1341,48.8383],[23.1329,48.8532],[23.1,48.8667],[23.0814,48.8589],[23.0395,48.8536],[23.0134,48.845],[23.0083,48.8292],[22.9851,48.8379],[22.9708,48.8563],[22.965,48.8788],[22.9142,48.8962],[22.892,48.9142],[22.8754,48.9392],[22.8759,48.9577],[22.9047,48.9673],[22.9198,48.9619],[22.9214,48.9842],[22.9042,49.0042],[22.9129,49.0225],[22.9045,49.0351],[22.9036,49.0522],[22.888,49.0687],[22.8991,49.0759],[22.9079,49.0979],[22.8952,49.1116],[22.8686,49.1214],[22.8417,49.1432],[22.8875,49.1708],[22.9147,49.1702],[22.9283,49.1755],[22.93,49.1868],[22.948,49.1881],[22.9583,49.2042],[22.9816,49.208],[23.0083,49.1958],[23.0176,49.2163],[23.0324,49.2215],[23.0478,49.2369],[23.0667,49.2375],[23.0743,49.2286],[23.0949,49.2382],[23.1034,49.2506],[23.1326,49.2369],[23.1467,49.2533],[23.1733,49.2621],[23.1934,49.2504],[23.2149,49.2496],[23.2316,49.242],[23.2483,49.2629],[23.2858,49.2455],[23.3024,49.2496],[23.315,49.2413],[23.3351,49.2538],[23.3689,49.2411],[23.3811,49.2297],[23.4083,49.2292],[23.4125,49.2167],[23.4478,49.2286],[23.4858,49.2288],[23.5189,49.2161],[23.5561,49.1964],[23.598,49.1869],[23.6436,49.1589],[23.6728,49.1703],[23.698,49.1756],[23.7063,49.1829],[23.7187,49.1713],[23.7368,49.1842],[23.755,49.2075],[23.7814,49.2131],[23.7895,49.2203],[23.845,49.2467],[23.8593,49.2663],[23.9,49.3],[23.9047,49.3439],[23.9355,49.3589],[23.952,49.3744],[23.9716,49.3839],[23.9882,49.3786],[24.0146,49.3912],[24.0466,49.3786],[24.0542,49.3875],[24.095,49.405],[24.1034,49.4172],[24.1659,49.4172],[24.1782,49.4078],[24.1868,49.4131],[24.2042,49.4042],[24.1726,49.3746]]]}},{"type":"Feature","properties":{"id":"226070","riverUk":null,"riverEn":null,"oblasts":["odesa"],"point":[30.0812,46.0326],"kakhovka":false},"geometry":{"type":"MultiPolygon","coordinates":[[[[30.427,46.0411],[30.4073,46.0222],[30.3713,45.998],[30.2614,45.8955],[30.2049,45.8559],[30.1384,45.8198],[30.141,45.833],[30.1353,45.8891],[30.1275,45.8913],[30.1106,45.8751],[30.0946,45.8148],[30.0724,45.821],[30.0612,45.8135],[30.0147,45.8397],[29.9907,45.8471],[29.9685,45.8389],[29.9605,45.8192],[29.9529,45.772],[29.9324,45.7924],[29.9391,45.8105],[29.9263,45.8138],[29.9187,45.7999],[29.9224,45.7694],[29.9393,45.7515],[29.9324,45.7242],[29.9197,45.7405],[29.8982,45.7515],[29.8962,45.7636],[29.8817,45.763],[29.874,45.7515],[29.8237,45.7476],[29.8024,45.7375],[29.7957,45.7174],[29.8032,45.7042],[29.843,45.6907],[29.865,45.6723],[29.8096,45.6486],[29.7891,45.6553],[29.7891,45.6354],[29.7459,45.6226],[29.7337,45.6143],[29.7347,45.6332],[29.7492,45.634],[29.7411,45.6813],[29.7173,45.7062],[29.716,45.7355],[29.7083,45.7583],[29.7203,45.7978],[29.7256,45.8522],[29.7297,45.8591],[29.7161,45.8841],[29.7244,45.8978],[29.7297,45.9522],[29.741,45.9592],[29.7464,45.9841],[29.7381,45.9978],[29.7545,46.0524],[29.7705,46.0642],[29.7788,46.0809],[29.7746,46.1066],[29.7583,46.1229],[29.7629,46.1358],[29.7871,46.1642],[29.7913,46.2066],[29.7795,46.2226],[29.7788,46.2358],[29.7504,46.26],[29.7275,46.2871],[29.7208,46.2875],[29.7119,46.3355],[29.7042,46.3458],[29.7172,46.3882],[29.7078,46.4174],[29.7122,46.4312],[29.7345,46.435],[29.7396,46.4475],[29.7796,46.4211],[29.8003,46.3984],[29.8067,46.3809],[29.8082,46.3547],[29.8281,46.3394],[29.8478,46.3415],[29.8751,46.3583],[29.8912,46.3521],[29.888,46.3655],[29.9187,46.3737],[29.9896,46.3708],[29.9967,46.355],[30.0145,46.3422],[30.0366,46.3368],[30.0369,46.3257],[30.0625,46.3],[30.0816,46.2996],[30.1042,46.2792],[30.1,46.2521],[30.1134,46.2259],[30.1642,46.1754],[30.1899,46.1746],[30.2059,46.1629],[30.2458,46.1583],[30.25,46.15],[30.2774,46.1545],[30.3024,46.1538],[30.325,46.1417],[30.3387,46.1169],[30.3576,46.0994],[30.3771,46.1006],[30.3866,46.1088],[30.3883,46.0925],[30.399,46.0909],[30.405,46.0672],[30.4208,46.05],[30.4618,46.0756],[30.4708,46.0708],[30.427,46.0411]]],[[[30.0274,45.7504],[29.9851,45.7288],[29.9566,45.7087],[29.9187,45.6907],[30.0757,45.7924],[30.126,45.8115],[30.0726,45.783],[30.0274,45.7504]]],[[[29.8894,45.6711],[29.8913,45.6725],[29.8899,45.6712],[29.8894,45.6711]]],[[[29.8148,45.6411],[29.8431,45.6462],[29.804,45.625],[29.8148,45.6411]]],[[[29.753,45.5998],[29.758,45.6017],[29.7566,45.6004],[29.753,45.5998]]],[[[29.731,45.5914],[29.7512,45.5992],[29.7488,45.5967],[29.731,45.5914]]]]}},{"type":"Feature","properties":{"id":"226080","riverUk":null,"riverEn":null,"oblasts":["odesa"],"point":[29.4978,46.0896],"kakhovka":false},"geometry":{"type":"MultiPolygon","coordinates":[[[[29.5994,45.6044],[29.5919,45.5692],[29.592,45.5983],[29.5982,45.6295],[29.5994,45.6044]]],[[[29.3483,45.9663],[29.3358,45.9746],[29.3108,45.9712],[29.2936,45.9756],[29.2605,46.0078],[29.251,46.0129],[29.2286,46.073],[29.2131,46.0936],[29.2083,46.1167],[29.1941,46.133],[29.1642,46.142],[29.1233,46.1871],[29.0824,46.216],[29.0542,46.225],[29.0441,46.2413],[29.0292,46.2458],[29.0198,46.2619],[28.9978,46.2631],[28.9908,46.2743],[28.9757,46.2801],[28.9693,46.2921],[28.9853,46.3184],[28.9976,46.3205],[28.9668,46.3758],[28.9416,46.4309],[28.9383,46.4467],[28.954,46.4586],[29.0255,46.4623],[29.0235,46.48],[28.9991,46.4796],[29.0203,46.4895],[29.0749,46.5037],[29.1,46.5135],[29.1639,46.5153],[29.1623,46.5379],[29.1842,46.538],[29.2002,46.524],[29.2068,46.5025],[29.2076,46.4179],[29.2056,46.4061],[29.1834,46.3776],[29.1837,46.3672],[29.2007,46.3571],[29.2408,46.3761],[29.2714,46.3974],[29.2833,46.3974],[29.2904,46.4152],[29.3032,46.4085],[29.3243,46.4149],[29.3063,46.4444],[29.3186,46.4477],[29.3078,46.4649],[29.3208,46.4687],[29.3442,46.4342],[29.3621,46.4159],[29.3747,46.4162],[29.4182,46.4625],[29.4368,46.4767],[29.4576,46.4847],[29.4876,46.4714],[29.4753,46.4476],[29.4809,46.4252],[29.5414,46.413],[29.5556,46.4042],[29.5763,46.3759],[29.5804,46.3608],[29.6003,46.3629],[29.6031,46.3538],[29.6776,46.3612],[29.6636,46.4228],[29.6827,46.4229],[29.7122,46.4312],[29.7078,46.4174],[29.7172,46.3882],[29.7042,46.3458],[29.7119,46.3355],[29.7208,46.2875],[29.7275,46.2871],[29.7504,46.26],[29.7788,46.2358],[29.7795,46.2226],[29.7913,46.2066],[29.7871,46.1642],[29.7629,46.1358],[29.7583,46.1229],[29.7746,46.1066],[29.7788,46.0809],[29.7705,46.0642],[29.7545,46.0524],[29.7381,45.9978],[29.7464,45.9841],[29.741,45.9592],[29.7297,45.9522],[29.7244,45.8978],[29.7161,45.8841],[29.7297,45.8591],[29.7256,45.8522],[29.7203,45.7978],[29.7083,45.7583],[29.716,45.7355],[29.7173,45.7062],[29.7411,45.6813],[29.7492,45.634],[29.7347,45.6332],[29.724,45.6674],[29.7053,45.6884],[29.6826,45.6968],[29.6853,45.7043],[29.6792,45.7515],[29.6939,45.7813],[29.6804,45.7983],[29.6533,45.8139],[29.6428,45.8272],[29.6336,45.8214],[29.6346,45.8066],[29.6519,45.789],[29.6239,45.7515],[29.6253,45.7283],[29.6375,45.7099],[29.6032,45.6913],[29.5977,45.642],[29.5953,45.6605],[29.5829,45.6865],[29.5756,45.6884],[29.5744,45.7113],[29.5836,45.7136],[29.5744,45.7314],[29.5509,45.7506],[29.5381,45.7686],[29.5328,45.8147],[29.5083,45.8417],[29.5036,45.8576],[29.5078,45.873],[29.4922,45.8936],[29.4292,45.9292],[29.425,45.9583],[29.4,45.9667],[29.375,45.9667],[29.3483,45.9663]]],[[[29.6291,45.5467],[29.6572,45.5467],[29.6408,45.53],[29.6017,45.5337],[29.592,45.5583],[29.6291,45.5467]]]]}},{"type":"Feature","properties":{"id":"226090","riverUk":null,"riverEn":null,"oblasts":["odesa"],"point":[29.4386,45.6],"kakhovka":false},"geometry":{"type":"MultiPolygon","coordinates":[[[[29.7083,45.2417],[29.7006,45.2605],[29.7119,45.2728],[29.7173,45.2907],[29.684,45.305],[29.6827,45.3313],[29.6715,45.3437],[29.6657,45.3659],[29.6426,45.3716],[29.6365,45.3868],[29.6187,45.3839],[29.5995,45.4075],[29.5715,45.4216],[29.5744,45.4478],[29.5703,45.4647],[29.5573,45.4785],[29.5395,45.4797],[29.5292,45.4958],[29.4958,45.5042],[29.4684,45.5038],[29.4608,45.4962],[29.4228,45.4869],[29.3855,45.459],[29.3454,45.4535],[29.33,45.4628],[29.3284,45.4742],[29.3131,45.4853],[29.3119,45.5147],[29.2952,45.5421],[29.3006,45.5508],[29.2875,45.575],[29.2792,45.5896],[29.2837,45.6017],[29.2708,45.625],[29.2941,45.6337],[29.3045,45.6441],[29.3059,45.683],[29.3167,45.6875],[29.3161,45.7064],[29.3078,45.7174],[29.3203,45.7395],[29.3329,45.7896],[29.3256,45.8061],[29.3244,45.8408],[29.317,45.8608],[29.3295,45.8899],[29.3496,45.9101],[29.375,45.9667],[29.4,45.9667],[29.425,45.9583],[29.4292,45.9292],[29.4922,45.8936],[29.5078,45.873],[29.5036,45.8576],[29.5083,45.8417],[29.5328,45.8147],[29.5381,45.7686],[29.5509,45.7506],[29.5744,45.7314],[29.5836,45.7136],[29.5744,45.7113],[29.5756,45.6884],[29.5829,45.6865],[29.5953,45.6605],[29.5977,45.642],[29.5982,45.6295],[29.592,45.5983],[29.5919,45.5692],[29.592,45.5583],[29.6017,45.5337],[29.6408,45.53],[29.6572,45.5467],[29.6812,45.5551],[29.6589,45.5366],[29.645,45.5175],[29.625,45.5042],[29.6255,45.4942],[29.6052,45.487],[29.6211,45.4544],[29.6408,45.4418],[29.6519,45.443],[29.656,45.4742],[29.6724,45.4759],[29.6753,45.4496],[29.6859,45.4573],[29.7087,45.4528],[29.7132,45.4362],[29.7245,45.4682],[29.7323,45.4757],[29.7474,45.4634],[29.7559,45.4279],[29.7478,45.4143],[29.7277,45.4157],[29.7419,45.4045],[29.7539,45.3641],[29.7562,45.3212],[29.7515,45.3041],[29.7297,45.2581],[29.7297,45.2377],[29.7226,45.2331],[29.7125,45.2375],[29.7083,45.2417]]],[[[29.707,45.5733],[29.7043,45.5709],[29.7031,45.5706],[29.707,45.5733]]]]}},{"type":"Feature","properties":{"id":"227101","riverUk":null,"riverEn":null,"oblasts":["odesa"],"point":[29.5951,45.3939],"kakhovka":false},"geometry":{"type":"Polygon","coordinates":[[[29.7092,45.2384],[29.7125,45.2375],[29.7226,45.2331],[29.7088,45.2233],[29.6767,45.214],[29.6604,45.2466],[29.6677,45.2628],[29.6786,45.2682],[29.6671,45.3119],[29.6503,45.3461],[29.6197,45.3641],[29.589,45.3902],[29.5491,45.4085],[29.474,45.4232],[29.4404,45.4338],[29.4297,45.4426],[29.3921,45.4359],[29.3635,45.4362],[29.3235,45.4481],[29.2938,45.4282],[29.273,45.4273],[29.242,45.4333],[29.2417,45.4375],[29.2667,45.4583],[29.2714,45.4743],[29.2661,45.4909],[29.2744,45.5145],[29.2756,45.5522],[29.2875,45.575],[29.3006,45.5508],[29.2952,45.5421],[29.3119,45.5147],[29.3131,45.4853],[29.3284,45.4742],[29.33,45.4628],[29.3454,45.4535],[29.3855,45.459],[29.4228,45.4869],[29.4608,45.4962],[29.4684,45.5038],[29.4958,45.5042],[29.5292,45.4958],[29.5395,45.4797],[29.5573,45.4785],[29.5703,45.4647],[29.5744,45.4478],[29.5715,45.4216],[29.5995,45.4075],[29.6187,45.3839],[29.6365,45.3868],[29.6426,45.3716],[29.6657,45.3659],[29.6715,45.3437],[29.6827,45.3313],[29.684,45.305],[29.7173,45.2907],[29.7119,45.2728],[29.7006,45.2605],[29.7083,45.2417],[29.7092,45.2384]]]}},{"type":"Feature","properties":{"id":"227102","riverUk":null,"riverEn":null,"oblasts":["odesa"],"point":[29.0449,45.7792],"kakhovka":false},"geometry":{"type":"Polygon","coordinates":[[[29.2186,45.4453],[29.1895,45.4244],[29.1605,45.4089],[29.1229,45.3963],[29.1118,45.4006],[29.0814,45.3881],[29.0561,45.3869],[29.0314,45.3714],[28.9958,45.3708],[28.9799,45.3616],[28.9397,45.3172],[28.9271,45.313],[28.9075,45.3367],[28.8758,45.3465],[28.8828,45.3687],[28.8563,45.3911],[28.8092,45.4176],[28.8036,45.4355],[28.7801,45.4631],[28.7741,45.4785],[28.7478,45.4881],[28.7292,45.5083],[28.7333,45.5229],[28.7212,45.5392],[28.7288,45.5684],[28.7297,45.598],[28.7369,45.6103],[28.7381,45.6324],[28.7621,45.6601],[28.7629,45.7066],[28.7667,45.7104],[28.7417,45.7333],[28.742,45.7566],[28.7767,45.7996],[28.7858,45.8004],[28.8244,45.8436],[28.8241,45.8783],[28.8089,45.9105],[28.8173,45.9366],[28.8286,45.9436],[28.8297,45.9564],[28.851,45.9783],[28.932,45.9932],[28.9791,46.0035],[29.0055,46.0494],[28.9507,46.0937],[29.0675,46.1956],[29.021,46.2213],[29.0292,46.2458],[29.0441,46.2413],[29.0542,46.225],[29.0824,46.216],[29.1233,46.1871],[29.1642,46.142],[29.1941,46.133],[29.2083,46.1167],[29.2131,46.0936],[29.2286,46.073],[29.251,46.0129],[29.2605,46.0078],[29.2936,45.9756],[29.3108,45.9712],[29.3358,45.9746],[29.3483,45.9663],[29.375,45.9667],[29.3496,45.9101],[29.3295,45.8899],[29.317,45.8608],[29.3244,45.8408],[29.3256,45.8061],[29.3329,45.7896],[29.3203,45.7395],[29.3078,45.7174],[29.3161,45.7064],[29.3167,45.6875],[29.3059,45.683],[29.3045,45.6441],[29.2941,45.6337],[29.2708,45.625],[29.2837,45.6017],[29.2792,45.5896],[29.2875,45.575],[29.2756,45.5522],[29.2744,45.5145],[29.2661,45.4909],[29.2714,45.4743],[29.2667,45.4583],[29.2417,45.4375],[29.2186,45.4453]]]}},{"type":"Feature","properties":{"id":"227103","riverUk":null,"riverEn":null,"oblasts":["odesa"],"point":[28.7908,45.3948],"kakhovka":false},"geometry":{"type":"Polygon","coordinates":[[[28.7548,45.3158],[28.7782,45.3297],[28.7839,45.3571],[28.752,45.3714],[28.7341,45.3884],[28.7422,45.4135],[28.7131,45.4478],[28.7241,45.4592],[28.7339,45.4882],[28.7292,45.5083],[28.7478,45.4881],[28.7741,45.4785],[28.7801,45.4631],[28.8036,45.4355],[28.8092,45.4176],[28.8563,45.3911],[28.8828,45.3687],[28.8758,45.3465],[28.9075,45.3367],[28.9271,45.313],[28.9397,45.3172],[28.9799,45.3616],[28.9958,45.3708],[29.0314,45.3714],[29.0561,45.3869],[29.0814,45.3881],[29.1118,45.4006],[29.1229,45.3963],[29.1605,45.4089],[29.1895,45.4244],[29.2186,45.4453],[29.2417,45.4375],[29.242,45.4333],[29.2244,45.4227],[29.1904,45.4131],[29.179,45.4],[29.1045,45.3744],[29.0852,45.374],[29.0549,45.3594],[29.0441,45.3605],[28.9887,45.3333],[28.9643,45.3301],[28.9498,45.3128],[28.9505,45.2845],[28.935,45.2804],[28.9147,45.2874],[28.8742,45.3161],[28.8496,45.3161],[28.8165,45.3363],[28.7962,45.3347],[28.7832,45.3204],[28.7741,45.3048],[28.7542,45.3042],[28.7548,45.3158]]]}},{"type":"Feature","properties":{"id":"227104","riverUk":null,"riverEn":null,"oblasts":["odesa"],"point":[28.6345,45.6183],"kakhovka":false},"geometry":{"type":"MultiPolygon","coordinates":[[[[29.021,46.2213],[28.9523,46.2595],[28.9693,46.2921],[28.9757,46.2801],[28.9908,46.2743],[28.9978,46.2631],[29.0198,46.2619],[29.0292,46.2458],[29.021,46.2213]]],[[[28.7339,45.4882],[28.7241,45.4592],[28.7131,45.4478],[28.7422,45.4135],[28.7341,45.3884],[28.752,45.3714],[28.7839,45.3571],[28.7782,45.3297],[28.7548,45.3158],[28.7542,45.3042],[28.7422,45.2897],[28.7366,45.2592],[28.7007,45.2453],[28.6689,45.2536],[28.6228,45.2547],[28.598,45.2661],[28.5811,45.2672],[28.5507,45.3033],[28.5756,45.3243],[28.5703,45.3368],[28.575,45.3542],[28.5705,45.37],[28.559,45.3716],[28.5577,45.4063],[28.5497,45.4156],[28.4917,45.45],[28.5203,45.4895],[28.5214,45.5049],[28.5117,45.5127],[28.5085,45.5219],[28.5032,45.5377],[28.4982,45.5587],[28.5104,45.571],[28.5442,45.5798],[28.5158,45.6653],[28.513,45.6649],[28.5283,45.6759],[28.5375,45.6979],[28.5334,45.7103],[28.5614,45.7166],[28.5669,45.7265],[28.5888,45.7293],[28.5948,45.7363],[28.5859,45.7625],[28.6436,45.7665],[28.6544,45.771],[28.7094,45.7799],[28.6969,45.8179],[28.7861,45.8325],[28.7546,45.9293],[28.7636,45.9346],[28.7567,45.9572],[28.7783,45.965],[28.851,45.9783],[28.8297,45.9564],[28.8286,45.9436],[28.8173,45.9366],[28.8089,45.9105],[28.8241,45.8783],[28.8244,45.8436],[28.7858,45.8004],[28.7767,45.7996],[28.742,45.7566],[28.7417,45.7333],[28.7667,45.7104],[28.7629,45.7066],[28.7621,45.6601],[28.7381,45.6324],[28.7369,45.6103],[28.7297,45.598],[28.7288,45.5684],[28.7212,45.5392],[28.7333,45.5229],[28.7292,45.5083],[28.7339,45.4882]]]]}},{"type":"Feature","properties":{"id":"227105","riverUk":"Дунай","riverEn":"Danube","oblasts":["odesa"],"point":[28.5126,45.3454],"kakhovka":false},"geometry":{"type":"Polygon","coordinates":[[[28.5497,45.4156],[28.5577,45.4063],[28.559,45.3716],[28.5705,45.37],[28.575,45.3542],[28.5703,45.3368],[28.5756,45.3243],[28.5507,45.3033],[28.5811,45.2672],[28.598,45.2661],[28.6228,45.2547],[28.6689,45.2536],[28.7007,45.2453],[28.7366,45.2592],[28.7422,45.2897],[28.7542,45.3042],[28.7741,45.3048],[28.7832,45.3204],[28.7895,45.3182],[28.7902,45.2921],[28.7649,45.2913],[28.7519,45.2813],[28.7673,45.2578],[28.7926,45.2474],[28.7885,45.2397],[28.7101,45.227],[28.6835,45.2312],[28.636,45.244],[28.577,45.2481],[28.4942,45.2789],[28.4464,45.2894],[28.4082,45.3015],[28.4542,45.3375],[28.4538,45.3934],[28.4587,45.4149],[28.4746,45.4309],[28.4759,45.4451],[28.4917,45.45],[28.5497,45.4156]]]}},{"type":"Feature","properties":{"id":"227106","riverUk":null,"riverEn":null,"oblasts":["odesa"],"point":[28.3713,45.4099],"kakhovka":false},"geometry":{"type":"MultiPolygon","coordinates":[[[[28.5036,45.5358],[28.5032,45.5377],[28.5085,45.5219],[28.5036,45.5358]]],[[[28.4759,45.4451],[28.4746,45.4309],[28.4587,45.4149],[28.4538,45.3934],[28.4542,45.3375],[28.4082,45.3015],[28.349,45.3204],[28.3358,45.3307],[28.3023,45.379],[28.2853,45.3996],[28.2867,45.4334],[28.2807,45.4441],[28.2559,45.4578],[28.2208,45.4663],[28.225,45.4817],[28.2522,45.5118],[28.2705,45.5215],[28.3419,45.5176],[28.4216,45.5037],[28.4214,45.4856],[28.5162,45.4999],[28.5117,45.5127],[28.5214,45.5049],[28.5203,45.4895],[28.4917,45.45],[28.4759,45.4451]]],[[[28.4861,45.6605],[28.4823,45.6709],[28.5042,45.6937],[28.5334,45.7103],[28.5375,45.6979],[28.5283,45.6759],[28.513,45.6649],[28.4861,45.6605]]]]}},{"type":"Feature","properties":{"id":"227108","riverUk":"Прут","riverEn":"Prut","oblasts":["ivano-frankivsk","chernivtsi"],"point":[26.1543,48.2375],"kakhovka":false},"geometry":{"type":"MultiPolygon","coordinates":[[[[25.8282,48.5411],[25.8368,48.5464],[25.8853,48.5256],[25.9125,48.525],[25.9245,48.5062],[25.9292,48.4833],[25.9532,48.4657],[25.9635,48.441],[25.9782,48.4424],[25.9937,48.4577],[26.0199,48.4589],[26.0217,48.466],[26.0533,48.4743],[26.0705,48.4524],[26.1024,48.4538],[26.1142,48.4462],[26.1531,48.4506],[26.1414,48.4739],[26.1533,48.4783],[26.1642,48.467],[26.2022,48.4494],[26.2159,48.4369],[26.2367,48.4382],[26.2385,48.4506],[26.2605,48.4494],[26.2867,48.441],[26.2917,48.4333],[26.3207,48.4428],[26.3302,48.4673],[26.3392,48.4545],[26.3733,48.4496],[26.3858,48.4288],[26.4399,48.4379],[26.4625,48.45],[26.5147,48.4369],[26.5561,48.4172],[26.5689,48.4161],[26.5926,48.3965],[26.623,48.3869],[26.6375,48.375],[26.6541,48.3849],[26.6494,48.3924],[26.6587,48.4074],[26.6866,48.4175],[26.6884,48.4241],[26.7108,48.433],[26.7292,48.4167],[26.7627,48.4061],[26.7543,48.3993],[26.7254,48.4117],[26.7092,48.4053],[26.7399,48.3794],[26.7652,48.3536],[26.7821,48.3491],[26.7894,48.3259],[26.7862,48.2956],[26.7669,48.3024],[26.7578,48.3227],[26.7402,48.3134],[26.6914,48.3634],[26.6801,48.3589],[26.6959,48.3272],[26.6798,48.3302],[26.6715,48.3152],[26.6483,48.3048],[26.6163,48.2742],[26.6179,48.259],[26.5874,48.2494],[26.4447,48.2277],[26.3974,48.2262],[26.3303,48.2085],[26.3035,48.212],[26.2962,48.179],[26.2975,48.1563],[26.287,48.1247],[26.2707,48.0936],[26.2553,48.0723],[26.2141,48.0526],[26.1783,47.9986],[26.1664,48.0095],[26.1744,48.0228],[26.175,48.0417],[26.1661,48.0549],[26.1824,48.0674],[26.1733,48.0955],[26.1483,48.0837],[26.1354,48.0912],[26.1243,48.0869],[26.1051,48.0923],[26.0865,48.1161],[26.0601,48.1205],[26.0483,48.1129],[26.0329,48.1256],[26.0204,48.1202],[26.0091,48.126],[26.0076,48.1407],[25.9847,48.141],[25.9745,48.1506],[25.9581,48.1449],[25.9756,48.1034],[25.9619,48.0883],[25.9204,48.0827],[25.8958,48.1],[25.8909,48.1285],[25.8687,48.1298],[25.848,48.141],[25.8062,48.1465],[25.8047,48.2022],[25.8128,48.2239],[25.7991,48.241],[25.7841,48.2367],[25.7826,48.2133],[25.7707,48.2115],[25.7756,48.1913],[25.7701,48.1716],[25.7434,48.1712],[25.7217,48.1925],[25.7115,48.2119],[25.6895,48.2131],[25.6675,48.2217],[25.6535,48.2408],[25.6355,48.2536],[25.6242,48.2424],[25.6056,48.241],[25.5954,48.2574],[25.5764,48.2631],[25.5701,48.2383],[25.548,48.2298],[25.5191,48.2455],[25.4967,48.2464],[25.4592,48.2632],[25.402,48.2619],[25.3311,48.2631],[25.3201,48.2672],[25.2993,48.2578],[25.2637,48.2536],[25.2563,48.262],[25.2217,48.2452],[25.2117,48.2215],[25.2,48.2208],[25.2092,48.2092],[25.2366,48.1908],[25.2368,48.1717],[25.2134,48.1711],[25.2048,48.1522],[25.198,48.1203],[25.2172,48.1052],[25.2064,48.0922],[25.187,48.0822],[25.213,48.0594],[25.2038,48.0392],[25.192,48.0274],[25.1965,48.0093],[25.2116,48.0035],[25.2286,47.9814],[25.2298,47.9676],[25.2408,47.9616],[25.2241,47.9425],[25.2081,47.9364],[25.2131,47.922],[25.1632,47.8865],[25.1619,47.8728],[25.148,47.8631],[25.1326,47.8619],[25.1178,47.8711],[25.1115,47.859],[25.0967,47.8577],[25.1156,47.8299],[25.1051,47.8285],[25.0838,47.7938],[25.0869,47.7718],[25.0583,47.7542],[25.063,47.7405],[25.0547,47.746],[25.0442,47.7324],[25.03,47.7283],[25.0075,47.7342],[24.9953,47.725],[24.9826,47.7294],[24.9471,47.7292],[24.8874,47.7246],[24.8879,47.735],[24.875,47.7625],[24.8645,47.7631],[24.8501,47.7766],[24.8375,47.7913],[24.8369,47.798],[24.8244,47.8132],[24.8294,47.8197],[24.8278,47.8201],[24.8245,47.821],[24.8147,47.8286],[24.7853,47.8297],[24.7766,47.837],[24.7675,47.8389],[24.7646,47.8412],[24.7604,47.8375],[24.7559,47.8338],[24.7486,47.833],[24.7467,47.8341],[24.7354,47.8454],[24.7052,47.8417],[24.7038,47.8508],[24.7035,47.8576],[24.6738,47.8664],[24.6705,47.8689],[24.6676,47.872],[24.6667,47.8763],[24.6665,47.8785],[24.6679,47.8825],[24.6746,47.8934],[24.6727,47.8964],[24.6713,47.8981],[24.6533,47.92],[24.6386,47.9258],[24.6382,47.9263],[24.6252,47.9496],[24.6131,47.9516],[24.6104,47.9537],[24.6049,47.9488],[24.6005,47.9479],[24.5911,47.9616],[24.5823,47.9654],[24.5764,47.9677],[24.5667,47.9708],[24.5672,47.9897],[24.5756,48.0147],[24.5968,48.0368],[24.6244,48.0467],[24.6226,48.0629],[24.5962,48.0892],[24.5833,48.0917],[24.574,48.1035],[24.5592,48.1048],[24.5532,48.1201],[24.53,48.1258],[24.5241,48.1449],[24.5062,48.1506],[24.5161,48.1687],[24.513,48.1813],[24.5244,48.1937],[24.5301,48.2116],[24.5423,48.2237],[24.5188,48.2369],[24.4883,48.2424],[24.4923,48.2714],[24.4875,48.2833],[24.4507,48.3009],[24.4449,48.316],[24.4311,48.3172],[24.4105,48.3369],[24.3934,48.3379],[24.3712,48.3559],[24.3542,48.3792],[24.3642,48.3955],[24.4525,48.3955],[24.4583,48.3875],[24.483,48.4059],[24.4675,48.4175],[24.4619,48.4424],[24.4785,48.4645],[24.4703,48.4825],[24.4593,48.4841],[24.4424,48.5008],[24.4417,48.5125],[24.4661,48.5314],[24.4578,48.5406],[24.5061,48.562],[24.5229,48.5583],[24.5434,48.5705],[24.5813,48.5667],[24.5934,48.5788],[24.6083,48.5792],[24.6184,48.5955],[24.6368,48.6006],[24.6659,48.5911],[24.6875,48.6042],[24.6882,48.6242],[24.7162,48.6381],[24.7645,48.6256],[24.8007,48.6203],[24.8184,48.633],[24.8774,48.6337],[24.8979,48.6417],[24.9062,48.6333],[24.9208,48.6375],[24.9257,48.6491],[24.9534,48.6547],[24.9708,48.65],[24.984,48.6701],[24.9756,48.6812],[24.9757,48.7117],[25.0037,48.7035],[25.02,48.7049],[25.0256,48.7204],[25.016,48.7409],[25.0316,48.7504],[25.0608,48.7496],[25.098,48.7368],[25.1145,48.7257],[25.1437,48.7173],[25.1867,48.7118],[25.1883,48.6922],[25.2081,48.6785],[25.2206,48.684],[25.2382,48.6777],[25.2327,48.6669],[25.2418,48.6612],[25.25,48.6375],[25.2824,48.6327],[25.2842,48.6257],[25.35,48.6083],[25.3536,48.6271],[25.3494,48.6438],[25.3119,48.678],[25.342,48.6759],[25.3333,48.6958],[25.3493,48.7009],[25.3506,48.7105],[25.3814,48.7119],[25.3996,48.7032],[25.4051,48.6924],[25.4562,48.6631],[25.4872,48.6533],[25.4924,48.6385],[25.516,48.623],[25.5177,48.6119],[25.5354,48.6161],[25.5603,48.6006],[25.5796,48.6009],[25.5702,48.6119],[25.5881,48.6247],[25.5846,48.6366],[25.5958,48.6375],[25.6228,48.6256],[25.6436,48.6214],[25.7233,48.6121],[25.7559,48.5962],[25.775,48.5958],[25.8282,48.5411]]],[[[26.8513,48.4132],[26.8151,48.4172],[26.8208,48.4375],[26.8449,48.4288],[26.851,48.4173],[26.8651,48.4169],[26.8513,48.4132]]],[[[27.3533,48.4491],[27.3518,48.4406],[27.3197,48.4436],[27.306,48.4237],[27.2484,48.3754],[27.236,48.3729],[27.213,48.3911],[27.1923,48.3949],[27.168,48.3808],[27.1391,48.3745],[27.1236,48.3792],[27.0872,48.4132],[27.0849,48.4347],[27.0704,48.4327],[27.0642,48.422],[27.0299,48.4271],[27.0136,48.4204],[27.0401,48.4107],[27.0455,48.3981],[27.0263,48.3971],[27.0278,48.3826],[27.0012,48.3774],[27.0023,48.364],[26.9882,48.3607],[26.931,48.3716],[26.9317,48.3633],[26.8946,48.3835],[26.902,48.3968],[26.8801,48.4165],[26.9083,48.4125],[26.9087,48.4392],[26.8892,48.4504],[26.8792,48.4646],[26.8879,48.4809],[26.8795,48.4892],[26.8905,48.5044],[26.9069,48.486],[26.9335,48.4882],[26.9646,48.4827],[26.9771,48.4757],[27.0034,48.4743],[27.0042,48.4917],[27.0309,48.4754],[27.0649,48.4746],[27.0733,48.4663],[27.0892,48.4705],[27.1493,48.4633],[27.1562,48.4827],[27.1816,48.4837],[27.1884,48.5006],[27.2146,48.4965],[27.2244,48.5048],[27.2497,48.4994],[27.2784,48.5007],[27.2799,48.5156],[27.2904,48.5208],[27.3042,48.5083],[27.3048,48.4926],[27.3167,48.4863],[27.3133,48.4674],[27.3566,48.4663],[27.3746,48.4524],[27.375,48.4353],[27.3533,48.4491]]],[[[27.3744,48.4251],[27.3751,48.4309],[27.3752,48.4241],[27.3744,48.4251]]],[[[27.4035,48.4115],[27.4013,48.4121],[27.4053,48.4121],[27.4035,48.4115]]],[[[28.2117,45.4667],[28.225,45.4817],[28.2208,45.4663],[28.2117,45.4667]]]]}},{"type":"Feature","properties":{"id":"227209","riverUk":"Серет","riverEn":"Siret","oblasts":["chernivtsi"],"point":[25.6909,48.0041],"kakhovka":false},"geometry":{"type":"Polygon","coordinates":[[[26.1731,47.9931],[26.1371,47.9842],[26.1266,47.9877],[26.1003,47.9784],[26.061,47.9881],[25.9522,47.9709],[25.915,47.9775],[25.9089,47.967],[25.8876,47.9619],[25.8612,47.9704],[25.8264,47.9638],[25.8184,47.954],[25.7711,47.9397],[25.7087,47.9416],[25.6624,47.9488],[25.6257,47.9486],[25.5923,47.9384],[25.5063,47.9332],[25.3468,47.9158],[25.3111,47.9143],[25.2848,47.9003],[25.2369,47.8957],[25.219,47.8785],[25.1266,47.7755],[25.0842,47.7457],[25.063,47.7405],[25.0583,47.7542],[25.0869,47.7718],[25.0838,47.7938],[25.1051,47.8285],[25.1156,47.8299],[25.0967,47.8577],[25.1115,47.859],[25.1178,47.8711],[25.1326,47.8619],[25.148,47.8631],[25.1619,47.8728],[25.1632,47.8865],[25.2131,47.922],[25.2081,47.9364],[25.2241,47.9425],[25.2408,47.9616],[25.2298,47.9676],[25.2286,47.9814],[25.2116,48.0035],[25.1965,48.0093],[25.192,48.0274],[25.2038,48.0392],[25.213,48.0594],[25.187,48.0822],[25.2064,48.0922],[25.2172,48.1052],[25.198,48.1203],[25.2048,48.1522],[25.2134,48.1711],[25.2368,48.1717],[25.2366,48.1908],[25.2092,48.2092],[25.2,48.2208],[25.2117,48.2215],[25.2217,48.2452],[25.2563,48.262],[25.2637,48.2536],[25.2993,48.2578],[25.3201,48.2672],[25.3311,48.2631],[25.402,48.2619],[25.4592,48.2632],[25.4967,48.2464],[25.5191,48.2455],[25.548,48.2298],[25.5701,48.2383],[25.5764,48.2631],[25.5954,48.2574],[25.6056,48.241],[25.6242,48.2424],[25.6355,48.2536],[25.6535,48.2408],[25.6675,48.2217],[25.6895,48.2131],[25.7115,48.2119],[25.7217,48.1925],[25.7434,48.1712],[25.7701,48.1716],[25.7756,48.1913],[25.7707,48.2115],[25.7826,48.2133],[25.7841,48.2367],[25.7991,48.241],[25.8128,48.2239],[25.8047,48.2022],[25.8062,48.1465],[25.848,48.141],[25.8687,48.1298],[25.8909,48.1285],[25.8958,48.1],[25.9204,48.0827],[25.9619,48.0883],[25.9756,48.1034],[25.9581,48.1449],[25.9745,48.1506],[25.9847,48.141],[26.0076,48.1407],[26.0091,48.126],[26.0204,48.1202],[26.0329,48.1256],[26.0483,48.1129],[26.0601,48.1205],[26.0865,48.1161],[26.1051,48.0923],[26.1243,48.0869],[26.1354,48.0912],[26.1483,48.0837],[26.1733,48.0955],[26.1824,48.0674],[26.1661,48.0549],[26.175,48.0417],[26.1744,48.0228],[26.1664,48.0095],[26.1783,47.9986],[26.1731,47.9931]]]}},{"type":"Feature","properties":{"id":"227680","riverUk":"Латориця","riverEn":"Latorytsia","oblasts":["zakarpattia"],"point":[22.7489,48.611],"kakhovka":false},"geometry":{"type":"Polygon","coordinates":[[[22.6895,49.0426],[22.722,49.041],[22.7565,49.044],[22.784,49.0214],[22.8129,49.0129],[22.835,48.9997],[22.8553,48.994],[22.8614,49.0024],[22.8916,49.0082],[22.9042,49.0042],[22.9214,48.9842],[22.9198,48.9619],[22.9047,48.9673],[22.8759,48.9577],[22.8754,48.9392],[22.892,48.9142],[22.9142,48.8962],[22.965,48.8788],[22.9708,48.8563],[22.9851,48.8379],[23.0083,48.8292],[23.0134,48.845],[23.0395,48.8536],[23.0814,48.8589],[23.1,48.8667],[23.1329,48.8532],[23.1341,48.8383],[23.1497,48.8367],[23.1785,48.8021],[23.1979,48.7631],[23.2191,48.767],[23.2316,48.7621],[23.2691,48.767],[23.2851,48.7788],[23.3167,48.7542],[23.3118,48.7258],[23.2923,48.7198],[23.2865,48.6841],[23.2718,48.6826],[23.2605,48.6673],[23.2355,48.6506],[23.2333,48.6417],[23.2608,48.6371],[23.29,48.6205],[23.3205,48.5899],[23.325,48.5708],[23.3449,48.566],[23.3635,48.5421],[23.3962,48.5225],[23.392,48.5101],[23.4042,48.4875],[23.4282,48.4785],[23.4384,48.4632],[23.4621,48.4483],[23.4462,48.4316],[23.4366,48.4092],[23.4257,48.4036],[23.4104,48.4079],[23.3926,48.3953],[23.3712,48.3988],[23.3589,48.3855],[23.3577,48.3676],[23.3504,48.3657],[23.3199,48.3257],[23.2917,48.3167],[23.2744,48.3005],[23.2836,48.2759],[23.2577,48.2653],[23.2422,48.2354],[23.2458,48.225],[23.2309,48.2254],[23.2066,48.2371],[23.1708,48.2375],[23.155,48.2283],[23.1448,48.2089],[23.1267,48.208],[23.1126,48.1988],[23.1032,48.1801],[23.0841,48.1699],[23.0825,48.1591],[23.052,48.1535],[23.0396,48.1465],[22.9951,48.141],[22.9771,48.1577],[22.9591,48.1591],[22.9577,48.173],[22.9301,48.1752],[22.9283,48.1633],[22.9146,48.1589],[22.8987,48.1832],[22.8886,48.1785],[22.8865,48.1918],[22.8706,48.1909],[22.8664,48.1743],[22.8493,48.1798],[22.8313,48.1632],[22.8167,48.1625],[22.8105,48.1506],[22.7717,48.1452],[22.7696,48.1369],[22.7146,48.138],[22.698,48.1422],[22.634,48.1426],[22.6283,48.1619],[22.6078,48.1762],[22.6125,48.1875],[22.5842,48.1826],[22.5767,48.1587],[22.5621,48.1847],[22.5711,48.1961],[22.5439,48.2084],[22.5311,48.2094],[22.5136,48.2259],[22.5161,48.238],[22.4972,48.2396],[22.49,48.2528],[22.4564,48.2423],[22.4328,48.2525],[22.4006,48.2492],[22.378,48.2388],[22.3603,48.2654],[22.3384,48.2792],[22.3373,48.3079],[22.3211,48.3143],[22.3152,48.3285],[22.3178,48.3545],[22.2676,48.3612],[22.257,48.3732],[22.2718,48.4035],[22.2641,48.4104],[22.2246,48.4163],[22.2154,48.4244],[22.1582,48.4105],[22.144,48.4038],[22.1377,48.4326],[22.1583,48.527],[22.161,48.5673],[22.1833,48.6017],[22.2192,48.6211],[22.2405,48.6277],[22.2554,48.6483],[22.2943,48.6676],[22.3044,48.6765],[22.3396,48.6839],[22.3507,48.7203],[22.3618,48.7302],[22.3601,48.7418],[22.3427,48.7507],[22.3457,48.7661],[22.3734,48.7824],[22.387,48.7989],[22.3837,48.8245],[22.3759,48.834],[22.3867,48.8697],[22.4211,48.8846],[22.4287,48.9322],[22.4763,48.9815],[22.505,48.9842],[22.5311,49.0029],[22.5455,49.0068],[22.538,49.0213],[22.5511,49.0302],[22.5532,49.0795],[22.5808,49.0814],[22.6183,49.0542],[22.6429,49.0432],[22.6779,49.041],[22.6811,49.0381],[22.6833,49.0375],[22.6835,49.0389],[22.6895,49.0426]]]}},{"type":"Feature","properties":{"id":"227692","riverUk":null,"riverEn":null,"oblasts":["zakarpattia"],"point":[23.8696,48.3339],"kakhovka":false},"geometry":{"type":"MultiPolygon","coordinates":[[[[23.3522,48.763],[23.3614,48.7714],[23.3744,48.7605],[23.3757,48.7468],[23.3979,48.7338],[23.4147,48.7369],[23.425,48.7292],[23.4566,48.7288],[23.4691,48.7205],[23.4899,48.7254],[23.5,48.7417],[23.5358,48.7246],[23.55,48.7292],[23.5907,48.7201],[23.6076,48.7036],[23.6324,48.7077],[23.6425,48.6842],[23.675,48.6667],[23.6892,48.6462],[23.7066,48.6371],[23.7316,48.6379],[23.7441,48.6462],[23.7525,48.6413],[23.7775,48.6462],[23.7958,48.6292],[23.7881,48.6104],[23.8051,48.5841],[23.8367,48.5785],[23.8384,48.567],[23.8603,48.5548],[23.9105,48.5619],[23.9256,48.5493],[23.9203,48.5243],[23.9256,48.5118],[23.9202,48.4884],[23.9096,48.4832],[23.9129,48.4718],[23.927,48.4631],[23.9674,48.4578],[23.9828,48.4689],[23.9746,48.478],[23.9869,48.4853],[23.9882,48.4991],[24.0032,48.5089],[24.0229,48.5079],[24.0313,48.5005],[24.0436,48.5119],[24.0646,48.5204],[24.0784,48.5119],[24.0884,48.5243],[24.1327,48.5408],[24.116,48.4993],[24.1376,48.4819],[24.1244,48.4662],[24.1299,48.4383],[24.1451,48.4325],[24.141,48.4076],[24.1508,48.3885],[24.1784,48.3742],[24.1846,48.3625],[24.2104,48.3661],[24.2243,48.3535],[24.2372,48.359],[24.2621,48.351],[24.2824,48.3718],[24.2884,48.3965],[24.3105,48.3952],[24.3542,48.3792],[24.3712,48.3559],[24.3934,48.3379],[24.4105,48.3369],[24.4311,48.3172],[24.4449,48.316],[24.4507,48.3009],[24.4875,48.2833],[24.4923,48.2714],[24.4883,48.2424],[24.5188,48.2369],[24.5423,48.2237],[24.5301,48.2116],[24.5244,48.1937],[24.513,48.1813],[24.5161,48.1687],[24.5062,48.1506],[24.5241,48.1449],[24.53,48.1258],[24.5532,48.1201],[24.5592,48.1048],[24.574,48.1035],[24.5833,48.0917],[24.5962,48.0892],[24.6226,48.0629],[24.6244,48.0467],[24.5968,48.0368],[24.5756,48.0147],[24.5672,47.9897],[24.5667,47.9708],[24.5764,47.9677],[24.5526,47.9585],[24.5272,47.9616],[24.5019,47.9523],[24.4722,47.9632],[24.4475,47.964],[24.4361,47.9704],[24.3923,47.9528],[24.3862,47.9437],[24.3472,47.9209],[24.3249,47.926],[24.2979,47.9198],[24.2401,47.9002],[24.2175,47.8976],[24.1969,47.9162],[24.1653,47.9201],[24.1614,47.9148],[24.1293,47.9158],[24.0992,47.9351],[24.064,47.9532],[24.0297,47.9524],[24.0072,47.9678],[23.996,47.9617],[23.9498,47.9627],[23.947,47.9539],[23.9175,47.9457],[23.8822,47.9436],[23.8576,47.9343],[23.8362,47.9656],[23.8197,47.983],[23.7878,47.9873],[23.7509,47.9983],[23.7203,47.9954],[23.6868,47.9874],[23.6461,47.9966],[23.6161,48.0081],[23.572,48.0038],[23.539,48.0113],[23.5297,48.0218],[23.5231,48.0015],[23.5037,47.9929],[23.4823,47.9735],[23.4548,47.9763],[23.4338,47.9898],[23.4163,47.9879],[23.4019,48.0001],[23.3765,48.0034],[23.3755,48.0087],[23.3472,48.0207],[23.3288,48.024],[23.3343,48.0386],[23.2951,48.0444],[23.2771,48.0597],[23.291,48.0719],[23.2694,48.0858],[23.2676,48.1001],[23.252,48.1006],[23.2463,48.0917],[23.1893,48.0977],[23.1768,48.1199],[23.1501,48.1114],[23.1465,48.0999],[23.1186,48.0915],[23.099,48.0712],[23.0766,48.0245],[23.0631,48.0075],[23.0312,48.0003],[23.0238,47.9917],[22.9972,47.9959],[22.9956,48.0013],[22.9442,48.0167],[22.9273,48.0192],[22.9157,47.993],[22.9242,47.9727],[22.9166,47.9605],[22.8919,47.957],[22.892,47.9673],[22.8695,47.966],[22.8729,47.9748],[22.841,47.981],[22.8506,48.0027],[22.8649,48.0114],[22.8651,48.0207],[22.8805,48.0361],[22.8815,48.0548],[22.861,48.0576],[22.8575,48.0775],[22.84,48.0794],[22.828,48.0962],[22.8318,48.1076],[22.8065,48.12],[22.7887,48.117],[22.7723,48.1219],[22.7777,48.1115],[22.7649,48.11],[22.7576,48.1201],[22.7347,48.1198],[22.6932,48.1018],[22.6268,48.1018],[22.603,48.1038],[22.5921,48.1122],[22.5982,48.1448],[22.5767,48.1587],[22.5842,48.1826],[22.6125,48.1875],[22.6078,48.1762],[22.6283,48.1619],[22.634,48.1426],[22.698,48.1422],[22.7146,48.138],[22.7696,48.1369],[22.7717,48.1452],[22.8105,48.1506],[22.8167,48.1625],[22.8313,48.1632],[22.8493,48.1798],[22.8664,48.1743],[22.8706,48.1909],[22.8865,48.1918],[22.8886,48.1785],[22.8987,48.1832],[22.9146,48.1589],[22.9283,48.1633],[22.9301,48.1752],[22.9577,48.173],[22.9591,48.1591],[22.9771,48.1577],[22.9951,48.141],[23.0396,48.1465],[23.052,48.1535],[23.0825,48.1591],[23.0841,48.1699],[23.1032,48.1801],[23.1126,48.1988],[23.1267,48.208],[23.1448,48.2089],[23.155,48.2283],[23.1708,48.2375],[23.2066,48.2371],[23.2309,48.2254],[23.2458,48.225],[23.2422,48.2354],[23.2577,48.2653],[23.2836,48.2759],[23.2744,48.3005],[23.2917,48.3167],[23.3199,48.3257],[23.3504,48.3657],[23.3577,48.3676],[23.3589,48.3855],[23.3712,48.3988],[23.3926,48.3953],[23.4104,48.4079],[23.4257,48.4036],[23.4366,48.4092],[23.4462,48.4316],[23.4621,48.4483],[23.4384,48.4632],[23.4282,48.4785],[23.4042,48.4875],[23.392,48.5101],[23.3962,48.5225],[23.3635,48.5421],[23.3449,48.566],[23.325,48.5708],[23.3205,48.5899],[23.29,48.6205],[23.2608,48.6371],[23.2333,48.6417],[23.2355,48.6506],[23.2605,48.6673],[23.2718,48.6826],[23.2865,48.6841],[23.2923,48.7198],[23.3118,48.7258],[23.3167,48.7542],[23.3522,48.763]]],[[[24.5823,47.9654],[24.5911,47.9616],[24.6005,47.9479],[24.5823,47.9654]]],[[[24.6049,47.9488],[24.6104,47.9537],[24.6131,47.9516],[24.6049,47.9488]]],[[[24.627,47.9398],[24.6252,47.9496],[24.6382,47.9263],[24.627,47.9398]]],[[[24.6386,47.9258],[24.6533,47.92],[24.6713,47.8981],[24.6386,47.9258]]],[[[24.6727,47.8964],[24.6746,47.8934],[24.6679,47.8825],[24.6727,47.8964]]],[[[24.6662,47.8777],[24.6665,47.8785],[24.6667,47.8763],[24.6662,47.8777]]],[[[24.6686,47.8704],[24.6676,47.872],[24.6705,47.8689],[24.6686,47.8704]]],[[[24.6738,47.8664],[24.7035,47.8576],[24.7038,47.8508],[24.6738,47.8664]]],[[[24.7347,47.8434],[24.7052,47.8417],[24.7354,47.8454],[24.7467,47.8341],[24.7347,47.8434]]],[[[24.7532,47.8297],[24.7486,47.833],[24.7559,47.8338],[24.7532,47.8297]]],[[[24.7604,47.8375],[24.7646,47.8412],[24.7675,47.8389],[24.7604,47.8375]]],[[[24.7845,47.8235],[24.7766,47.837],[24.7853,47.8297],[24.8147,47.8286],[24.8245,47.821],[24.7845,47.8235]]],[[[24.8231,47.813],[24.8278,47.8201],[24.8294,47.8197],[24.8244,47.8132],[24.8369,47.798],[24.8375,47.7913],[24.8231,47.813]]],[[[24.878,47.7529],[24.8552,47.7658],[24.8501,47.7766],[24.8645,47.7631],[24.875,47.7625],[24.8879,47.735],[24.8874,47.7246],[24.878,47.7529]]]]}},{"type":"Feature","properties":{"id":"242449","riverUk":"Сян","riverEn":"San","oblasts":["lviv"],"point":[23.3166,49.8651],"kakhovka":false},"geometry":{"type":"MultiPolygon","coordinates":[[[[23.5728,50.0465],[23.5923,50.0407],[23.5879,50.0142],[23.6009,49.9925],[23.6119,49.9855],[23.6036,49.9341],[23.6079,49.9104],[23.5963,49.8937],[23.6049,49.8759],[23.6208,49.8625],[23.6255,49.8488],[23.6064,49.8339],[23.5792,49.8333],[23.5951,49.82],[23.5966,49.8049],[23.6156,49.8034],[23.6256,49.7837],[23.6208,49.775],[23.637,49.77],[23.651,49.751],[23.6667,49.7446],[23.6618,49.7174],[23.627,49.716],[23.6212,49.7119],[23.5895,49.716],[23.5627,49.7074],[23.5534,49.6882],[23.53,49.6868],[23.525,49.6708],[23.4701,49.6619],[23.4467,49.6673],[23.423,49.6869],[23.4116,49.6799],[23.3811,49.6839],[23.3689,49.6911],[23.3355,49.6994],[23.2633,49.6993],[23.2625,49.6917],[23.2048,49.699],[23.1994,49.6509],[23.1897,49.6464],[23.1451,49.6453],[23.1397,49.6494],[23.1011,49.6497],[23.0949,49.6452],[23.0562,49.6465],[23.0354,49.6506],[23.0247,49.659],[23.0092,49.6586],[23.0076,49.6424],[22.9875,49.6375],[22.9772,49.6215],[22.9437,49.6202],[22.9255,49.6119],[22.8965,49.6105],[22.8909,49.58],[22.8801,49.5784],[22.8746,49.5517],[22.8649,49.5379],[22.81,49.5379],[22.775,49.5292],[22.7411,49.5339],[22.6786,49.5339],[22.6661,49.5286],[22.6507,49.5325],[22.644,49.5249],[22.642,49.5305],[22.6747,49.5492],[22.6847,49.5717],[22.7494,49.6313],[22.7833,49.6572],[22.7872,49.6765],[22.8098,49.6863],[22.8478,49.7101],[22.8521,49.7204],[22.8734,49.7406],[22.8968,49.7518],[22.8979,49.7645],[22.9351,49.7941],[22.9619,49.8047],[22.9566,49.8111],[22.9706,49.8385],[22.9955,49.8422],[23.0333,49.8814],[23.1075,49.942],[23.1149,49.9565],[23.1426,49.9712],[23.213,50.0311],[23.2143,50.0384],[23.4066,50.1726],[23.457,50.2037],[23.4729,50.1923],[23.4865,50.1909],[23.4979,50.1756],[23.5115,50.1743],[23.5121,50.1559],[23.4917,50.1458],[23.5017,50.1337],[23.5399,50.1288],[23.5538,50.1191],[23.5507,50.1009],[23.5589,50.0988],[23.5495,50.0782],[23.5583,50.0583],[23.5728,50.0465]]],[[[22.8417,49.1432],[22.8686,49.1214],[22.8952,49.1116],[22.9079,49.0979],[22.8991,49.0759],[22.888,49.0687],[22.9036,49.0522],[22.9045,49.0351],[22.9129,49.0225],[22.9042,49.0042],[22.8916,49.0082],[22.8668,49.0397],[22.8756,49.0515],[22.8645,49.0667],[22.8683,49.0776],[22.884,49.0815],[22.8927,49.0946],[22.8548,49.106],[22.86,49.1117],[22.8294,49.1125],[22.8131,49.1305],[22.7937,49.1376],[22.789,49.1578],[22.7603,49.1525],[22.7391,49.158],[22.7569,49.1814],[22.7331,49.1824],[22.7171,49.1649],[22.7073,49.175],[22.7354,49.212],[22.7474,49.2167],[22.7153,49.226],[22.7235,49.2421],[22.7396,49.2473],[22.7405,49.2576],[22.7616,49.2451],[22.7826,49.2244],[22.7991,49.2241],[22.8061,49.2131],[22.852,49.1881],[22.874,49.1869],[22.8875,49.1708],[22.8417,49.1432]]],[[[22.6835,49.0389],[22.6833,49.0375],[22.6811,49.0381],[22.6779,49.041],[22.6835,49.0389]]]]}},{"type":"Feature","properties":{"id":"242498","riverUk":null,"riverEn":null,"oblasts":["volyn"],"point":[24.2892,51.675],"kakhovka":false},"geometry":{"type":"Polygon","coordinates":[[[23.9131,51.4992],[23.9243,51.5008],[23.9256,51.5133],[23.8965,51.552],[23.8965,51.5771],[23.9104,51.5868],[23.9307,51.5881],[23.9413,51.5819],[23.9771,51.5856],[23.9953,51.5805],[24.0156,51.5963],[24.0753,51.619],[24.1003,51.6398],[24.117,51.6621],[24.1347,51.6715],[24.2684,51.7162],[24.3197,51.7511],[24.3074,51.769],[24.2944,51.7997],[24.3126,51.8267],[24.325,51.8346],[24.3479,51.8612],[24.3696,51.8751],[24.3908,51.88],[24.4778,51.8823],[24.4937,51.885],[24.6398,51.8921],[24.7011,51.8829],[24.7497,51.8811],[24.7728,51.8874],[24.8121,51.8914],[24.7812,51.8671],[24.7551,51.866],[24.7326,51.8384],[24.7189,51.8297],[24.6926,51.8286],[24.6855,51.8214],[24.6561,51.8203],[24.6366,51.8007],[24.6145,51.7922],[24.6063,51.7995],[24.5884,51.7952],[24.5783,51.7759],[24.5507,51.7658],[24.5452,51.7342],[24.5256,51.723],[24.5238,51.7036],[24.5132,51.7089],[24.4561,51.6869],[24.4439,51.6756],[24.4228,51.6744],[24.3855,51.6464],[24.3699,51.6382],[24.3507,51.6381],[24.3355,51.6298],[24.2978,51.6202],[24.2827,51.6078],[24.2867,51.5924],[24.2554,51.579],[24.2408,51.5881],[24.2245,51.5744],[24.1995,51.5798],[24.1875,51.5708],[24.1608,51.5629],[24.1267,51.5621],[24.1149,51.5545],[24.0684,51.5538],[24.0566,51.5455],[24.0441,51.5538],[24.0091,51.5493],[24.0078,51.5329],[24.0161,51.5145],[23.9949,51.4882],[23.9756,51.4824],[23.975,51.4708],[23.9481,51.4589],[23.9008,51.4592],[23.8958,51.4708],[23.9131,51.4992]]]}},{"type":"Feature","properties":{"id":"242499","riverUk":"Західний Буг","riverEn":"Western Bug","oblasts":["lviv","volyn"],"point":[24.4422,50.6546],"kakhovka":false},"geometry":{"type":"Polygon","coordinates":[[[25.0674,49.7782],[25.0715,49.7495],[25.055,49.7409],[25.0534,49.7299],[25.0347,49.7285],[25.0324,49.7366],[24.9995,49.7548],[24.9938,49.7506],[24.9551,49.7504],[24.9491,49.7618],[24.9032,49.7619],[24.8897,49.7744],[24.877,49.7756],[24.8605,49.7911],[24.8351,49.7955],[24.8233,49.7837],[24.759,49.7867],[24.749,49.7673],[24.727,49.7661],[24.7199,49.7548],[24.7034,49.7536],[24.6576,49.7672],[24.6397,49.7547],[24.6259,49.7535],[24.6199,49.7424],[24.5875,49.7292],[24.5645,49.7297],[24.5387,49.7381],[24.5325,49.7217],[24.5103,49.7161],[24.4855,49.7006],[24.4676,49.6994],[24.4216,49.6828],[24.403,49.6964],[24.3676,49.6952],[24.325,49.675],[24.2936,49.6714],[24.2772,49.6828],[24.2478,49.6839],[24.205,49.7092],[24.1991,49.7243],[24.1853,49.7256],[24.1354,49.7704],[24.1157,49.7661],[24.0917,49.7833],[24.075,49.8125],[24.0616,49.8172],[24.0493,49.8078],[24.0368,49.8131],[24.0208,49.8042],[23.9976,49.8087],[23.992,49.8233],[24.0042,49.8354],[23.9941,49.8538],[23.9795,49.86],[23.9833,49.8792],[23.9561,49.8797],[23.9299,49.8884],[23.9285,49.8991],[23.9074,49.9243],[23.8908,49.9368],[23.8673,49.9468],[23.8661,49.9605],[23.8548,49.9676],[23.8535,49.9824],[23.8233,49.992],[23.7941,49.983],[23.7858,49.9913],[23.7601,49.9962],[23.7439,50.0119],[23.7217,50.0174],[23.7074,50.0452],[23.6743,50.0411],[23.6256,50.0551],[23.625,50.0708],[23.6066,50.0663],[23.5941,50.0712],[23.5858,50.0629],[23.5583,50.0583],[23.5495,50.0782],[23.5589,50.0988],[23.5507,50.1009],[23.5538,50.1191],[23.5399,50.1288],[23.5017,50.1337],[23.4917,50.1458],[23.5121,50.1559],[23.5115,50.1743],[23.4979,50.1756],[23.4865,50.1909],[23.4729,50.1923],[23.457,50.2037],[23.581,50.266],[23.588,50.2736],[23.6442,50.3127],[23.6571,50.3248],[23.6863,50.3316],[23.6911,50.3533],[23.7031,50.3753],[23.717,50.3832],[23.7475,50.3894],[23.9287,50.3908],[23.9813,50.4048],[23.9975,50.4121],[24.0058,50.4354],[24.0345,50.4448],[24.0701,50.5034],[24.073,50.5136],[24.1077,50.5408],[24.0954,50.5569],[24.0907,50.5789],[24.0987,50.5995],[24.0939,50.6139],[24.1084,50.6299],[24.0853,50.6653],[24.0749,50.6902],[24.081,50.713],[24.0714,50.7207],[24.0531,50.7178],[24.0269,50.728],[24.0155,50.7469],[24.0259,50.767],[23.9978,50.7692],[23.9743,50.7762],[23.9588,50.7959],[23.9635,50.8144],[23.9929,50.8362],[24.0205,50.8386],[24.0469,50.8291],[24.0673,50.8348],[24.1005,50.835],[24.1309,50.8391],[24.1432,50.8564],[24.1367,50.8667],[24.0959,50.8809],[24.0865,50.8891],[24.0636,50.8922],[24.0394,50.9035],[24.0229,50.9168],[23.9984,50.9277],[23.9908,50.943],[23.9695,50.9516],[23.967,50.9783],[23.9391,51.0027],[23.9176,51.0059],[23.9157,51.0124],[23.9356,51.015],[23.9174,51.0308],[23.9315,51.0379],[23.914,51.0407],[23.9126,51.0704],[23.8954,51.0762],[23.8693,51.1017],[23.8545,51.1215],[23.8747,51.1361],[23.8615,51.1575],[23.8525,51.1554],[23.816,51.1788],[23.7825,51.1921],[23.7395,51.2206],[23.7287,51.2354],[23.7205,51.269],[23.7032,51.2822],[23.6702,51.2994],[23.6523,51.2996],[23.636,51.3188],[23.6563,51.3586],[23.6855,51.368],[23.6785,51.3912],[23.7027,51.4035],[23.6768,51.4305],[23.6864,51.4436],[23.6591,51.4444],[23.6473,51.4595],[23.6763,51.471],[23.6603,51.4903],[23.6509,51.4858],[23.6201,51.4964],[23.6267,51.5034],[23.6481,51.5064],[23.6714,51.4994],[23.6715,51.5191],[23.6363,51.5489],[23.6477,51.5663],[23.6645,51.5773],[23.6576,51.5873],[23.6261,51.599],[23.6253,51.6079],[23.6054,51.6168],[23.631,51.6294],[23.7262,51.6449],[23.7497,51.6445],[23.8203,51.6313],[23.8453,51.6298],[23.8849,51.6199],[23.8824,51.5922],[23.9141,51.5979],[23.9307,51.5881],[23.9104,51.5868],[23.8965,51.5771],[23.8965,51.552],[23.9256,51.5133],[23.9243,51.5008],[23.9131,51.4992],[23.8958,51.4708],[23.8574,51.4507],[23.8187,51.4537],[23.8064,51.4422],[23.7895,51.4411],[23.7792,51.425],[23.7616,51.4132],[23.7466,51.4118],[23.7369,51.3897],[23.7381,51.362],[23.7257,51.349],[23.7208,51.325],[23.7533,51.3202],[23.7554,51.3119],[23.7909,51.3214],[23.8147,51.3131],[23.8354,51.3327],[23.8387,51.3507],[23.8628,51.3492],[23.8577,51.3419],[23.868,51.3166],[23.8937,51.2965],[23.9271,51.291],[23.9483,51.2837],[23.9774,51.2879],[23.9976,51.3038],[24.0191,51.2996],[24.0601,51.3004],[24.0733,51.2955],[24.0917,51.3],[24.0961,51.2884],[24.0577,51.2783],[24.0592,51.2669],[24.102,51.2506],[24.1271,51.2452],[24.1459,51.2321],[24.1453,51.2054],[24.1657,51.1954],[24.175,51.1583],[24.2105,51.1535],[24.2187,51.1465],[24.245,51.1409],[24.2468,51.1288],[24.2646,51.1411],[24.2704,51.1369],[24.3083,51.15],[24.309,51.1187],[24.3253,51.0966],[24.2868,51.0977],[24.2923,51.0752],[24.2778,51.0457],[24.25,51.0375],[24.265,51.0288],[24.2741,51.0051],[24.2619,50.9963],[24.2673,50.977],[24.2785,50.9647],[24.2798,50.9383],[24.2999,50.9322],[24.3,50.9167],[24.3199,50.9118],[24.327,50.9006],[24.3397,50.8994],[24.3583,50.8875],[24.4108,50.8795],[24.4191,50.8879],[24.45,50.8833],[24.4559,50.8754],[24.4899,50.8621],[24.5025,50.8496],[24.5608,50.858],[24.6142,50.8254],[24.6564,50.8256],[24.6814,50.8203],[24.7077,50.8033],[24.7244,50.7855],[24.7366,50.7578],[24.7534,50.7631],[24.777,50.7506],[24.8075,50.7408],[24.8271,50.7255],[24.8375,50.7292],[24.8459,50.7055],[24.8146,50.684],[24.7965,50.6826],[24.7924,50.6508],[24.8205,50.641],[24.8325,50.6461],[24.8411,50.6272],[24.8366,50.6134],[24.8214,50.602],[24.8299,50.5843],[24.8458,50.575],[24.825,50.5708],[24.8199,50.5464],[24.7882,50.5411],[24.7645,50.5422],[24.7132,50.5589],[24.675,50.5542],[24.6696,50.5416],[24.6424,50.5326],[24.6458,50.5083],[24.658,50.5024],[24.6524,50.4879],[24.625,50.4875],[24.6243,50.476],[24.6113,50.4626],[24.5965,50.4575],[24.5953,50.4394],[24.587,50.4302],[24.5936,50.4214],[24.6407,50.4118],[24.6358,50.4005],[24.6125,50.3917],[24.6035,50.3718],[24.5921,50.3657],[24.5831,50.347],[24.5994,50.3407],[24.6145,50.3214],[24.6369,50.3105],[24.633,50.2976],[24.6163,50.2809],[24.625,50.2688],[24.62,50.2509],[24.5708,50.2458],[24.5714,50.226],[24.5825,50.22],[24.5864,50.2048],[24.5728,50.2036],[24.5458,50.1917],[24.5427,50.1716],[24.5702,50.1533],[24.5717,50.1381],[24.5907,50.1369],[24.6038,50.1101],[24.5875,50.0667],[24.6495,50.0369],[24.6645,50.0423],[24.687,50.0369],[24.7079,50.0465],[24.7438,50.041],[24.755,50.0257],[24.7708,50.025],[24.7895,50.009],[24.8033,50.0076],[24.8216,49.9633],[24.8456,49.9571],[24.8667,49.9333],[24.89,49.9288],[24.95,49.9375],[24.9855,49.9369],[25.0125,49.925],[25.0134,49.9089],[25.0375,49.9083],[25.052,49.8922],[25.1074,49.8827],[25.1259,49.8589],[25.1589,49.8299],[25.1522,49.8214],[25.1272,49.8131],[25.101,49.8119],[25.0958,49.7875],[25.0674,49.7782]],[[24.5447,50.1962],[24.5411,50.1929],[24.5458,50.1917],[24.5447,50.1962]]]}}]}
