{"type":"FeatureCollection","features":[{"type":"Feature","properties":{"id":"cherkasy","nameUk":"Черкаська область","nameEn":"Cherkasy Oblast"},"geometry":{"type":"Polygon","coordinates":[[[32.1255,50.2247],[32.1117,50.2125],[32.154,50.1886],[32.1617,50.1875],[32.1634,50.1787],[32.1765,50.1646],[32.2984,50.1423],[32.305,50.1191],[32.2869,50.1196],[32.2525,50.1146],[32.2584,50.1051],[32.276,50.097],[32.2616,50.0825],[32.2766,50.0652],[32.3136,50.0388],[32.3214,50.0397],[32.3257,50.0513],[32.3327,50.0578],[32.353,50.0471],[32.3456,50.0356],[32.3643,50.0343],[32.3699,50.0013],[32.3772,50.0001],[32.3801,49.9815],[32.4275,49.9611],[32.4194,49.9354],[32.4309,49.9318],[32.4297,49.9267],[32.4199,49.9279],[32.4143,49.903],[32.4341,49.8882],[32.4023,49.8757],[32.3928,49.8847],[32.374,49.8739],[32.4094,49.849],[32.4135,49.8411],[32.4372,49.8214],[32.4491,49.7965],[32.5041,49.8047],[32.514,49.7743],[32.556,49.7731],[32.5723,49.7524],[32.5681,49.7447],[32.5735,49.7025],[32.6546,49.6828],[32.6591,49.677],[32.6712,49.6765],[32.6827,49.6628],[32.7081,49.653],[32.7012,49.6472],[32.7033,49.6352],[32.7137,49.6307],[32.7156,49.6192],[32.7051,49.6054],[32.6962,49.6036],[32.7108,49.5935],[32.7217,49.5948],[32.7348,49.587],[32.7531,49.5664],[32.7502,49.5482],[32.75,49.5236],[32.7348,49.5162],[32.7102,49.4992],[32.6801,49.4999],[32.6716,49.4867],[32.6681,49.4611],[32.6739,49.4496],[32.6524,49.4353],[32.6675,49.4271],[32.6809,49.4261],[32.6827,49.4099],[32.6789,49.4006],[32.696,49.3834],[32.713,49.3853],[32.7306,49.3748],[32.7385,49.3732],[32.7361,49.3624],[32.7387,49.3522],[32.714,49.3536],[32.6753,49.3518],[32.6492,49.3559],[32.6022,49.3746],[32.5659,49.3808],[32.5535,49.3791],[32.5359,49.3832],[32.5235,49.3947],[32.5191,49.4034],[32.5099,49.4076],[32.4979,49.3967],[32.4879,49.3745],[32.4776,49.3647],[32.4765,49.356],[32.4608,49.3473],[32.4635,49.3412],[32.479,49.3418],[32.4671,49.3276],[32.5052,49.3075],[32.5257,49.3038],[32.542,49.2967],[32.5668,49.2828],[32.5979,49.2748],[32.6065,49.2551],[32.6122,49.2538],[32.6262,49.2604],[32.6379,49.2587],[32.6508,49.2489],[32.6583,49.2475],[32.6776,49.2553],[32.7123,49.2576],[32.7328,49.2536],[32.7457,49.2452],[32.7577,49.2419],[32.7575,49.236],[32.7659,49.2332],[32.7752,49.2373],[32.7988,49.2394],[32.8118,49.2481],[32.8318,49.2466],[32.8474,49.2493],[32.8591,49.2447],[32.8406,49.227],[32.8068,49.212],[32.7839,49.1914],[32.775,49.1862],[32.7684,49.1711],[32.7579,49.1693],[32.762,49.1509],[32.7819,49.1409],[32.8237,49.1351],[32.8566,49.1293],[32.8904,49.1266],[32.8956,49.1104],[32.8962,49.0948],[32.8809,49.0957],[32.8426,49.0876],[32.8151,49.0757],[32.8294,49.0748],[32.8381,49.016],[32.8265,49.0158],[32.8291,49.0093],[32.8445,49.01],[32.858,48.9983],[32.8722,49.0001],[32.874,48.9924],[32.8434,48.9898],[32.8455,48.9807],[32.7949,48.9759],[32.7975,48.9711],[32.7335,48.9648],[32.7272,48.9772],[32.6981,48.9743],[32.6963,48.9817],[32.6758,48.9858],[32.668,48.9772],[32.6798,48.9573],[32.675,48.96],[32.6554,48.9536],[32.623,48.9559],[32.6117,48.9536],[32.6078,48.9646],[32.5922,48.9604],[32.5939,48.9552],[32.5767,48.9517],[32.5781,48.959],[32.5687,48.9573],[32.5555,48.9657],[32.5389,48.9669],[32.5467,48.9597],[32.5406,48.9521],[32.5518,48.9418],[32.5219,48.9389],[32.5216,48.9495],[32.5095,48.9602],[32.5156,48.9743],[32.512,48.9837],[32.5019,48.9878],[32.4977,49.0126],[32.4932,49.015],[32.476,49.0055],[32.4656,49.0318],[32.4737,49.0332],[32.4519,49.039],[32.4429,49.0526],[32.4348,49.0393],[32.4274,49.0412],[32.4179,49.028],[32.3971,49.0262],[32.3739,49.0361],[32.3695,49.0468],[32.3759,49.0501],[32.3656,49.0719],[32.3535,49.0694],[32.3486,49.0792],[32.3149,49.0812],[32.3131,49.0747],[32.2984,49.0733],[32.2976,49.0794],[32.2827,49.0846],[32.2835,49.0792],[32.2646,49.0814],[32.2576,49.074],[32.2638,49.0679],[32.2629,49.0599],[32.2534,49.0581],[32.2381,49.0621],[32.236,49.0517],[32.2181,48.9868],[32.2151,48.9896],[32.188,48.9956],[32.1806,48.9932],[32.1825,48.9857],[32.1778,48.9728],[32.1347,48.9661],[32.135,48.9542],[32.1535,48.9447],[32.1517,48.9166],[32.146,48.9123],[32.1053,48.9109],[32.1053,48.9024],[32.0859,48.905],[32.0946,48.9142],[32.0932,48.9188],[32.0797,48.9212],[32.0489,48.9163],[32.0266,48.9309],[32.0038,48.9133],[31.9983,48.9165],[31.9611,48.9061],[31.9543,48.9103],[31.9453,48.9062],[31.9384,48.8966],[31.9212,48.8801],[31.9124,48.8866],[31.9198,48.898],[31.9189,48.9061],[31.8761,48.919],[31.8353,48.9368],[31.832,48.9339],[31.8079,48.944],[31.8059,48.9492],[31.7974,48.9399],[31.7708,48.9352],[31.7511,48.926],[31.7251,48.9339],[31.6985,48.931],[31.6993,48.9189],[31.6896,48.8964],[31.6796,48.9005],[31.6529,48.902],[31.6403,48.9003],[31.6389,48.908],[31.6199,48.9059],[31.6082,48.8995],[31.6022,48.9025],[31.5989,48.8926],[31.5807,48.8879],[31.5794,48.8927],[31.5948,48.9062],[31.5817,48.9127],[31.5669,48.8999],[31.5778,48.8955],[31.5686,48.8916],[31.5798,48.8846],[31.5807,48.8776],[31.5592,48.8631],[31.5671,48.8572],[31.5544,48.837],[31.5621,48.8347],[31.5589,48.8287],[31.5271,48.8163],[31.5281,48.8042],[31.4962,48.797],[31.468,48.7886],[31.4228,48.7637],[31.436,48.7538],[31.424,48.7428],[31.4188,48.7563],[31.4088,48.7427],[31.3937,48.7354],[31.399,48.748],[31.387,48.7425],[31.3845,48.7282],[31.3711,48.7299],[31.3696,48.7354],[31.358,48.7417],[31.3521,48.7401],[31.3536,48.7274],[31.3303,48.7257],[31.3197,48.7303],[31.3188,48.7415],[31.3131,48.7463],[31.31,48.7586],[31.2853,48.7586],[31.2628,48.7494],[31.253,48.7589],[31.2514,48.7665],[31.2308,48.7657],[31.2155,48.7682],[31.2142,48.7605],[31.2064,48.7559],[31.1974,48.7601],[31.1731,48.7617],[31.1518,48.741],[31.1376,48.7453],[31.1288,48.7373],[31.1255,48.7416],[31.1137,48.7281],[31.1059,48.7305],[31.1012,48.7394],[31.0923,48.7406],[31.0851,48.7324],[31.0669,48.739],[31.0688,48.7465],[31.0559,48.7561],[31.0484,48.7524],[31.0394,48.7602],[31.0204,48.7621],[31.0033,48.7573],[30.9961,48.7651],[30.9734,48.7611],[30.9626,48.7627],[30.9496,48.7718],[30.9427,48.772],[30.9452,48.7594],[30.9328,48.7619],[30.9027,48.7624],[30.8957,48.7543],[30.8981,48.7482],[30.8833,48.745],[30.8784,48.7497],[30.8463,48.7524],[30.8409,48.7486],[30.8303,48.7507],[30.8279,48.7573],[30.8114,48.7694],[30.8047,48.7575],[30.7528,48.7708],[30.7511,48.7608],[30.7209,48.7615],[30.6985,48.7677],[30.6383,48.7523],[30.6365,48.7392],[30.6232,48.7397],[30.6099,48.7196],[30.5892,48.7231],[30.5759,48.7214],[30.5978,48.7043],[30.6108,48.6979],[30.6081,48.687],[30.6003,48.6785],[30.5975,48.6628],[30.557,48.6551],[30.5511,48.6527],[30.5298,48.6276],[30.5438,48.6225],[30.5709,48.6059],[30.5587,48.5958],[30.5678,48.5926],[30.5634,48.5792],[30.57,48.5778],[30.5671,48.5674],[30.5399,48.5713],[30.5297,48.5657],[30.4863,48.5689],[30.4856,48.5646],[30.4739,48.5661],[30.4532,48.5833],[30.4032,48.5737],[30.3889,48.5453],[30.3871,48.5263],[30.3622,48.5258],[30.327,48.5217],[30.3076,48.5113],[30.255,48.5049],[30.2551,48.4894],[30.2202,48.48],[30.1628,48.5035],[30.1514,48.4977],[30.157,48.4848],[30.1501,48.4823],[30.1425,48.4722],[30.1304,48.4699],[30.1308,48.4637],[30.1199,48.4604],[30.121,48.4536],[30.1136,48.452],[30.0877,48.4577],[30.0833,48.4658],[30.0712,48.4692],[30.0636,48.4765],[30.0491,48.4832],[29.9997,48.4785],[30.0027,48.4728],[29.9679,48.4718],[29.9611,48.473],[29.9667,48.4916],[29.9808,48.4942],[30.0006,48.4922],[30.0053,48.5112],[30.0035,48.5155],[29.9907,48.5143],[29.9931,48.52],[30.0061,48.5184],[30.018,48.5224],[30.0201,48.5395],[30.008,48.5419],[30.0034,48.5517],[30.006,48.5733],[29.9929,48.5792],[29.9707,48.5839],[29.9565,48.5839],[29.9483,48.5933],[29.9512,48.6088],[29.9831,48.6124],[29.9922,48.6297],[29.9901,48.6364],[29.9781,48.6351],[29.9757,48.6429],[29.9685,48.6427],[29.9667,48.6505],[29.9596,48.65],[29.956,48.6586],[29.9447,48.6577],[29.9468,48.6698],[29.9171,48.6717],[29.8725,48.7029],[29.8609,48.6996],[29.8656,48.7082],[29.8562,48.7139],[29.8677,48.7348],[29.8813,48.7315],[29.8842,48.7361],[29.8595,48.7586],[29.8665,48.7631],[29.8,48.7744],[29.8047,48.7785],[29.7859,48.7843],[29.7752,48.7824],[29.766,48.7864],[29.7615,48.8472],[29.7319,48.8547],[29.7278,48.8861],[29.7122,48.8915],[29.7133,48.8971],[29.7356,48.9082],[29.7123,48.9115],[29.7002,48.9173],[29.6857,48.9111],[29.6686,48.9205],[29.6684,48.9287],[29.6525,48.9375],[29.6608,48.9487],[29.6521,48.96],[29.6957,49.0005],[29.6835,49.0068],[29.6835,49.0262],[29.6695,49.0238],[29.6529,49.014],[29.6393,49.0127],[29.6283,49.0242],[29.6099,49.0528],[29.6138,49.0562],[29.6287,49.0465],[29.6397,49.0529],[29.6349,49.0605],[29.6502,49.0966],[29.6904,49.0879],[29.6784,49.1125],[29.6862,49.1155],[29.7258,49.1201],[29.7333,49.1224],[29.7311,49.1324],[29.72,49.1314],[29.7119,49.1426],[29.7098,49.1547],[29.7184,49.1569],[29.7181,49.1816],[29.7277,49.1821],[29.7261,49.2023],[29.7104,49.2069],[29.7038,49.2247],[29.7268,49.2213],[29.7361,49.229],[29.7444,49.2247],[29.7406,49.2109],[29.7278,49.2079],[29.7608,49.1794],[29.8135,49.1862],[29.8189,49.1781],[29.8584,49.188],[29.8828,49.1858],[29.8767,49.1997],[29.8988,49.2043],[29.8941,49.2082],[29.9106,49.217],[29.9036,49.221],[29.9207,49.2302],[29.9344,49.2479],[29.9545,49.2503],[29.9573,49.2621],[29.9568,49.2872],[29.9442,49.3017],[29.9485,49.312],[29.9608,49.3062],[29.9837,49.3161],[30.0072,49.3161],[30.0092,49.3265],[30.0283,49.3327],[30.0685,49.3256],[30.0784,49.3225],[30.0861,49.3128],[30.0829,49.2989],[30.0889,49.2851],[30.1118,49.2702],[30.1226,49.2816],[30.1207,49.2954],[30.1066,49.3029],[30.1134,49.309],[30.1325,49.314],[30.1362,49.3307],[30.1477,49.3357],[30.1484,49.327],[30.2009,49.3273],[30.1892,49.2753],[30.2062,49.2724],[30.2569,49.2677],[30.2591,49.2715],[30.3336,49.2596],[30.368,49.2554],[30.3663,49.245],[30.3755,49.2362],[30.3844,49.255],[30.3974,49.3017],[30.4204,49.3027],[30.413,49.3305],[30.4379,49.3328],[30.4413,49.3383],[30.4371,49.3517],[30.4742,49.3655],[30.5093,49.3328],[30.5167,49.328],[30.5377,49.3283],[30.5443,49.3369],[30.5559,49.3404],[30.5695,49.3543],[30.5864,49.352],[30.6078,49.3703],[30.6392,49.3563],[30.6605,49.3605],[30.6858,49.3506],[30.7086,49.3363],[30.7168,49.3387],[30.7288,49.3321],[30.7495,49.3451],[30.7786,49.3438],[30.8006,49.3541],[30.8187,49.3555],[30.8332,49.3506],[30.8388,49.3532],[30.868,49.352],[30.8792,49.3607],[30.8974,49.3631],[30.909,49.3591],[30.9203,49.3811],[30.931,49.3811],[30.9275,49.3921],[30.9334,49.3945],[30.9351,49.406],[30.921,49.4156],[30.9569,49.4239],[30.9908,49.4223],[31.0061,49.4311],[31.0052,49.4511],[31.0292,49.4719],[31.0386,49.4584],[31.0453,49.4614],[31.0393,49.4734],[31.0478,49.4782],[31.0843,49.4896],[31.0946,49.4979],[31.0944,49.5173],[31.1037,49.5312],[31.0992,49.541],[31.1101,49.5573],[31.1212,49.5602],[31.1389,49.5516],[31.142,49.5576],[31.1525,49.555],[31.1489,49.5686],[31.1382,49.5714],[31.1501,49.5806],[31.1281,49.5827],[31.1359,49.6036],[31.1549,49.6288],[31.2021,49.6753],[31.1959,49.6839],[31.2013,49.6911],[31.2114,49.6862],[31.2174,49.6946],[31.1967,49.7016],[31.2118,49.7299],[31.2221,49.7332],[31.205,49.7572],[31.2165,49.7768],[31.1897,49.7902],[31.221,49.8323],[31.2078,49.8521],[31.2472,49.8679],[31.2606,49.8581],[31.2912,49.8831],[31.3121,49.8881],[31.3099,49.892],[31.3741,49.8984],[31.3799,49.9068],[31.3601,49.9255],[31.3452,49.9342],[31.3367,49.9352],[31.3336,49.9426],[31.3458,49.9487],[31.3125,49.9635],[31.3004,49.9605],[31.2887,49.9524],[31.2904,49.9592],[31.3053,49.9726],[31.2949,49.9752],[31.2991,49.9859],[31.3109,49.9927],[31.357,49.991],[31.3896,49.9943],[31.4133,49.9895],[31.4221,49.9916],[31.4367,49.9842],[31.4446,49.9757],[31.4337,49.9614],[31.4327,49.9436],[31.4236,49.9349],[31.422,49.9104],[31.4263,49.8987],[31.4315,49.8989],[31.44,49.8771],[31.4614,49.8771],[31.4707,49.8736],[31.4741,49.8625],[31.4861,49.8577],[31.4942,49.8611],[31.5024,49.8433],[31.5145,49.8473],[31.5102,49.8542],[31.5176,49.8611],[31.5148,49.8689],[31.5365,49.8739],[31.5566,49.8748],[31.5672,49.887],[31.5684,49.8955],[31.5787,49.8954],[31.5809,49.9067],[31.6126,49.9062],[31.6143,49.8922],[31.6088,49.8896],[31.6172,49.8803],[31.6147,49.8569],[31.6688,49.8576],[31.7106,49.8503],[31.7174,49.8526],[31.7525,49.8937],[31.7727,49.8939],[31.7691,49.9197],[31.7948,49.9336],[31.8134,49.9589],[31.8133,49.9662],[31.8885,49.9638],[31.8896,49.9537],[31.9008,49.9433],[31.9176,49.9614],[31.9151,49.9844],[31.9099,50.0004],[31.9097,50.0137],[31.9031,50.0169],[31.9086,50.0225],[31.9279,50.0308],[31.9679,50.0442],[31.9783,50.0387],[31.9827,50.0525],[31.925,50.0608],[31.9121,50.0559],[31.9077,50.061],[31.9114,50.1008],[31.975,50.1253],[31.958,50.1408],[31.9469,50.1365],[31.9339,50.1585],[31.965,50.1514],[31.9887,50.184],[31.9999,50.1945],[31.9883,50.1972],[31.9918,50.2022],[32.0141,50.2065],[32.0406,50.1881],[32.0569,50.1879],[32.086,50.2217],[32.1075,50.22],[32.1162,50.2286],[32.1255,50.2247]]]}},{"type":"Feature","properties":{"id":"chernihiv","nameUk":"Чернігівська область","nameEn":"Chernihiv Oblast"},"geometry":{"type":"Polygon","coordinates":[[[33.0596,50.5181],[33.0424,50.502],[33.0232,50.5023],[33.0272,50.493],[33.0128,50.4809],[33.0162,50.4715],[32.9908,50.4773],[32.9883,50.4738],[32.9712,50.4742],[32.9787,50.4628],[32.9698,50.4596],[32.969,50.4488],[32.9594,50.4423],[32.9496,50.4459],[32.9327,50.4367],[32.9374,50.4307],[32.9201,50.4291],[32.913,50.4243],[32.9148,50.412],[32.9105,50.4064],[32.9001,50.4068],[32.8377,50.3751],[32.811,50.3757],[32.7879,50.3679],[32.7873,50.3616],[32.8013,50.3563],[32.7933,50.3467],[32.7697,50.3533],[32.7589,50.3505],[32.75,50.3596],[32.7304,50.3561],[32.6709,50.3584],[32.6721,50.3704],[32.6331,50.366],[32.6344,50.3572],[32.5853,50.3552],[32.5788,50.3589],[32.5621,50.3591],[32.5558,50.3549],[32.5278,50.3456],[32.5106,50.36],[32.4928,50.3646],[32.4854,50.3707],[32.4924,50.3769],[32.4938,50.395],[32.4839,50.4004],[32.477,50.3971],[32.4469,50.3981],[32.4016,50.4123],[32.3977,50.4065],[32.3677,50.4162],[32.3651,50.4257],[32.339,50.4276],[32.3213,50.4239],[32.3158,50.417],[32.326,50.403],[32.2952,50.3977],[32.2906,50.3797],[32.278,50.3802],[32.2785,50.3735],[32.252,50.3735],[32.2636,50.3601],[32.2549,50.3521],[32.2691,50.3517],[32.2539,50.3469],[32.2266,50.351],[32.2184,50.3576],[32.1427,50.3488],[32.1411,50.3541],[32.161,50.3686],[32.1548,50.3761],[32.1201,50.3797],[32.0959,50.3721],[32.0747,50.3749],[32.0841,50.3808],[32.0769,50.3926],[32.1019,50.4126],[32.0968,50.4161],[32.0566,50.3973],[32.0454,50.4024],[32.0387,50.4287],[32.0273,50.4354],[32.0206,50.4588],[31.9715,50.4671],[31.9694,50.4734],[31.9761,50.4795],[31.9655,50.4877],[31.9753,50.4895],[31.9826,50.4836],[31.9839,50.4947],[31.9964,50.4969],[32.007,50.4869],[32.0471,50.4962],[32.0637,50.5118],[32.0494,50.526],[32.0621,50.5294],[32.0634,50.5408],[32.0388,50.542],[31.9749,50.5402],[31.9551,50.5436],[31.9448,50.559],[31.9419,50.5708],[31.925,50.5837],[31.9188,50.5962],[31.8867,50.6098],[31.8837,50.608],[31.8736,50.6199],[31.8673,50.618],[31.8572,50.6319],[31.8104,50.6233],[31.8121,50.6068],[31.7833,50.6068],[31.7885,50.5798],[31.7767,50.5782],[31.7817,50.5598],[31.7284,50.5609],[31.6868,50.5636],[31.668,50.5488],[31.6621,50.5549],[31.646,50.5534],[31.6462,50.5339],[31.6397,50.525],[31.6294,50.5219],[31.5704,50.5277],[31.563,50.5191],[31.5396,50.523],[31.5226,50.5365],[31.5218,50.5221],[31.4933,50.5204],[31.4799,50.5151],[31.4554,50.5108],[31.4453,50.506],[31.4451,50.5004],[31.4181,50.5027],[31.4204,50.5075],[31.4126,50.5178],[31.3987,50.524],[31.3757,50.5283],[31.3701,50.5337],[31.3583,50.5303],[31.3483,50.5172],[31.3291,50.5006],[31.323,50.5104],[31.3193,50.5269],[31.2946,50.5336],[31.2702,50.5374],[31.2539,50.5438],[31.2591,50.5561],[31.2505,50.5562],[31.2457,50.5676],[31.2389,50.5701],[31.215,50.5703],[31.2149,50.5743],[31.188,50.5746],[31.1881,50.5895],[31.1649,50.5905],[31.1654,50.6081],[31.2219,50.6071],[31.2271,50.6138],[31.219,50.6201],[31.2271,50.6268],[31.2035,50.6378],[31.1993,50.6445],[31.2016,50.6537],[31.2224,50.6687],[31.2211,50.6839],[31.2167,50.6966],[31.2066,50.6966],[31.2065,50.7063],[31.1908,50.7022],[31.1899,50.7234],[31.1639,50.7245],[31.1659,50.7332],[31.149,50.7378],[31.1406,50.7468],[31.1216,50.75],[31.1268,50.7744],[31.1009,50.7788],[31.0753,50.781],[31.0695,50.7648],[31.04,50.7635],[31.031,50.7614],[31.0137,50.7655],[30.9764,50.7619],[30.9561,50.7634],[30.9507,50.757],[30.9334,50.7585],[30.9335,50.7632],[30.8922,50.7659],[30.8894,50.7737],[30.8778,50.7683],[30.8741,50.7565],[30.8753,50.7468],[30.8345,50.7449],[30.8289,50.7564],[30.8389,50.757],[30.8437,50.7646],[30.8551,50.772],[30.874,50.7777],[30.8652,50.78],[30.8441,50.7717],[30.835,50.7613],[30.8143,50.7683],[30.7953,50.7705],[30.7707,50.7788],[30.7587,50.7719],[30.7536,50.7759],[30.7407,50.7705],[30.7352,50.7834],[30.7448,50.7872],[30.7431,50.8064],[30.737,50.8077],[30.7316,50.8171],[30.7447,50.8193],[30.7549,50.8104],[30.7703,50.8174],[30.7647,50.8257],[30.7769,50.833],[30.7699,50.8497],[30.7763,50.8573],[30.7671,50.8718],[30.7717,50.8744],[30.7359,50.8878],[30.7341,50.8944],[30.7238,50.8943],[30.7149,50.8992],[30.6944,50.9029],[30.6842,50.9019],[30.6793,50.9089],[30.6572,50.9532],[30.6445,50.9639],[30.6483,50.9855],[30.6419,51.0025],[30.6242,51.0099],[30.6032,51.0096],[30.6008,51.0275],[30.5003,51.0222],[30.5017,51.029],[30.4931,51.0492],[30.5064,51.0616],[30.5082,51.0764],[30.4857,51.0897],[30.4848,51.0935],[30.4998,51.1007],[30.5113,51.1016],[30.5172,51.1113],[30.5121,51.1192],[30.495,51.1322],[30.49,51.1452],[30.4905,51.1651],[30.4982,51.1746],[30.5079,51.1763],[30.5226,51.1735],[30.5406,51.1783],[30.5364,51.1841],[30.5171,51.1882],[30.5307,51.2021],[30.5062,51.2247],[30.506,51.2283],[30.5214,51.2354],[30.5321,51.2361],[30.5489,51.2296],[30.5584,51.2326],[30.5613,51.2392],[30.5556,51.249],[30.5563,51.2614],[30.5674,51.2576],[30.5746,51.2723],[30.5943,51.281],[30.6095,51.2811],[30.618,51.2881],[30.6165,51.2981],[30.5998,51.3027],[30.6142,51.306],[30.5947,51.3104],[30.6105,51.3175],[30.6342,51.3332],[30.6483,51.3333],[30.6566,51.3425],[30.6491,51.3518],[30.635,51.3589],[30.6382,51.3656],[30.6557,51.3762],[30.632,51.4076],[30.6198,51.4301],[30.6097,51.4305],[30.6025,51.4247],[30.5877,51.4279],[30.584,51.4392],[30.586,51.4518],[30.6026,51.459],[30.6124,51.4574],[30.6223,51.461],[30.6191,51.4716],[30.5973,51.4743],[30.5887,51.4847],[30.5897,51.502],[30.5854,51.5094],[30.5687,51.519],[30.5867,51.5427],[30.5816,51.5495],[30.5708,51.552],[30.5631,51.5481],[30.5425,51.5518],[30.5299,51.5618],[30.5281,51.5702],[30.5351,51.5745],[30.5493,51.5724],[30.5514,51.5811],[30.5281,51.5893],[30.5151,51.5963],[30.5151,51.6037],[30.5339,51.6044],[30.5327,51.6137],[30.559,51.6266],[30.5499,51.6372],[30.5596,51.6437],[30.5729,51.6424],[30.5808,51.6481],[30.5735,51.6602],[30.579,51.6762],[30.5703,51.6999],[30.5828,51.7023],[30.6138,51.7029],[30.625,51.7061],[30.6306,51.7156],[30.6351,51.7397],[30.6506,51.7527],[30.6498,51.7628],[30.6416,51.7649],[30.6233,51.7597],[30.6182,51.7613],[30.6305,51.77],[30.6528,51.7791],[30.6706,51.7905],[30.6723,51.7993],[30.6623,51.8156],[30.6673,51.8216],[30.6906,51.8252],[30.6992,51.8431],[30.6994,51.8519],[30.714,51.867],[30.7345,51.8737],[30.7378,51.8916],[30.7497,51.8996],[30.7935,51.8972],[30.8026,51.8991],[30.8043,51.9055],[30.8241,51.9191],[30.8236,51.9255],[30.8096,51.9407],[30.8314,51.9459],[30.858,51.9576],[30.8717,51.9672],[30.8879,51.9684],[30.8904,51.975],[30.884,51.9811],[30.8888,51.9863],[30.9015,51.9842],[30.9103,51.9915],[30.8928,51.9963],[30.9028,52.0],[30.9152,51.9926],[30.9412,51.9938],[30.9501,52.0068],[30.9399,52.021],[30.9451,52.025],[30.9336,52.0376],[30.9485,52.0553],[30.937,52.0633],[30.9344,52.0697],[30.9593,52.0747],[31.0963,52.0796],[31.1348,52.0767],[31.1592,52.0681],[31.2049,52.0439],[31.229,52.0382],[31.2975,52.0516],[31.3213,52.0829],[31.3111,52.0869],[31.3206,52.0903],[31.3264,52.1031],[31.3831,52.1175],[31.4749,52.1178],[31.6499,52.0968],[31.7339,52.0996],[31.7977,52.1025],[31.8227,52.0987],[31.8314,52.1033],[31.8587,52.0999],[31.8821,52.0864],[31.8875,52.07],[31.8877,52.0516],[31.892,52.0362],[31.9104,52.0291],[31.9272,52.0311],[31.9806,52.0476],[32.0197,52.0493],[32.0407,52.0411],[32.0659,52.0347],[32.0963,52.0336],[32.0964,52.041],[32.1118,52.0455],[32.134,52.0434],[32.1318,52.0513],[32.2333,52.0809],[32.2542,52.0911],[32.2907,52.103],[32.2983,52.1113],[32.2935,52.1183],[32.3165,52.121],[32.3203,52.1362],[32.3298,52.1325],[32.3349,52.1404],[32.3601,52.1399],[32.3684,52.1477],[32.3652,52.1553],[32.3313,52.1557],[32.3263,52.1499],[32.3285,52.1649],[32.3384,52.1729],[32.3402,52.181],[32.3469,52.1825],[32.3456,52.1929],[32.3306,52.2028],[32.3253,52.2136],[32.3379,52.2255],[32.3613,52.2359],[32.3633,52.2399],[32.3812,52.24],[32.4017,52.2482],[32.3905,52.253],[32.3829,52.2697],[32.3949,52.2782],[32.3703,52.275],[32.3636,52.3006],[32.3519,52.3162],[32.3536,52.3216],[32.3943,52.3268],[32.4806,52.3071],[32.5284,52.3162],[32.6858,52.265],[32.6896,52.2557],[32.7001,52.2549],[32.7006,52.2479],[32.7132,52.2561],[32.7254,52.2521],[32.7556,52.2524],[32.8105,52.2613],[32.8442,52.2623],[32.861,52.2572],[32.8908,52.2423],[32.909,52.2411],[32.9269,52.2469],[32.9751,52.2734],[32.9957,52.2719],[32.9976,52.2858],[33.0184,52.2932],[33.0238,52.2999],[33.0482,52.3091],[33.0573,52.3086],[33.067,52.3026],[33.0796,52.3056],[33.1075,52.3267],[33.128,52.3327],[33.1451,52.3436],[33.1537,52.3391],[33.1696,52.3408],[33.1723,52.3626],[33.1965,52.3689],[33.2863,52.3583],[33.3064,52.3501],[33.3136,52.3549],[33.3369,52.3516],[33.3512,52.3531],[33.3539,52.3574],[33.3762,52.3553],[33.4037,52.343],[33.4237,52.3385],[33.4147,52.3253],[33.4043,52.3218],[33.4009,52.3134],[33.3874,52.3162],[33.3881,52.3109],[33.398,52.3094],[33.3997,52.2992],[33.3941,52.302],[33.387,52.2966],[33.3933,52.2905],[33.3855,52.2891],[33.3864,52.2798],[33.3804,52.2711],[33.3869,52.2709],[33.3725,52.2579],[33.3581,52.2584],[33.3623,52.2381],[33.3664,52.2332],[33.3569,52.2284],[33.3526,52.2206],[33.3438,52.2211],[33.3289,52.2155],[33.325,52.2215],[33.3149,52.2153],[33.3248,52.2124],[33.3304,52.1978],[33.3111,52.1883],[33.3187,52.1806],[33.3163,52.1758],[33.337,52.1622],[33.3373,52.1547],[33.328,52.1547],[33.3227,52.1357],[33.3429,52.135],[33.3294,52.1397],[33.3444,52.145],[33.4168,52.1229],[33.4101,52.1158],[33.4342,52.109],[33.4449,52.0974],[33.4384,52.0879],[33.4526,52.0894],[33.4907,52.0829],[33.5004,52.0885],[33.5,52.0383],[33.4647,52.0386],[33.4386,52.0325],[33.4287,52.0257],[33.4106,52.0336],[33.4021,52.0514],[33.3909,52.0502],[33.3639,52.0388],[33.355,52.0306],[33.3456,52.0293],[33.3172,52.0319],[33.3132,52.0257],[33.318,52.0175],[33.306,52.0175],[33.3045,52.0128],[33.3368,52.0064],[33.3489,51.9988],[33.3502,51.9838],[33.3725,51.9779],[33.3717,51.9713],[33.3841,51.9718],[33.3963,51.9599],[33.3931,51.9539],[33.3714,51.9529],[33.3704,51.9456],[33.3601,51.9459],[33.3525,51.9301],[33.3312,51.9296],[33.3158,51.9368],[33.2965,51.9345],[33.2916,51.9239],[33.2729,51.9231],[33.2619,51.9198],[33.2545,51.9261],[33.2299,51.9088],[33.2226,51.9133],[33.2181,51.9051],[33.2107,51.913],[33.2012,51.9101],[33.1877,51.9125],[33.1829,51.9031],[33.1757,51.9055],[33.1815,51.8896],[33.172,51.882],[33.1425,51.8765],[33.1339,51.8714],[33.1348,51.8631],[33.1242,51.8647],[33.1315,51.8558],[33.1248,51.8547],[33.1304,51.8338],[33.1404,51.8333],[33.1468,51.8162],[33.1343,51.816],[33.1222,51.8105],[33.1088,51.7926],[33.1008,51.789],[33.1024,51.7821],[33.0917,51.7855],[33.0785,51.7758],[33.0857,51.7694],[33.092,51.7746],[33.0936,51.7598],[33.1034,51.7462],[33.1127,51.7396],[33.1403,51.7255],[33.1346,51.7222],[33.1472,51.715],[33.1571,51.7022],[33.1707,51.6985],[33.1561,51.689],[33.1439,51.6911],[33.1457,51.6849],[33.1652,51.6824],[33.1639,51.6786],[33.142,51.6788],[33.1471,51.6694],[33.125,51.6503],[33.1286,51.6419],[33.1384,51.6399],[33.1545,51.6417],[33.1544,51.6089],[33.1771,51.5975],[33.192,51.5835],[33.2162,51.582],[33.2073,51.5702],[33.192,51.5728],[33.1585,51.5694],[33.1572,51.5559],[33.1703,51.5535],[33.1669,51.5438],[33.1822,51.5398],[33.1935,51.523],[33.1918,51.5064],[33.1778,51.5073],[33.1741,51.5004],[33.1601,51.495],[33.1373,51.4955],[33.1308,51.4788],[33.1359,51.4669],[33.1245,51.4606],[33.113,51.4284],[33.1347,51.4167],[33.1196,51.4015],[33.1354,51.3996],[33.1334,51.3834],[33.1181,51.3828],[33.1086,51.3894],[33.0905,51.3876],[33.1104,51.3805],[33.1059,51.3769],[33.1119,51.3699],[33.1066,51.3656],[33.0601,51.3713],[33.0585,51.3841],[33.0436,51.3865],[33.0397,51.3961],[33.0522,51.3968],[33.0565,51.4043],[33.0458,51.4104],[33.045,51.4039],[33.017,51.396],[33.0346,51.3707],[33.0405,51.3684],[33.0355,51.3595],[33.0364,51.3499],[33.045,51.3417],[33.0621,51.3463],[33.0782,51.3402],[33.0698,51.3285],[33.079,51.3222],[33.0692,51.3113],[33.0547,51.3031],[33.0447,51.3017],[33.0598,51.2963],[33.0448,51.2964],[33.043,51.2887],[33.064,51.2918],[33.0599,51.2873],[33.0762,51.2904],[33.0728,51.2752],[33.0585,51.2659],[33.061,51.2579],[33.0723,51.2563],[33.0297,51.227],[33.04,51.2188],[33.0419,51.2052],[33.0306,51.2041],[33.0314,51.1993],[32.9901,51.1973],[32.9778,51.1882],[32.9867,51.1842],[32.9605,51.1628],[32.9934,51.1438],[32.9788,51.1267],[32.9437,51.0908],[32.9564,51.0855],[32.963,51.0899],[32.9723,51.0877],[33.0402,51.0812],[33.0378,51.0714],[33.0685,51.0689],[33.0706,51.0623],[33.0597,51.0489],[33.0829,51.0373],[33.073,51.0318],[33.0589,51.0164],[33.0506,51.012],[33.0376,50.9938],[33.0784,50.9816],[33.077,50.992],[33.1171,51.007],[33.1258,51.0012],[33.1199,50.9982],[33.1382,50.9698],[33.137,50.9631],[33.1825,50.9592],[33.2003,50.9624],[33.2007,50.9332],[33.1981,50.9178],[33.2097,50.9036],[33.2031,50.8979],[33.208,50.8935],[33.1968,50.8908],[33.1805,50.8952],[33.1698,50.8849],[33.1696,50.8761],[33.1801,50.8666],[33.1743,50.8658],[33.1692,50.8511],[33.1856,50.8492],[33.1737,50.8435],[33.155,50.8229],[33.1662,50.8162],[33.1652,50.7908],[33.1549,50.7925],[33.1723,50.769],[33.1896,50.7505],[33.1897,50.7458],[33.2081,50.7469],[33.212,50.7361],[33.2317,50.7381],[33.2387,50.7315],[33.2129,50.7282],[33.213,50.7215],[33.2011,50.7232],[33.1568,50.7143],[33.1545,50.7093],[33.1363,50.7106],[33.1511,50.6941],[33.1468,50.6546],[33.1393,50.6486],[33.1185,50.6483],[33.1215,50.6399],[33.1106,50.6111],[33.1032,50.6023],[33.1203,50.5997],[33.1182,50.5922],[33.1027,50.5929],[33.0935,50.5852],[33.0979,50.5808],[33.0823,50.5698],[33.0764,50.5582],[33.0498,50.5404],[33.0662,50.5199],[33.0596,50.5181]],[[30.7361,51.5409],[30.7357,51.5487],[30.704,51.5538],[30.7053,51.5302],[30.6715,51.5309],[30.6517,51.5237],[30.6585,51.5186],[30.6712,51.522],[30.6988,51.5221],[30.7822,51.512],[30.7854,51.5388],[30.7361,51.5409]]]}},{"type":"Feature","properties":{"id":"chernivtsi","nameUk":"Чернівецька область","nameEn":"Chernivtsi Oblast"},"geometry":{"type":"Polygon","coordinates":[[[24.9208,47.7326],[24.9281,47.7521],[24.9354,47.7599],[24.9466,47.7941],[24.9561,47.8004],[24.9654,47.8156],[24.9737,47.8208],[24.9828,47.8327],[24.9955,47.8558],[24.9811,47.8601],[24.987,47.8653],[24.9749,47.8709],[24.9723,47.8762],[24.9565,47.8792],[24.9567,47.8862],[24.9494,47.8894],[24.9448,47.899],[24.9579,47.907],[24.9569,47.9201],[24.9467,47.922],[24.9432,47.9307],[24.9255,47.9382],[24.9194,47.9464],[24.9213,47.9533],[24.9151,47.9681],[24.9088,47.9974],[24.9205,48.0096],[24.9133,48.0127],[24.9116,48.0272],[24.937,48.0413],[24.9392,48.0482],[24.959,48.0605],[24.97,48.0718],[24.9867,48.0785],[24.9956,48.0927],[24.9892,48.0946],[24.9807,48.1124],[24.9921,48.1196],[25.0038,48.1198],[25.0109,48.1146],[25.0298,48.1099],[25.0396,48.1142],[25.0362,48.1223],[25.0437,48.1295],[25.0643,48.1304],[25.072,48.1454],[25.066,48.1575],[25.0879,48.1596],[25.093,48.1641],[25.0836,48.1728],[25.0885,48.1814],[25.1,48.1858],[25.1161,48.1838],[25.1295,48.1776],[25.1392,48.1832],[25.1387,48.1955],[25.1154,48.2081],[25.1199,48.2159],[25.11,48.2258],[25.1508,48.2479],[25.1765,48.2453],[25.1956,48.2574],[25.2299,48.2918],[25.2459,48.3148],[25.2577,48.3161],[25.2608,48.3242],[25.2758,48.3306],[25.2825,48.3436],[25.2948,48.3466],[25.3116,48.3674],[25.3445,48.3762],[25.3631,48.3856],[25.3817,48.3898],[25.3891,48.3876],[25.3985,48.394],[25.4149,48.3925],[25.433,48.3959],[25.441,48.4019],[25.4538,48.4031],[25.4748,48.3987],[25.5063,48.4004],[25.5207,48.3988],[25.5355,48.3878],[25.5482,48.3818],[25.5613,48.3826],[25.5714,48.3792],[25.6032,48.3776],[25.6209,48.3799],[25.6162,48.3932],[25.6201,48.4088],[25.6148,48.4125],[25.6037,48.41],[25.6105,48.4287],[25.6024,48.4463],[25.6071,48.4529],[25.6067,48.4635],[25.5976,48.4752],[25.6013,48.4903],[25.5983,48.5005],[25.6051,48.5142],[25.608,48.5371],[25.5989,48.5414],[25.6031,48.5524],[25.5979,48.5581],[25.6031,48.5695],[25.5868,48.5893],[25.5889,48.6236],[25.5854,48.635],[25.607,48.6534],[25.6221,48.6602],[25.628,48.6727],[25.652,48.6674],[25.6806,48.6645],[25.7032,48.6645],[25.7127,48.6621],[25.7214,48.6546],[25.7264,48.6382],[25.7414,48.6335],[25.7466,48.6473],[25.7609,48.6664],[25.7776,48.6752],[25.802,48.6696],[25.8199,48.6532],[25.8406,48.6301],[25.8522,48.6226],[25.8564,48.6154],[25.8478,48.5985],[25.8581,48.5968],[25.8737,48.5999],[25.899,48.5891],[25.9144,48.5868],[25.9338,48.591],[25.9687,48.6184],[25.9854,48.6202],[26.0086,48.6108],[26.022,48.6109],[26.0299,48.6227],[26.0293,48.6383],[26.0343,48.6462],[26.0456,48.6491],[26.0563,48.6457],[26.0621,48.637],[26.0584,48.6221],[26.0651,48.6052],[26.0443,48.5853],[26.0583,48.5699],[26.0791,48.5575],[26.0895,48.5404],[26.1053,48.539],[26.1229,48.548],[26.1271,48.5544],[26.1216,48.5713],[26.1061,48.5805],[26.1037,48.5917],[26.0959,48.5995],[26.0978,48.6107],[26.1051,48.6174],[26.1183,48.62],[26.1244,48.6175],[26.1446,48.5982],[26.1425,48.5712],[26.1473,48.5451],[26.1534,48.5367],[26.1687,48.5283],[26.1996,48.5258],[26.2311,48.5315],[26.2678,48.54],[26.281,48.5348],[26.2942,48.5141],[26.3077,48.5089],[26.3227,48.5168],[26.3549,48.5075],[26.3679,48.5128],[26.384,48.5304],[26.3921,48.5349],[26.4102,48.5373],[26.4312,48.5351],[26.4433,48.5386],[26.472,48.5468],[26.4851,48.5465],[26.4943,48.5404],[26.5054,48.5187],[26.5365,48.4858],[26.5515,48.4653],[26.5665,48.4551],[26.5963,48.4512],[26.619,48.4555],[26.6258,48.469],[26.6089,48.4939],[26.6104,48.5056],[26.6296,48.5076],[26.6484,48.4953],[26.6662,48.4877],[26.6939,48.4865],[26.7083,48.4896],[26.7139,48.4974],[26.7111,48.5042],[26.6883,48.5188],[26.6794,48.5289],[26.6787,48.5361],[26.6654,48.5412],[26.6308,48.5361],[26.6202,48.5401],[26.618,48.5488],[26.6319,48.5589],[26.6545,48.561],[26.6657,48.5588],[26.7088,48.5335],[26.7207,48.5316],[26.739,48.5387],[26.7433,48.5573],[26.7371,48.5675],[26.7241,48.574],[26.7212,48.5847],[26.7289,48.5874],[26.7481,48.5795],[26.7567,48.5553],[26.761,48.5504],[26.7784,48.547],[26.7899,48.5547],[26.7938,48.5715],[26.7793,48.5883],[26.7834,48.6002],[26.8057,48.61],[26.8174,48.6097],[26.8262,48.6012],[26.8223,48.5803],[26.8396,48.5604],[26.8532,48.5503],[26.8745,48.5426],[26.8884,48.5432],[26.9021,48.5502],[26.9213,48.5721],[26.9396,48.5766],[26.9644,48.5761],[26.9885,48.5901],[26.9955,48.5884],[26.9988,48.5707],[27.0313,48.5649],[27.0496,48.5657],[27.0899,48.5569],[27.1094,48.5564],[27.1352,48.5666],[27.1422,48.5759],[27.1608,48.5852],[27.1868,48.5831],[27.2185,48.566],[27.2304,48.5635],[27.2481,48.5651],[27.2658,48.5776],[27.2653,48.5863],[27.2495,48.6015],[27.2362,48.6054],[27.2327,48.6107],[27.2546,48.6271],[27.2774,48.6266],[27.2881,48.6222],[27.3042,48.6044],[27.3125,48.6],[27.33,48.6006],[27.3448,48.6051],[27.3549,48.6316],[27.373,48.6306],[27.4204,48.6146],[27.4517,48.5965],[27.4615,48.5837],[27.4738,48.5596],[27.4824,48.5367],[27.4831,48.5261],[27.4786,48.5068],[27.4979,48.4839],[27.5157,48.4724],[27.5038,48.4724],[27.4867,48.4567],[27.4653,48.4473],[27.4641,48.4419],[27.4202,48.4171],[27.4035,48.4115],[27.3898,48.415],[27.3745,48.4246],[27.3732,48.4417],[27.3533,48.4491],[27.3518,48.4406],[27.3387,48.4479],[27.3373,48.441],[27.3197,48.4436],[27.3126,48.4259],[27.306,48.4237],[27.2484,48.3754],[27.236,48.3729],[27.213,48.3911],[27.2003,48.389],[27.1923,48.3949],[27.168,48.3808],[27.1391,48.3745],[27.1236,48.3792],[27.1069,48.3966],[27.0872,48.4132],[27.0849,48.4347],[27.0704,48.4327],[27.0642,48.422],[27.0514,48.4254],[27.0373,48.4235],[27.0299,48.4271],[27.0144,48.4251],[27.0136,48.4204],[27.0263,48.418],[27.0401,48.4107],[27.0455,48.3981],[27.0263,48.3971],[27.0278,48.3826],[27.0148,48.3821],[27.0012,48.3774],[27.0023,48.364],[26.9882,48.3607],[26.931,48.3716],[26.9317,48.3633],[26.8946,48.3835],[26.902,48.3968],[26.8823,48.4156],[26.873,48.4194],[26.8513,48.4132],[26.7881,48.4193],[26.775,48.4184],[26.7682,48.4072],[26.7543,48.3993],[26.7254,48.4117],[26.7092,48.4053],[26.7399,48.3794],[26.7652,48.3536],[26.7821,48.3491],[26.7894,48.3259],[26.7901,48.3071],[26.7862,48.2956],[26.7669,48.3024],[26.7578,48.3227],[26.7402,48.3134],[26.7297,48.3257],[26.7031,48.3496],[26.6914,48.3634],[26.6801,48.3589],[26.6908,48.3449],[26.6959,48.3272],[26.6798,48.3302],[26.6715,48.3152],[26.6483,48.3048],[26.6502,48.3008],[26.6361,48.2949],[26.6163,48.2742],[26.62,48.2704],[26.6179,48.259],[26.5874,48.2494],[26.4447,48.2277],[26.3974,48.2262],[26.3805,48.2232],[26.3473,48.2121],[26.3303,48.2085],[26.3035,48.212],[26.2962,48.179],[26.2975,48.1563],[26.287,48.1247],[26.2707,48.0936],[26.2553,48.0723],[26.2141,48.0526],[26.1827,48.0033],[26.1731,47.9931],[26.1371,47.9842],[26.1266,47.9877],[26.1178,47.9822],[26.1003,47.9784],[26.061,47.9881],[25.9796,47.9758],[25.9522,47.9709],[25.9406,47.9758],[25.915,47.9775],[25.9089,47.967],[25.8876,47.9619],[25.8612,47.9704],[25.8264,47.9638],[25.8184,47.954],[25.7711,47.9397],[25.7385,47.9416],[25.7336,47.9458],[25.7087,47.9416],[25.6985,47.9457],[25.6857,47.9441],[25.6624,47.9488],[25.6257,47.9486],[25.5923,47.9384],[25.5063,47.9332],[25.3468,47.9158],[25.3407,47.9141],[25.3111,47.9143],[25.2848,47.9003],[25.2617,47.8986],[25.2532,47.8946],[25.2369,47.8957],[25.229,47.8919],[25.219,47.8785],[25.1266,47.7755],[25.1161,47.7665],[25.0842,47.7457],[25.0629,47.7405],[25.0547,47.746],[25.0442,47.7324],[25.03,47.7283],[25.0075,47.7342],[24.9953,47.725],[24.9826,47.7294],[24.9471,47.7292],[24.9225,47.7263],[24.9208,47.7326]]]}},{"type":"Feature","properties":{"id":"crimea","nameUk":"Автономна Республіка Крим","nameEn":"Autonomous Republic of Crimea"},"geometry":{"type":"Polygon","coordinates":[[[35.0444,45.6701],[35.3322,45.3712],[35.4807,45.2978],[35.5178,45.2955],[35.695,45.3304],[35.716,45.3406],[35.7433,45.3611],[35.7529,45.3864],[35.7727,45.3923],[35.7918,45.4123],[35.7949,45.4306],[35.804,45.4492],[35.8171,45.4641],[35.8333,45.4709],[35.8577,45.4694],[35.86,45.4595],[35.8522,45.4442],[35.8469,45.4263],[35.854,45.414],[35.8711,45.4041],[35.9466,45.3721],[35.986,45.3627],[36.0223,45.3681],[36.0518,45.3952],[36.0689,45.43],[36.0964,45.442],[36.1179,45.4571],[36.1375,45.4621],[36.2525,45.4615],[36.2678,45.4672],[36.284,45.4766],[36.3,45.4733],[36.3074,45.4609],[36.2988,45.443],[36.3117,45.4435],[36.3298,45.4543],[36.3405,45.4573],[36.3596,45.4545],[36.3914,45.4396],[36.4118,45.4362],[36.4706,45.4458],[36.4906,45.443],[36.5159,45.4197],[36.533,45.4089],[36.5486,45.4123],[36.5667,45.4252],[36.5833,45.4274],[36.5988,45.4212],[36.6135,45.4089],[36.6311,45.3747],[36.6384,45.3513],[36.6309,45.3406],[36.5983,45.3343],[36.5749,45.3361],[36.5452,45.3474],[36.5218,45.3499],[36.5025,45.3469],[36.4893,45.3363],[36.4844,45.3164],[36.4972,45.3007],[36.4821,45.2888],[36.4504,45.2853],[36.4373,45.272],[36.426,45.2515],[36.418,45.2299],[36.4094,45.1711],[36.4089,45.1495],[36.4148,45.1284],[36.4422,45.1065],[36.4553,45.0916],[36.4534,45.0765],[36.4401,45.0675],[36.3678,45.0488],[36.2785,45.0458],[36.2578,45.039],[36.2443,45.011],[36.2246,45.0075],[36.136,45.0214],[36.0791,45.0464],[36.0791,45.039],[36.0479,45.0488],[36.0254,45.0329],[36.0085,45.0098],[35.9934,44.998],[35.9168,45.0014],[35.848,44.9924],[35.8278,44.9992],[35.813,45.0316],[35.7832,45.0575],[35.7712,45.0656],[35.7064,45.0947],[35.634,45.1147],[35.5906,45.1199],[35.5474,45.1197],[35.5062,45.1135],[35.4696,45.101],[35.4168,45.0709],[35.4081,45.0625],[35.4055,45.051],[35.3973,45.0351],[35.4065,45.0201],[35.4354,45.011],[35.4354,45.0048],[35.4221,45.0004],[35.3894,45.0019],[35.374,44.998],[35.3622,44.9866],[35.3606,44.9736],[35.3672,44.9433],[35.3193,44.97],[35.2982,44.9564],[35.2732,44.967],[35.256,44.9587],[35.2332,44.9257],[35.2151,44.9144],[35.1719,44.9072],[35.1543,44.9011],[35.1297,44.8686],[35.1084,44.8249],[35.0808,44.7938],[35.0376,44.7988],[35.0178,44.8232],[35.0057,44.8352],[34.986,44.8403],[34.9525,44.8415],[34.9302,44.8361],[34.9079,44.8205],[34.8899,44.8181],[34.8572,44.8237],[34.8265,44.8118],[34.757,44.8205],[34.721,44.811],[34.6506,44.7773],[34.613,44.7652],[34.5332,44.7529],[34.5,44.7426],[34.4753,44.7236],[34.469,44.7298],[34.4143,44.6738],[34.3802,44.6313],[34.3412,44.5585],[34.3313,44.5455],[34.3228,44.5435],[34.2754,44.5464],[34.2661,44.5419],[34.2635,44.5319],[34.2429,44.5075],[34.2298,44.4999],[34.1825,44.4928],[34.1701,44.4816],[34.1475,44.4499],[34.1365,44.442],[34.1026,44.4251],[34.0658,44.4196],[33.9579,44.383],[33.9378,44.381],[33.9149,44.3838],[33.8521,44.4015],[33.8396,44.4012],[33.8076,44.3947],[33.7412,44.3959],[33.721,44.3996],[33.6454,44.4251],[33.6317,44.4343],[33.6262,44.453],[33.6201,44.4622],[33.59,44.4901],[33.5784,44.4971],[33.5604,44.4963],[33.5391,44.4916],[33.5176,44.4905],[33.4872,44.5103],[33.3796,44.5645],[33.3723,44.5765],[33.375,44.5854],[33.4054,44.5902],[33.4359,44.6053],[33.445,44.6069],[33.4774,44.6066],[33.5,44.6139],[33.5511,44.6147],[33.5715,44.6206],[33.5578,44.6243],[33.5252,44.6289],[33.5163,44.6343],[33.5148,44.6491],[33.5236,44.6614],[33.5442,44.6827],[33.5484,44.6987],[33.5467,44.7095],[33.5368,44.7298],[33.5252,44.7724],[33.5163,44.7851],[33.5305,44.7988],[33.5374,44.819],[33.5461,44.8369],[33.5596,44.8498],[33.5983,44.8593],[33.6092,44.8717],[33.6161,44.8891],[33.6199,44.9086],[33.6196,44.9315],[33.6028,44.9934],[33.5852,45.0185],[33.5818,45.0275],[33.5784,45.0532],[33.5625,45.0939],[33.5374,45.1174],[33.4691,45.1488],[33.4134,45.1845],[33.3965,45.1898],[33.3552,45.1857],[33.3176,45.1755],[33.2826,45.1605],[33.2596,45.1561],[33.2494,45.1656],[33.2401,45.1796],[33.2185,45.1874],[33.1736,45.1966],[33.1584,45.2068],[33.1233,45.2379],[33.0985,45.2481],[33.0786,45.2717],[33.0432,45.2853],[32.9766,45.3257],[32.9406,45.3425],[32.8993,45.3542],[32.7502,45.3633],[32.7285,45.3611],[32.7127,45.3532],[32.6774,45.326],[32.6631,45.3201],[32.5915,45.3201],[32.5702,45.3252],[32.5354,45.338],[32.5129,45.3406],[32.4859,45.3949],[32.4816,45.4089],[32.4951,45.4355],[32.5252,45.4582],[32.6436,45.5217],[32.6631,45.5256],[32.6862,45.527],[32.7048,45.5311],[32.7347,45.5454],[32.7578,45.5646],[32.773,45.5666],[32.814,45.5591],[32.8279,45.5624],[32.8298,45.5702],[32.8249,45.587],[32.827,45.5955],[32.8377,45.6081],[32.8682,45.6301],[32.9368,45.6625],[33.1634,45.7363],[33.1761,45.7431],[33.181,45.7552],[33.1592,45.7685],[33.1607,45.7788],[33.1692,45.7844],[33.1786,45.7803],[33.1948,45.7651],[33.2302,45.7509],[33.2654,45.7538],[33.3381,45.7856],[33.3743,45.7965],[33.3796,45.803],[33.41,45.8266],[33.425,45.831],[33.467,45.8501],[33.4822,45.8545],[33.5077,45.843],[33.5199,45.8409],[33.5542,45.8471],[33.5784,45.8682],[33.5986,45.8774],[33.6199,45.8818],[33.6416,45.876],[33.6506,45.8707],[33.6589,45.8593],[33.6917,45.8607],[33.6931,45.8725],[33.6911,45.8962],[33.6935,45.9145],[33.7087,45.9097],[33.7253,45.9161],[33.7595,45.9223],[33.777,45.9296],[33.7586,45.9409],[33.7396,45.9478],[33.6825,45.9584],[33.6572,45.9569],[33.6458,45.9536],[33.632,45.9444],[33.6199,45.9508],[33.6384,45.9682],[33.6468,45.9797],[33.632,45.9883],[33.6311,45.9965],[33.6436,46.015],[33.6296,46.0566],[33.6279,46.0678],[33.6484,46.09],[33.6436,46.1047],[33.6202,46.1362],[33.6413,46.1424],[33.6356,46.1463],[33.6152,46.2262],[33.6459,46.2302],[33.6655,46.2213],[33.6855,46.2064],[33.6996,46.2029],[33.7358,46.1861],[33.7503,46.1877],[33.7726,46.1976],[33.7969,46.203],[33.8113,46.2038],[33.8487,46.1997],[33.8613,46.1945],[33.9051,46.1654],[33.9185,46.1583],[33.9847,46.1347],[33.9982,46.1265],[34.0526,46.1091],[34.0695,46.1167],[34.0809,46.1176],[34.1175,46.1073],[34.1359,46.0967],[34.145,46.0867],[34.178,46.0696],[34.1884,46.0661],[34.2478,46.0532],[34.3295,46.0606],[34.3472,46.0549],[34.405,46.0093],[34.4132,45.9897],[34.443,45.9618],[34.4663,45.9475],[34.4815,45.943],[34.5025,45.9438],[34.5218,45.9547],[34.5444,45.9761],[34.5542,45.9905],[34.5612,45.9944],[34.5852,45.9956],[34.6061,45.9931],[34.6285,45.9864],[34.6699,45.9676],[34.7545,45.9086],[34.8022,45.9006],[34.7991,45.8105],[34.8643,45.7941],[34.8926,45.7845],[34.9454,45.764],[34.9598,45.7566],[34.9778,45.7623],[35.0444,45.6701]]]}},{"type":"Feature","properties":{"id":"dnipropetrovsk","nameUk":"Дніпропетровська область","nameEn":"Dnipropetrovsk Oblast"},"geometry":{"type":"Polygon","coordinates":[[[33.095,47.5971],[32.9614,47.5899],[32.9597,47.5962],[32.9808,47.6063],[32.9907,47.6072],[32.9894,47.616],[33.0075,47.6159],[33.0117,47.6259],[33.0002,47.6215],[32.9942,47.6302],[32.9723,47.7227],[33.0085,47.7265],[33.0075,47.732],[33.0721,47.7389],[33.0669,47.7617],[33.0551,47.76],[33.0499,47.7818],[33.0662,47.7836],[33.06,47.8006],[33.0618,47.8044],[33.0549,47.8318],[33.0606,47.8326],[33.0608,47.859],[33.0752,47.8605],[33.0699,47.8825],[33.0861,47.886],[33.0784,47.9205],[33.014,47.9104],[33.0041,47.9132],[32.9928,47.9349],[33.0076,47.9367],[33.0018,47.9664],[32.9952,47.9674],[32.9945,47.9844],[33.0045,47.9891],[33.0193,47.9849],[33.0265,48.0046],[33.0219,48.0133],[33.0357,48.0172],[33.0317,48.0309],[33.0366,48.0335],[33.1092,48.0425],[33.104,48.0476],[33.106,48.0649],[33.1157,48.0609],[33.1433,48.0638],[33.148,48.0416],[33.1537,48.0421],[33.1486,48.0675],[33.1418,48.0765],[33.1544,48.0781],[33.1538,48.0836],[33.1725,48.0868],[33.2249,48.0923],[33.222,48.1058],[33.2367,48.1074],[33.2354,48.1133],[33.2201,48.1149],[33.2216,48.1077],[33.1848,48.1047],[33.1818,48.1183],[33.2182,48.122],[33.2322,48.1272],[33.2272,48.1493],[33.2172,48.1484],[33.2127,48.1699],[33.2429,48.1725],[33.2472,48.1516],[33.2718,48.1537],[33.2757,48.1386],[33.272,48.1381],[33.277,48.1033],[33.2934,48.102],[33.3017,48.1186],[33.316,48.1179],[33.3143,48.129],[33.3069,48.1278],[33.2908,48.1498],[33.3165,48.1522],[33.3155,48.1578],[33.3564,48.1589],[33.3599,48.1633],[33.3751,48.1622],[33.3803,48.1653],[33.432,48.1706],[33.4301,48.1887],[33.4788,48.1945],[33.4775,48.1999],[33.4962,48.2021],[33.4975,48.2111],[33.4913,48.208],[33.4848,48.2143],[33.4983,48.2169],[33.5007,48.2319],[33.5129,48.2305],[33.5107,48.2189],[33.5231,48.221],[33.546,48.2349],[33.5396,48.2528],[33.5351,48.2522],[33.5297,48.2757],[33.5138,48.2773],[33.5179,48.2846],[33.5097,48.2918],[33.5175,48.329],[33.5064,48.3327],[33.4776,48.3286],[33.4733,48.3302],[33.4782,48.3493],[33.4618,48.3495],[33.4597,48.3576],[33.4732,48.3676],[33.4679,48.3704],[33.4685,48.3882],[33.4845,48.3881],[33.4849,48.3931],[33.4971,48.3937],[33.4949,48.4049],[33.4864,48.4045],[33.489,48.4403],[33.4695,48.5337],[33.4798,48.5362],[33.4725,48.5449],[33.4842,48.5476],[33.4819,48.5579],[33.5033,48.5604],[33.5116,48.5589],[33.5095,48.5681],[33.585,48.5763],[33.5903,48.5596],[33.6232,48.5665],[33.6093,48.5995],[33.6259,48.6022],[33.6265,48.5977],[33.6501,48.5998],[33.6517,48.5919],[33.6614,48.5862],[33.7005,48.6058],[33.722,48.6137],[33.7422,48.6173],[33.7638,48.6264],[33.7566,48.6574],[33.8019,48.6628],[33.805,48.6876],[33.7561,48.6815],[33.7493,48.6819],[33.7463,48.6933],[33.7304,48.6921],[33.6819,48.7231],[33.6509,48.721],[33.6498,48.7255],[33.6345,48.7242],[33.6187,48.7277],[33.6076,48.7514],[33.593,48.7482],[33.5816,48.7665],[33.578,48.7802],[33.5874,48.7816],[33.5831,48.797],[33.6024,48.7988],[33.6042,48.7919],[33.6163,48.7934],[33.618,48.788],[33.659,48.7931],[33.6731,48.8142],[33.6858,48.8137],[33.6894,48.8081],[33.7059,48.8139],[33.7204,48.8097],[33.7253,48.7892],[33.7437,48.7902],[33.7488,48.7951],[33.7701,48.7991],[33.7723,48.792],[33.7931,48.7943],[33.7922,48.8006],[33.8114,48.8028],[33.8191,48.7761],[33.8301,48.769],[33.851,48.7708],[33.8532,48.7787],[33.8477,48.8026],[33.8509,48.8028],[33.8615,48.8355],[33.8737,48.8404],[33.8943,48.9019],[33.902,48.8949],[33.926,48.8803],[33.9482,48.8781],[33.9819,48.8657],[34.0105,48.867],[34.022,48.8645],[34.031,48.8579],[34.0347,48.8439],[34.057,48.8355],[34.0724,48.8249],[34.0814,48.8229],[34.1061,48.8258],[34.122,48.8212],[34.1269,48.8123],[34.1216,48.7932],[34.1268,48.7844],[34.1499,48.7751],[34.1767,48.7775],[34.1912,48.7695],[34.2022,48.76],[34.2193,48.7596],[34.2333,48.7562],[34.2469,48.7456],[34.26,48.743],[34.2774,48.7451],[34.2963,48.7388],[34.2932,48.7267],[34.3057,48.727],[34.3041,48.7357],[34.3144,48.7392],[34.3085,48.7442],[34.3165,48.7562],[34.3088,48.765],[34.3198,48.7676],[34.3262,48.7749],[34.3423,48.7832],[34.3232,48.7924],[34.314,48.7849],[34.2982,48.7848],[34.2972,48.8207],[34.3385,48.8204],[34.3385,48.827],[34.3231,48.8288],[34.3253,48.8443],[34.3438,48.8422],[34.3504,48.8483],[34.35,48.8563],[34.3362,48.8561],[34.3375,48.8715],[34.3061,48.8848],[34.3117,48.8894],[34.3006,48.8954],[34.3126,48.9413],[34.3531,48.9838],[34.3435,48.9885],[34.3459,48.9926],[34.3257,48.9987],[34.3319,49.0086],[34.3639,49.0284],[34.3604,49.0333],[34.3955,49.0433],[34.3903,49.0504],[34.4159,49.0548],[34.402,49.0936],[34.4113,49.0911],[34.4656,49.0644],[34.4751,49.0736],[34.4996,49.0615],[34.5155,49.072],[34.5439,49.0542],[34.5582,49.0554],[34.5739,49.0633],[34.5639,49.0729],[34.5723,49.0952],[34.5927,49.0922],[34.5909,49.112],[34.6002,49.109],[34.6251,49.1249],[34.6458,49.1285],[34.6646,49.1192],[34.6827,49.1217],[34.682,49.1316],[34.6949,49.1354],[34.7062,49.1299],[34.7214,49.1367],[34.728,49.136],[34.7388,49.144],[34.7684,49.1422],[34.7649,49.1563],[34.7576,49.1654],[34.7736,49.1714],[34.7765,49.1765],[34.8031,49.1791],[34.8058,49.1683],[34.8132,49.1673],[34.8267,49.1815],[34.8193,49.1861],[34.8466,49.1913],[34.8569,49.1906],[34.8595,49.1838],[34.8809,49.1784],[34.902,49.1779],[34.8964,49.1693],[34.8689,49.1684],[34.8691,49.1606],[34.8873,49.1562],[34.8993,49.1491],[34.9196,49.1557],[34.9223,49.1756],[34.9307,49.1857],[34.9359,49.1808],[34.9485,49.1939],[34.965,49.1824],[34.9772,49.181],[34.9894,49.1672],[34.9949,49.1686],[35.0078,49.1595],[35.0064,49.1539],[35.0179,49.1508],[35.0433,49.1553],[35.0502,49.166],[35.0494,49.1759],[35.0756,49.1701],[35.0719,49.1593],[35.0798,49.1622],[35.0758,49.1491],[35.088,49.1414],[35.0869,49.1497],[35.1058,49.1581],[35.1196,49.1615],[35.1361,49.1591],[35.1332,49.1531],[35.144,49.1501],[35.1545,49.1531],[35.1588,49.1599],[35.1879,49.1625],[35.2075,49.1537],[35.2087,49.1495],[35.1896,49.1476],[35.1925,49.139],[35.2283,49.1267],[35.2109,49.1243],[35.2082,49.1178],[35.1988,49.1185],[35.1898,49.1108],[35.2182,49.1071],[35.23,49.1013],[35.238,49.1117],[35.2589,49.1124],[35.2588,49.1064],[35.2685,49.1043],[35.2696,49.0955],[35.2759,49.0907],[35.2796,49.0961],[35.3104,49.0882],[35.312,49.0763],[35.3021,49.0693],[35.3162,49.0684],[35.3227,49.0625],[35.3351,49.0611],[35.3429,49.0558],[35.3383,49.0504],[35.352,49.0411],[35.3654,49.0406],[35.3881,49.0268],[35.4012,49.0304],[35.4062,49.0266],[35.4003,49.0187],[35.4113,49.0124],[35.4163,49.0147],[35.4387,49.0112],[35.4361,49.0044],[35.45,48.9977],[35.4586,48.9978],[35.4561,48.9904],[35.4688,48.9881],[35.4789,48.979],[35.4849,48.9813],[35.486,48.9725],[35.5126,48.981],[35.5305,48.9777],[35.53,48.9822],[35.5603,48.9741],[35.5703,48.9785],[35.578,48.9749],[35.5851,48.9823],[35.5961,48.9867],[35.6042,48.9812],[35.6275,48.9829],[35.6277,48.9675],[35.6437,48.9666],[35.6475,48.9734],[35.6604,48.9745],[35.6855,48.9704],[35.6965,48.9649],[35.6929,48.9577],[35.6964,48.9469],[35.7093,48.9473],[35.716,48.9536],[35.7118,48.9576],[35.7189,48.9645],[35.7331,48.9668],[35.7405,48.9493],[35.7587,48.9481],[35.762,48.9553],[35.7752,48.9486],[35.7838,48.9547],[35.7916,48.9527],[35.7901,48.9459],[35.8,48.9438],[35.7918,48.9345],[35.8014,48.9274],[35.815,48.9296],[35.8089,48.9388],[35.8194,48.9399],[35.8308,48.9504],[35.8569,48.9453],[35.8556,48.9579],[35.8791,48.9627],[35.8839,48.9752],[35.9046,48.9731],[35.9172,48.9688],[35.9304,48.975],[35.9388,48.9713],[35.9426,48.9771],[35.932,48.9787],[35.94,48.999],[35.9895,48.9687],[35.9774,48.9597],[36.0035,48.9464],[35.9956,48.9394],[36.0437,48.9154],[36.012,48.8876],[36.0401,48.8735],[36.0193,48.8547],[36.0414,48.8437],[36.053,48.8442],[36.0756,48.8332],[36.065,48.8084],[36.1065,48.8091],[36.1291,48.8064],[36.1592,48.7842],[36.1532,48.7811],[36.1595,48.7681],[36.1401,48.7659],[36.1618,48.749],[36.143,48.7243],[36.2091,48.6911],[36.2674,48.6632],[36.2692,48.6666],[36.282,48.6565],[36.2659,48.6476],[36.2688,48.6375],[36.2588,48.6241],[36.2518,48.621],[36.2734,48.6092],[36.3194,48.5872],[36.2713,48.5437],[36.2962,48.5312],[36.3239,48.5556],[36.355,48.5396],[36.3552,48.5323],[36.3919,48.5648],[36.3813,48.5703],[36.4201,48.6083],[36.4426,48.6285],[36.4204,48.6352],[36.4468,48.6324],[36.4829,48.6636],[36.5581,48.6234],[36.5631,48.6166],[36.5787,48.6158],[36.5807,48.6072],[36.5907,48.6028],[36.655,48.6095],[36.654,48.6163],[36.6741,48.6184],[36.6725,48.6249],[36.7029,48.6278],[36.704,48.6225],[36.7389,48.6259],[36.7453,48.5965],[36.7787,48.6005],[36.7885,48.5668],[36.8244,48.57],[36.825,48.5667],[36.8596,48.569],[36.8721,48.5502],[36.8831,48.551],[36.8848,48.5418],[36.9016,48.5433],[36.9066,48.5208],[36.8887,48.5211],[36.8503,48.5178],[36.8572,48.4872],[36.8298,48.4846],[36.8371,48.4431],[36.8454,48.4437],[36.8489,48.4162],[36.8419,48.4207],[36.8244,48.4142],[36.8353,48.4054],[36.8206,48.4048],[36.8278,48.3694],[36.8182,48.3657],[36.8119,48.3685],[36.8164,48.3485],[36.8088,48.348],[36.8171,48.3126],[36.8712,48.3169],[36.8737,48.3056],[36.9121,48.309],[36.9153,48.2967],[36.9369,48.1942],[36.9308,48.196],[36.9094,48.192],[36.9042,48.1877],[36.8934,48.1914],[36.8936,48.1795],[36.8728,48.1839],[36.8965,48.0776],[36.8813,48.0635],[36.8692,48.0627],[36.8671,48.0515],[36.8582,48.0521],[36.8545,48.0346],[36.8402,48.0383],[36.8328,48.0353],[36.8118,48.041],[36.8007,48.0525],[36.7751,48.0473],[36.7614,48.0549],[36.7549,48.0495],[36.7434,48.0506],[36.7482,48.0621],[36.7397,48.0686],[36.7265,48.0711],[36.7252,48.0797],[36.7186,48.0847],[36.7081,48.0804],[36.6754,48.0907],[36.663,48.0878],[36.651,48.0995],[36.6446,48.0938],[36.6516,48.0887],[36.6387,48.0896],[36.6234,48.0821],[36.6026,48.091],[36.6047,48.086],[36.586,48.0824],[36.5871,48.0648],[36.5787,48.063],[36.5873,48.0524],[36.5741,48.0397],[36.5866,48.0291],[36.5907,48.02],[36.5689,48.0124],[36.5805,48.0078],[36.5862,48.001],[36.5765,47.9979],[36.5851,47.9566],[36.6288,47.9618],[36.6402,47.9203],[36.618,47.9175],[36.5898,47.9212],[36.5925,47.9108],[36.542,47.906],[36.5493,47.8774],[36.5766,47.8802],[36.5848,47.8474],[36.5209,47.8365],[36.5229,47.8288],[36.476,47.8242],[36.4491,47.8241],[36.4218,47.8289],[36.3978,47.8309],[36.3767,47.83],[36.3744,47.838],[36.3241,47.8395],[36.3305,47.8307],[36.3302,47.8203],[36.2986,47.8159],[36.2755,47.8155],[36.2662,47.8332],[36.1976,47.8325],[36.1882,47.8415],[36.1972,47.8591],[36.1772,47.8572],[36.1788,47.8507],[36.1017,47.8426],[36.0959,47.8501],[36.0737,47.8488],[36.0686,47.8675],[36.0575,47.8683],[36.0541,47.88],[36.0808,47.8832],[36.0872,47.8612],[36.1192,47.8648],[36.1169,47.8709],[36.1302,47.8903],[36.1225,47.9002],[36.1277,47.9019],[36.1104,47.9246],[36.1197,47.9279],[36.1087,47.9418],[36.085,47.9303],[36.0736,47.9652],[36.0516,47.9586],[36.0479,47.9655],[36.0707,47.9715],[36.062,48.001],[36.0416,48.0039],[36.0344,48.0187],[36.0655,48.0252],[36.0525,48.0591],[35.9753,48.0432],[35.9783,48.0519],[35.9878,48.0593],[35.9716,48.0615],[35.9694,48.0725],[35.984,48.0782],[35.9854,48.0848],[35.9748,48.0874],[35.9666,48.0948],[35.9206,48.0821],[35.8169,48.0661],[35.8061,48.1006],[35.7832,48.0942],[35.756,48.0984],[35.7428,48.0957],[35.7034,48.1402],[35.6806,48.1306],[35.5535,48.0839],[35.5237,48.0744],[35.5194,48.0945],[35.5087,48.0972],[35.4856,48.095],[35.4794,48.098],[35.4497,48.1031],[35.4213,48.1002],[35.4163,48.1097],[35.3807,48.1185],[35.3376,48.1238],[35.3034,48.1416],[35.2789,48.1447],[35.254,48.1361],[35.2419,48.1347],[35.2181,48.1427],[35.1945,48.1404],[35.179,48.1311],[35.1545,48.1286],[35.1027,48.1318],[35.0827,48.123],[35.0653,48.1225],[35.0551,48.1184],[35.036,48.0981],[35.0258,48.098],[34.9903,48.0892],[34.9856,48.0966],[34.9297,48.0903],[34.9147,48.0909],[34.9104,48.1041],[34.9117,48.1137],[34.9201,48.1146],[34.9158,48.1306],[34.8813,48.1271],[34.8783,48.1338],[34.8551,48.133],[34.8689,48.076],[34.8757,48.0545],[34.8392,48.0505],[34.847,48.0139],[34.8583,48.0152],[34.8695,47.9824],[34.9049,47.9857],[34.9125,47.9578],[34.9093,47.9574],[34.9137,47.9407],[34.9191,47.9335],[34.881,47.9289],[34.8764,47.942],[34.8492,47.9378],[34.8517,47.921],[34.802,47.9156],[34.8171,47.8643],[34.8376,47.8699],[34.858,47.8806],[34.864,47.8794],[34.8708,47.8506],[34.8972,47.8528],[34.9034,47.8296],[34.8789,47.8184],[34.8936,47.7602],[34.9575,47.7696],[34.9649,47.7402],[34.9545,47.7391],[34.9575,47.7275],[34.9519,47.727],[34.956,47.7123],[34.9299,47.7116],[34.9382,47.6774],[34.9057,47.6739],[34.9161,47.6338],[34.9328,47.6358],[34.9417,47.6012],[34.9344,47.5904],[34.936,47.5825],[34.9465,47.5719],[34.9569,47.5686],[34.9652,47.5513],[34.958,47.5383],[34.9454,47.5296],[34.8996,47.5182],[34.8623,47.5151],[34.8405,47.521],[34.8171,47.5308],[34.7963,47.537],[34.7355,47.5389],[34.6697,47.5557],[34.6292,47.561],[34.5884,47.5624],[34.5724,47.5616],[34.5281,47.5537],[34.4689,47.5321],[34.424,47.5302],[34.3457,47.5219],[34.3,47.5191],[34.2681,47.5089],[34.2342,47.4944],[34.2074,47.4883],[34.1395,47.4772],[34.0744,47.4706],[34.0373,47.4646],[34.0033,47.4566],[33.997,47.4595],[33.9571,47.4575],[33.9513,47.4616],[33.9471,47.5],[33.9396,47.516],[33.9178,47.5131],[33.8092,47.5024],[33.6436,47.4845],[33.636,47.5141],[33.6037,47.5104],[33.605,47.5042],[33.5884,47.5023],[33.5804,47.5325],[33.5925,47.5444],[33.5887,47.5582],[33.6091,47.5609],[33.6055,47.575],[33.5923,47.5737],[33.5881,47.5887],[33.5838,47.5882],[33.5803,47.6002],[33.4737,47.5873],[33.4861,47.5439],[33.3575,47.5274],[33.3227,47.5236],[33.3301,47.5101],[33.3488,47.4937],[33.3143,47.4825],[33.3072,47.4862],[33.315,47.4907],[33.31,47.5016],[33.2984,47.5032],[33.2866,47.51],[33.2788,47.52],[33.286,47.5249],[33.2874,47.5431],[33.2731,47.5461],[33.2418,47.5304],[33.2226,47.5305],[33.2151,47.5343],[33.2212,47.5385],[33.218,47.5479],[33.23,47.555],[33.236,47.5631],[33.234,47.5771],[33.2015,47.5693],[33.1849,47.5728],[33.1761,47.5677],[33.0927,47.5788],[33.095,47.5971]]]}},{"type":"Feature","properties":{"id":"donetsk","nameUk":"Донецька область","nameEn":"Donetsk Oblast"},"geometry":{"type":"MultiPolygon","coordinates":[[[[36.5766,47.8802],[36.5493,47.8774],[36.542,47.906],[36.5925,47.9108],[36.5898,47.9212],[36.618,47.9175],[36.6402,47.9203],[36.6288,47.9618],[36.5851,47.9566],[36.5765,47.9979],[36.5862,48.001],[36.5805,48.0078],[36.5689,48.0124],[36.5907,48.02],[36.5866,48.0291],[36.5741,48.0397],[36.5873,48.0524],[36.5787,48.063],[36.5871,48.0648],[36.586,48.0824],[36.6047,48.086],[36.6026,48.091],[36.6234,48.0821],[36.6387,48.0896],[36.6516,48.0887],[36.6446,48.0938],[36.651,48.0995],[36.663,48.0878],[36.6754,48.0907],[36.7081,48.0804],[36.7186,48.0847],[36.7252,48.0797],[36.7265,48.0711],[36.7397,48.0686],[36.7482,48.0621],[36.7434,48.0506],[36.7549,48.0495],[36.7614,48.0549],[36.7751,48.0473],[36.8007,48.0525],[36.8118,48.041],[36.8328,48.0353],[36.8402,48.0383],[36.8545,48.0346],[36.8582,48.0521],[36.8671,48.0515],[36.8692,48.0627],[36.8813,48.0635],[36.8965,48.0776],[36.8728,48.1839],[36.8936,48.1795],[36.8934,48.1914],[36.9042,48.1877],[36.9094,48.192],[36.9308,48.196],[36.9369,48.1942],[36.9153,48.2967],[36.9121,48.309],[36.8737,48.3056],[36.8712,48.3169],[36.8171,48.3126],[36.8088,48.348],[36.8164,48.3485],[36.8119,48.3685],[36.8182,48.3657],[36.8278,48.3694],[36.8206,48.4048],[36.8353,48.4054],[36.8244,48.4142],[36.8419,48.4207],[36.8489,48.4162],[36.8454,48.4437],[36.8371,48.4431],[36.8298,48.4846],[36.8572,48.4872],[36.8503,48.5178],[36.8887,48.5211],[36.9066,48.5208],[36.9016,48.5433],[36.8848,48.5418],[36.8831,48.551],[36.8721,48.5502],[36.8596,48.569],[36.825,48.5667],[36.8244,48.57],[36.7885,48.5668],[36.7787,48.6005],[36.7453,48.5965],[36.7389,48.6259],[36.7341,48.6465],[36.7228,48.6535],[36.7304,48.6568],[36.7216,48.6635],[36.7263,48.6662],[36.7164,48.6744],[36.7199,48.6835],[36.7175,48.6944],[36.7283,48.6928],[36.7356,48.7038],[36.7261,48.7143],[36.7122,48.7437],[36.7177,48.7447],[36.7091,48.7674],[36.6913,48.7704],[36.6893,48.7761],[36.7054,48.7884],[36.7198,48.8057],[36.7346,48.8043],[36.76,48.7974],[36.7907,48.801],[36.7834,48.7894],[36.7922,48.7858],[36.7879,48.7802],[36.8161,48.7775],[36.8209,48.7713],[36.8409,48.7727],[36.8392,48.7757],[36.8543,48.8003],[36.921,48.7978],[36.9316,48.7925],[36.9459,48.7956],[36.9757,48.7902],[36.9888,48.7748],[37.0175,48.76],[37.0359,48.7459],[37.0431,48.7663],[37.023,48.7675],[37.0231,48.7748],[36.9949,48.7874],[37.0075,48.8033],[37.0187,48.8018],[37.0238,48.8179],[37.0664,48.8139],[37.0783,48.8176],[37.0988,48.851],[37.1354,48.8426],[37.1459,48.8418],[37.1396,48.8326],[37.1511,48.8324],[37.1573,48.8245],[37.1922,48.8146],[37.1946,48.8495],[37.1894,48.87],[37.1943,48.882],[37.2104,48.8872],[37.2215,48.9001],[37.2238,48.9089],[37.2666,48.9063],[37.2694,48.9226],[37.328,48.922],[37.3329,48.9352],[37.3169,48.9387],[37.3076,48.9455],[37.3077,48.951],[37.3204,48.9528],[37.3001,48.9668],[37.306,48.9806],[37.3241,48.9851],[37.3132,48.9868],[37.3375,48.9955],[37.3449,49.0032],[37.3605,48.9985],[37.3727,48.9992],[37.3711,49.0049],[37.3757,49.0266],[37.3913,49.0273],[37.3861,49.0323],[37.385,49.0482],[37.4099,49.0536],[37.4178,49.0626],[37.4503,49.0614],[37.4512,49.0532],[37.4666,49.0607],[37.4687,49.0549],[37.4798,49.0575],[37.5048,49.0701],[37.5075,49.0803],[37.4871,49.1001],[37.4982,49.1038],[37.547,49.1122],[37.5846,49.1262],[37.5702,49.1354],[37.5629,49.1334],[37.5416,49.1453],[37.5509,49.149],[37.5597,49.1449],[37.5642,49.1493],[37.5552,49.166],[37.5243,49.1764],[37.5013,49.1804],[37.5028,49.1872],[37.5131,49.1996],[37.5286,49.207],[37.5492,49.213],[37.5571,49.2236],[37.5691,49.2313],[37.5973,49.23],[37.6143,49.2333],[37.7119,49.22],[37.7978,49.2021],[37.798,49.209],[37.825,49.2063],[37.8248,49.2028],[37.8434,49.2011],[37.8498,49.2218],[37.8617,49.2329],[37.8744,49.2339],[37.8734,49.2232],[37.8898,49.2189],[37.8903,49.2119],[37.9175,49.2154],[37.9333,49.2208],[37.9427,49.2141],[37.9237,49.2059],[37.935,49.1918],[37.914,49.1866],[37.8931,49.1747],[37.9027,49.1665],[37.8934,49.1605],[37.9265,49.1438],[37.9444,49.1391],[37.9563,49.1429],[37.9607,49.1358],[37.9749,49.1348],[37.9807,49.1306],[38.0404,49.1267],[38.0442,49.1505],[38.0669,49.1466],[38.0816,49.148],[38.0838,49.1345],[38.068,49.0966],[38.0617,49.0632],[38.0536,49.0582],[38.073,49.0399],[38.0979,48.9988],[38.0989,48.9923],[38.0804,48.9922],[38.0609,48.9883],[38.0512,48.9838],[38.0578,48.9757],[38.054,48.9649],[38.0302,48.9742],[38.0052,48.9466],[38.037,48.9434],[38.0383,48.9253],[38.0469,48.9367],[38.0926,48.9391],[38.0954,48.9343],[38.1144,48.9317],[38.1174,48.9267],[38.1357,48.9249],[38.1392,48.9311],[38.1668,48.9311],[38.1964,48.928],[38.2279,48.9368],[38.2289,48.9121],[38.2289,48.8585],[38.2214,48.8396],[38.2597,48.8423],[38.2681,48.8362],[38.2727,48.8248],[38.3135,48.8283],[38.3183,48.806],[38.279,48.8026],[38.2826,48.7738],[38.2751,48.773],[38.263,48.7502],[38.2831,48.7373],[38.3156,48.7347],[38.3241,48.726],[38.3253,48.7142],[38.3043,48.7123],[38.315,48.7045],[38.3144,48.6958],[38.3073,48.6878],[38.315,48.6847],[38.2832,48.6813],[38.2877,48.6652],[38.2672,48.6641],[38.2593,48.6675],[38.2598,48.6553],[38.2389,48.6568],[38.2258,48.6525],[38.2289,48.634],[38.2637,48.6367],[38.2795,48.546],[38.2735,48.5454],[38.3201,48.5089],[38.3111,48.5051],[38.312,48.4985],[38.2976,48.491],[38.305,48.4749],[38.2882,48.4767],[38.32,48.4651],[38.3114,48.4556],[38.3435,48.4379],[38.3512,48.4417],[38.3761,48.4415],[38.3806,48.43],[38.4024,48.4347],[38.4003,48.4396],[38.4332,48.4477],[38.4323,48.4351],[38.4391,48.4199],[38.4366,48.3961],[38.4501,48.3759],[38.4534,48.3811],[38.4686,48.3791],[38.4729,48.3675],[38.4985,48.3635],[38.471,48.36],[38.4698,48.3491],[38.4557,48.3468],[38.4564,48.3426],[38.4334,48.3393],[38.4411,48.3165],[38.4284,48.3087],[38.4332,48.2961],[38.425,48.2881],[38.427,48.2783],[38.567,48.2701],[38.5878,48.2582],[38.5912,48.2517],[38.5878,48.2431],[38.5891,48.2274],[38.5986,48.2147],[38.6118,48.2028],[38.61,48.1896],[38.5981,48.18],[38.6014,48.1729],[38.6376,48.1613],[38.6712,48.1641],[38.6663,48.1581],[38.6937,48.1577],[38.6894,48.1476],[38.7024,48.144],[38.7151,48.1448],[38.7219,48.1393],[38.7373,48.1346],[38.7663,48.1322],[38.7883,48.1246],[38.798,48.1189],[38.8204,48.1162],[38.8067,48.0883],[38.8175,48.0843],[38.7995,48.0747],[38.8179,48.0659],[38.8286,48.0778],[38.829,48.0581],[38.8127,48.0479],[38.8256,48.038],[38.8254,48.0298],[38.8541,48.0204],[38.8613,48.0148],[38.9377,48.0119],[39.0398,48.0069],[39.0435,47.9887],[39.0385,47.9564],[39.0526,47.9548],[39.057,47.9468],[39.0756,47.9514],[39.0845,47.9406],[39.0906,47.9389],[39.0652,47.896],[39.0745,47.8695],[38.9856,47.8699],[38.9541,47.8694],[38.9414,47.8733],[38.9091,47.8729],[38.8778,47.8757],[38.8776,47.8671],[38.843,47.8653],[38.8426,47.8515],[38.8298,47.8499],[38.8262,47.8444],[38.7962,47.8199],[38.7889,47.8159],[38.789,47.8087],[38.771,47.7808],[38.7533,47.7351],[38.7452,47.6931],[38.7397,47.685],[38.73,47.6919],[38.7349,47.6996],[38.7274,47.6988],[38.6688,47.6988],[38.6659,47.6837],[38.6382,47.6696],[38.6293,47.6694],[38.6295,47.6629],[38.6058,47.6447],[38.4565,47.644],[38.4568,47.6171],[38.3505,47.6166],[38.3505,47.606],[38.319,47.5913],[38.2934,47.5628],[38.2744,47.5278],[38.2603,47.4929],[38.2636,47.4217],[38.258,47.3932],[38.2334,47.3624],[38.2034,47.3346],[38.1906,47.3169],[38.1887,47.301],[38.201,47.2906],[38.2203,47.2888],[38.2576,47.2927],[38.2757,47.2918],[38.2919,47.287],[38.3009,47.276],[38.2983,47.2568],[38.288,47.2568],[38.2881,47.2449],[38.2789,47.2384],[38.2603,47.2383],[38.2525,47.2334],[38.2346,47.2309],[38.2385,47.2226],[38.2225,47.2152],[38.2035,47.1923],[38.197,47.1624],[38.2014,47.1307],[38.2166,47.1033],[38.1963,47.0895],[38.1423,47.0377],[38.1081,47.0264],[38.1304,47.0584],[38.1301,47.0747],[38.1043,47.0816],[38.0715,47.0998],[38.0262,47.0816],[37.9876,47.0919],[37.9621,47.0959],[37.9504,47.0913],[37.8611,47.1015],[37.7533,47.0753],[37.7103,47.0742],[37.5807,47.0904],[37.5464,47.0816],[37.4829,47.036],[37.3779,46.9339],[37.3517,46.8987],[37.3352,46.8825],[37.313,46.8756],[37.3174,46.9008],[37.2954,46.9202],[37.2608,46.9327],[37.2271,46.937],[37.2082,46.9336],[37.1623,46.9091],[37.0635,46.8823],[37.0311,46.9201],[37.0214,46.9279],[37.0923,46.9684],[37.1027,46.96],[37.1411,46.982],[37.0893,47.0075],[37.1249,47.0391],[37.0987,47.0592],[37.0812,47.0475],[36.9854,47.0798],[37.0093,47.0849],[37.0117,47.0973],[37.002,47.1009],[37.0101,47.1136],[37.0002,47.1139],[37.003,47.126],[36.9966,47.1293],[36.9835,47.1244],[36.9703,47.1361],[36.9738,47.1396],[36.9548,47.1495],[36.9462,47.1601],[36.9373,47.1651],[36.9245,47.1603],[36.9243,47.1703],[36.9084,47.1655],[36.8986,47.1738],[36.8906,47.1707],[36.8864,47.1767],[36.8591,47.1896],[36.8546,47.1991],[36.8918,47.2],[36.8941,47.2059],[36.9309,47.207],[36.9313,47.2006],[36.9626,47.2017],[36.9557,47.229],[36.9491,47.2282],[36.9452,47.2405],[36.9347,47.2938],[36.926,47.3194],[36.9442,47.3206],[36.9466,47.311],[37.0265,47.3148],[37.0364,47.3],[37.0837,47.3147],[37.0832,47.3218],[37.0951,47.326],[37.0923,47.3301],[37.1222,47.3404],[37.1066,47.376],[37.146,47.3811],[37.162,47.3414],[37.2034,47.3558],[37.1946,47.3734],[37.232,47.4378],[37.2368,47.4368],[37.2486,47.4572],[37.2396,47.4597],[37.245,47.4691],[37.19,47.469],[37.196,47.4789],[37.1798,47.4837],[37.1577,47.4549],[37.1289,47.4698],[37.0843,47.4961],[37.0742,47.4937],[37.0268,47.548],[37.021,47.5528],[37.0016,47.5389],[36.9801,47.5607],[36.9668,47.5534],[36.9443,47.5761],[36.8934,47.5449],[36.8303,47.6242],[36.7646,47.6008],[36.7649,47.6078],[36.7481,47.6066],[36.7453,47.6217],[36.7662,47.6234],[36.7658,47.6341],[36.7252,47.6311],[36.7183,47.6588],[36.7548,47.662],[36.7534,47.6668],[36.7747,47.6651],[36.7916,47.6849],[36.7134,47.6789],[36.7,47.7325],[36.6857,47.7309],[36.6786,47.7581],[36.6802,47.7594],[36.6713,47.7936],[36.5938,47.784],[36.5873,47.786],[36.5885,47.8165],[36.5993,47.8178],[36.6083,47.8397],[36.6047,47.8508],[36.5848,47.8474],[36.5766,47.8802]]],[[[38.7388,47.6836],[38.7365,47.6802],[38.7356,47.6826],[38.7388,47.6836]]]]}},{"type":"Feature","properties":{"id":"ivano-frankivsk","nameUk":"Івано-Франківська область","nameEn":"Ivano-Frankivsk Oblast"},"geometry":{"type":"Polygon","coordinates":[[[24.7285,49.4921],[24.7295,49.4801],[24.7459,49.4639],[24.7505,49.4496],[24.7662,49.4383],[24.7712,49.4311],[24.7671,49.4243],[24.7744,49.4103],[24.7727,49.394],[24.7784,49.3832],[24.7756,49.3775],[24.7981,49.382],[24.8113,49.3885],[24.8291,49.3852],[24.8333,49.3632],[24.8433,49.3542],[24.8593,49.347],[24.836,49.3408],[24.8288,49.3218],[24.8305,49.3036],[24.8281,49.2854],[24.8407,49.2831],[24.8433,49.2626],[24.8642,49.2568],[24.8697,49.2582],[24.9109,49.2396],[24.9331,49.2356],[24.9336,49.2297],[24.8987,49.2146],[24.8854,49.1971],[24.8568,49.1777],[24.8576,49.1653],[24.8665,49.1619],[24.8838,49.1442],[24.8932,49.1391],[24.8998,49.1291],[24.9534,49.1256],[24.9565,49.1276],[24.9854,49.1164],[24.9727,49.0959],[24.9906,49.086],[24.9912,49.0712],[24.9657,49.0721],[24.9624,49.076],[24.9406,49.0809],[24.9163,49.0831],[24.9069,49.0736],[24.905,49.0497],[24.9115,49.0509],[24.9238,49.0394],[24.9604,49.0192],[24.9696,49.0113],[24.9717,49.0021],[24.9682,48.9929],[24.9962,49.0015],[25.0175,49.0114],[25.0537,48.9919],[25.0873,48.984],[25.0875,48.9933],[25.1116,48.9966],[25.1194,48.9948],[25.1067,48.9791],[25.1098,48.9638],[25.1341,48.9535],[25.1462,48.9453],[25.1454,48.94],[25.1211,48.9279],[25.1195,48.9179],[25.1357,48.8901],[25.1366,48.8711],[25.1593,48.8655],[25.172,48.8723],[25.1723,48.8867],[25.1667,48.8908],[25.1707,48.8978],[25.1981,48.9147],[25.1925,48.9275],[25.2099,48.9219],[25.2243,48.9306],[25.2343,48.932],[25.2373,48.9189],[25.2294,48.9086],[25.2289,48.8822],[25.209,48.85],[25.2109,48.8462],[25.2258,48.8469],[25.2357,48.8646],[25.2605,48.8667],[25.2833,48.8626],[25.2888,48.8481],[25.3001,48.8438],[25.3213,48.8469],[25.3254,48.8378],[25.3405,48.8389],[25.3365,48.8548],[25.3551,48.8596],[25.3671,48.8587],[25.4027,48.848],[25.4268,48.843],[25.4388,48.8497],[25.4274,48.8686],[25.4375,48.8721],[25.4518,48.8674],[25.4693,48.8552],[25.4498,48.8378],[25.4534,48.8322],[25.4802,48.8233],[25.4971,48.811],[25.5103,48.8054],[25.5429,48.803],[25.5608,48.7956],[25.5962,48.7683],[25.6359,48.7514],[25.6405,48.7481],[25.637,48.7392],[25.6155,48.7303],[25.6097,48.7236],[25.6183,48.716],[25.6496,48.7093],[25.6525,48.7015],[25.6431,48.6919],[25.6287,48.6861],[25.6212,48.6776],[25.628,48.6727],[25.6221,48.6602],[25.607,48.6534],[25.5854,48.635],[25.5889,48.6236],[25.5868,48.5893],[25.6031,48.5695],[25.5979,48.5581],[25.6031,48.5524],[25.5989,48.5414],[25.608,48.5371],[25.6051,48.5142],[25.5983,48.5005],[25.6013,48.4903],[25.5976,48.4752],[25.6067,48.4635],[25.6071,48.4529],[25.6024,48.4463],[25.6105,48.4287],[25.6037,48.41],[25.6148,48.4125],[25.6201,48.4088],[25.6162,48.3932],[25.6209,48.3799],[25.6032,48.3776],[25.5714,48.3792],[25.5613,48.3826],[25.5482,48.3818],[25.5355,48.3878],[25.5207,48.3988],[25.5063,48.4004],[25.4748,48.3987],[25.4538,48.4031],[25.441,48.4019],[25.433,48.3959],[25.4149,48.3925],[25.3985,48.394],[25.3891,48.3876],[25.3817,48.3898],[25.3631,48.3856],[25.3445,48.3762],[25.3116,48.3674],[25.2948,48.3466],[25.2825,48.3436],[25.2758,48.3306],[25.2608,48.3242],[25.2577,48.3161],[25.2459,48.3148],[25.2299,48.2918],[25.1956,48.2574],[25.1765,48.2453],[25.1508,48.2479],[25.11,48.2258],[25.1199,48.2159],[25.1154,48.2081],[25.1387,48.1955],[25.1392,48.1832],[25.1295,48.1776],[25.1161,48.1838],[25.1,48.1858],[25.0885,48.1814],[25.0836,48.1728],[25.093,48.1641],[25.0879,48.1596],[25.066,48.1575],[25.072,48.1454],[25.0643,48.1304],[25.0437,48.1295],[25.0362,48.1223],[25.0396,48.1142],[25.0298,48.1099],[25.0109,48.1146],[25.0038,48.1198],[24.9921,48.1196],[24.9807,48.1124],[24.9892,48.0946],[24.9956,48.0927],[24.9867,48.0785],[24.97,48.0718],[24.959,48.0605],[24.9392,48.0482],[24.937,48.0413],[24.9116,48.0272],[24.9133,48.0127],[24.9205,48.0096],[24.9088,47.9974],[24.9151,47.9681],[24.9213,47.9533],[24.9194,47.9464],[24.9255,47.9382],[24.9432,47.9307],[24.9467,47.922],[24.9569,47.9201],[24.9579,47.907],[24.9448,47.899],[24.9494,47.8894],[24.9567,47.8862],[24.9565,47.8792],[24.9723,47.8762],[24.9749,47.8709],[24.987,47.8653],[24.9811,47.8601],[24.9955,47.8558],[24.9828,47.8327],[24.9737,47.8208],[24.9654,47.8156],[24.9561,47.8004],[24.9466,47.7941],[24.9354,47.7599],[24.9281,47.7521],[24.9208,47.7326],[24.9225,47.7263],[24.8859,47.7246],[24.878,47.7529],[24.8552,47.7658],[24.8549,47.7711],[24.8301,47.7995],[24.8219,47.8065],[24.8277,47.8207],[24.7901,47.8249],[24.7845,47.8235],[24.7762,47.8377],[24.7637,47.8389],[24.7532,47.8297],[24.7347,47.8434],[24.7054,47.8393],[24.7045,47.8506],[24.6864,47.8566],[24.6686,47.8704],[24.6662,47.8777],[24.6728,47.8968],[24.6523,47.9109],[24.6514,47.9191],[24.6413,47.9224],[24.627,47.9398],[24.6249,47.9513],[24.6109,47.9517],[24.5994,47.9476],[24.5798,47.9671],[24.5632,47.9684],[24.5667,47.9818],[24.5665,47.9966],[24.5723,47.999],[24.5728,48.0134],[24.5887,48.026],[24.5944,48.0344],[24.6112,48.0371],[24.6255,48.0471],[24.6191,48.0654],[24.6032,48.0782],[24.5953,48.0904],[24.5869,48.0915],[24.5748,48.1018],[24.5573,48.1063],[24.5545,48.1178],[24.5303,48.124],[24.5321,48.1318],[24.5243,48.1443],[24.5041,48.1532],[24.5003,48.1599],[24.5059,48.168],[24.5199,48.177],[24.5116,48.1849],[24.5259,48.1954],[24.5206,48.201],[24.5288,48.2107],[24.5458,48.2158],[24.5389,48.225],[24.5214,48.2357],[24.4842,48.2457],[24.4908,48.2725],[24.484,48.283],[24.4771,48.2836],[24.4493,48.3003],[24.4368,48.3137],[24.4314,48.3131],[24.4163,48.3324],[24.3939,48.3351],[24.3852,48.3447],[24.358,48.3512],[24.3511,48.3594],[24.3585,48.3736],[24.355,48.3793],[24.3309,48.3894],[24.2843,48.4022],[24.2805,48.392],[24.2884,48.3798],[24.2744,48.3717],[24.2746,48.3658],[24.2588,48.3502],[24.2415,48.3586],[24.2258,48.3563],[24.2089,48.3661],[24.2004,48.3632],[24.1907,48.3669],[24.1778,48.3657],[24.1795,48.3759],[24.1648,48.3772],[24.1641,48.3832],[24.1477,48.3895],[24.1522,48.3997],[24.1401,48.4102],[24.1452,48.4204],[24.1448,48.4353],[24.1344,48.4374],[24.1248,48.4534],[24.1265,48.4708],[24.1399,48.4817],[24.1144,48.4965],[24.1332,48.5242],[24.1232,48.534],[24.1091,48.533],[24.1029,48.5259],[24.0882,48.5275],[24.0893,48.5203],[24.0775,48.5126],[24.0676,48.518],[24.0459,48.5118],[24.0318,48.5006],[24.0039,48.5066],[23.994,48.5014],[23.9824,48.481],[23.9732,48.4766],[23.9786,48.464],[23.9624,48.4584],[23.945,48.4629],[23.9278,48.4638],[23.9135,48.4718],[23.9077,48.4816],[23.9185,48.4929],[23.917,48.5063],[23.925,48.514],[23.9147,48.5336],[23.929,48.5524],[23.9125,48.5557],[23.9072,48.5629],[23.892,48.5543],[23.881,48.553],[23.8701,48.557],[23.8579,48.5531],[23.8333,48.5678],[23.8362,48.5794],[23.804,48.5812],[23.7913,48.5943],[23.7961,48.5995],[23.7865,48.6104],[23.796,48.6197],[23.7976,48.631],[23.7899,48.6402],[23.779,48.6433],[23.7466,48.6473],[23.7342,48.6385],[23.7074,48.638],[23.6886,48.6464],[23.6758,48.6646],[23.6381,48.6846],[23.639,48.6984],[23.6245,48.7067],[23.597,48.7056],[23.5937,48.7169],[23.5717,48.7247],[23.5476,48.7258],[23.5506,48.7412],[23.5681,48.7728],[23.5784,48.7787],[23.5786,48.7855],[23.5689,48.7968],[23.5693,48.8042],[23.5516,48.8225],[23.5645,48.8288],[23.5746,48.8471],[23.5674,48.854],[23.5815,48.8715],[23.6059,48.8734],[23.6066,48.8839],[23.5936,48.8833],[23.5774,48.8868],[23.5708,48.9006],[23.5614,48.9107],[23.5723,48.9318],[23.5828,48.9452],[23.5856,48.9555],[23.5797,48.9636],[23.5672,48.9688],[23.5658,48.9747],[23.5872,48.9879],[23.5952,48.997],[23.6236,49.0134],[23.6203,49.0227],[23.6359,49.031],[23.6504,49.0227],[23.6605,49.0263],[23.6728,49.0366],[23.6764,49.0497],[23.6862,49.0662],[23.6776,49.0762],[23.6896,49.0937],[23.6992,49.0999],[23.7108,49.1015],[23.7196,49.0941],[23.7374,49.1042],[23.7376,49.1095],[23.7536,49.1174],[23.7524,49.1243],[23.7627,49.1245],[23.7757,49.1166],[23.7845,49.1197],[23.7973,49.1079],[23.8231,49.1104],[23.8265,49.1133],[23.8804,49.1083],[23.8789,49.1038],[23.8981,49.1017],[23.9045,49.0982],[23.9137,49.1094],[23.9323,49.1216],[23.9556,49.1297],[23.9616,49.1282],[23.9695,49.138],[24.0042,49.1297],[24.0127,49.1258],[24.0137,49.1179],[24.0236,49.1182],[24.0365,49.1251],[24.0585,49.1471],[24.0875,49.148],[24.1074,49.1408],[24.1428,49.1411],[24.1466,49.1331],[24.1646,49.1277],[24.1634,49.134],[24.1718,49.1441],[24.1916,49.1394],[24.1975,49.1333],[24.2131,49.1334],[24.1979,49.1388],[24.2113,49.1484],[24.2345,49.1446],[24.2818,49.1684],[24.3089,49.1712],[24.336,49.1804],[24.3533,49.1813],[24.3567,49.1858],[24.3842,49.1893],[24.3905,49.1818],[24.4164,49.1681],[24.435,49.1738],[24.4317,49.1907],[24.438,49.1972],[24.4345,49.2208],[24.4469,49.2303],[24.4273,49.2319],[24.407,49.2283],[24.3883,49.2276],[24.3591,49.233],[24.341,49.2432],[24.3468,49.2432],[24.3512,49.2616],[24.3585,49.2621],[24.364,49.2807],[24.3582,49.286],[24.339,49.292],[24.3049,49.2775],[24.2988,49.2958],[24.3026,49.3159],[24.3415,49.3104],[24.3587,49.3224],[24.3808,49.3079],[24.3935,49.3329],[24.402,49.3398],[24.3942,49.341],[24.3961,49.3527],[24.4048,49.3668],[24.4294,49.3733],[24.4301,49.377],[24.406,49.3933],[24.387,49.395],[24.3898,49.4091],[24.3758,49.4134],[24.3738,49.43],[24.3599,49.4307],[24.3838,49.4425],[24.4105,49.4449],[24.4181,49.4738],[24.4128,49.4746],[24.4014,49.495],[24.4126,49.5045],[24.4398,49.5116],[24.4421,49.5163],[24.4343,49.5362],[24.4493,49.5452],[24.4519,49.5401],[24.4794,49.5441],[24.4876,49.5477],[24.4982,49.5387],[24.4909,49.5351],[24.4922,49.5235],[24.5053,49.5128],[24.5358,49.5188],[24.5421,49.5246],[24.5696,49.5341],[24.5896,49.519],[24.6098,49.5099],[24.6218,49.5102],[24.6314,49.5007],[24.647,49.4975],[24.6561,49.5054],[24.6778,49.4963],[24.6847,49.4982],[24.7007,49.4919],[24.7038,49.4952],[24.7208,49.4968],[24.7285,49.4921]]]}},{"type":"Feature","properties":{"id":"kharkiv","nameUk":"Харківська область","nameEn":"Kharkiv Oblast"},"geometry":{"type":"Polygon","coordinates":[[[38.0675,49.8655],[38.0936,49.8461],[38.0808,49.8383],[38.0588,49.837],[38.0446,49.8393],[38.0183,49.8375],[38.0205,49.8348],[38.0097,49.813],[38.0294,49.8035],[38.0391,49.7957],[38.0556,49.7922],[38.0537,49.7835],[38.0362,49.7835],[38.0341,49.7779],[38.011,49.7649],[38.0102,49.7573],[37.9985,49.7532],[37.9838,49.7556],[37.977,49.7674],[37.9681,49.7593],[37.9508,49.7312],[37.9586,49.7187],[37.9737,49.7086],[37.9911,49.716],[37.9974,49.7135],[38.0173,49.7139],[38.0181,49.7055],[38.0004,49.7005],[38.0138,49.6958],[38.0127,49.6774],[38.0469,49.6571],[38.0014,49.6485],[37.9861,49.6435],[37.9972,49.6282],[37.9803,49.6266],[37.975,49.6126],[37.9447,49.6116],[37.9416,49.5955],[37.9353,49.5944],[37.9404,49.5826],[37.9534,49.5736],[37.953,49.5692],[37.9241,49.57],[37.9229,49.5678],[37.9014,49.5733],[37.8846,49.549],[37.9282,49.5481],[37.9277,49.5424],[37.9178,49.5335],[37.8826,49.5186],[37.8471,49.5203],[37.8421,49.5076],[37.8455,49.5024],[37.8389,49.4934],[37.8512,49.4872],[37.8447,49.4459],[37.8762,49.4465],[37.8747,49.4364],[37.8805,49.4358],[37.8773,49.4185],[37.8964,49.4036],[37.8961,49.3973],[37.8845,49.3501],[37.8839,49.3416],[37.8769,49.3278],[37.8832,49.3129],[37.946,49.303],[37.9585,49.2847],[37.9451,49.2808],[37.9105,49.2762],[37.8985,49.2701],[37.911,49.2592],[37.8948,49.256],[37.896,49.2528],[37.8658,49.2458],[37.8744,49.2339],[37.8617,49.2329],[37.8498,49.2218],[37.8434,49.2011],[37.8248,49.2028],[37.825,49.2063],[37.798,49.209],[37.7978,49.2021],[37.7119,49.22],[37.6143,49.2333],[37.5973,49.23],[37.5691,49.2313],[37.5571,49.2236],[37.5492,49.213],[37.5286,49.207],[37.5131,49.1996],[37.5028,49.1872],[37.5013,49.1804],[37.5243,49.1764],[37.5552,49.166],[37.5642,49.1493],[37.5597,49.1449],[37.5509,49.149],[37.5416,49.1453],[37.5629,49.1334],[37.5702,49.1354],[37.5846,49.1262],[37.547,49.1122],[37.4982,49.1038],[37.4871,49.1001],[37.5075,49.0803],[37.5048,49.0701],[37.4798,49.0575],[37.4687,49.0549],[37.4666,49.0607],[37.4512,49.0532],[37.4503,49.0614],[37.4178,49.0626],[37.4099,49.0536],[37.385,49.0482],[37.3861,49.0323],[37.3913,49.0273],[37.3757,49.0266],[37.3711,49.0049],[37.3727,48.9992],[37.3605,48.9985],[37.3449,49.0032],[37.3375,48.9955],[37.3132,48.9868],[37.3241,48.9851],[37.306,48.9806],[37.3001,48.9668],[37.3204,48.9528],[37.3077,48.951],[37.3076,48.9455],[37.3169,48.9387],[37.3329,48.9352],[37.328,48.922],[37.2694,48.9226],[37.2666,48.9063],[37.2238,48.9089],[37.2215,48.9001],[37.2104,48.8872],[37.1943,48.882],[37.1894,48.87],[37.1946,48.8495],[37.1922,48.8146],[37.1573,48.8245],[37.1511,48.8324],[37.1396,48.8326],[37.1459,48.8418],[37.1354,48.8426],[37.0988,48.851],[37.0783,48.8176],[37.0664,48.8139],[37.0238,48.8179],[37.0187,48.8018],[37.0075,48.8033],[36.9949,48.7874],[37.0231,48.7748],[37.023,48.7675],[37.0431,48.7663],[37.0359,48.7459],[37.0175,48.76],[36.9888,48.7748],[36.9757,48.7902],[36.9459,48.7956],[36.9316,48.7925],[36.921,48.7978],[36.8543,48.8003],[36.8392,48.7757],[36.8409,48.7727],[36.8209,48.7713],[36.8161,48.7775],[36.7879,48.7802],[36.7922,48.7858],[36.7834,48.7894],[36.7907,48.801],[36.76,48.7974],[36.7346,48.8043],[36.7198,48.8057],[36.7054,48.7884],[36.6893,48.7761],[36.6913,48.7704],[36.7091,48.7674],[36.7177,48.7447],[36.7122,48.7437],[36.7261,48.7143],[36.7356,48.7038],[36.7283,48.6928],[36.7175,48.6944],[36.7199,48.6835],[36.7164,48.6744],[36.7263,48.6662],[36.7216,48.6635],[36.7304,48.6568],[36.7228,48.6535],[36.7341,48.6465],[36.7389,48.6259],[36.704,48.6225],[36.7029,48.6278],[36.6725,48.6249],[36.6741,48.6184],[36.654,48.6163],[36.655,48.6095],[36.5907,48.6028],[36.5807,48.6072],[36.5787,48.6158],[36.5631,48.6166],[36.5581,48.6234],[36.4829,48.6636],[36.4468,48.6324],[36.4204,48.6352],[36.4426,48.6285],[36.4201,48.6083],[36.3813,48.5703],[36.3919,48.5648],[36.3552,48.5323],[36.355,48.5396],[36.3239,48.5556],[36.2962,48.5312],[36.2713,48.5437],[36.3194,48.5872],[36.2734,48.6092],[36.2518,48.621],[36.2588,48.6241],[36.2688,48.6375],[36.2659,48.6476],[36.282,48.6565],[36.2692,48.6666],[36.2674,48.6632],[36.2091,48.6911],[36.143,48.7243],[36.1618,48.749],[36.1401,48.7659],[36.1595,48.7681],[36.1532,48.7811],[36.1592,48.7842],[36.1291,48.8064],[36.1065,48.8091],[36.065,48.8084],[36.0756,48.8332],[36.053,48.8442],[36.0414,48.8437],[36.0193,48.8547],[36.0401,48.8735],[36.012,48.8876],[36.0437,48.9154],[35.9956,48.9394],[36.0035,48.9464],[35.9774,48.9597],[35.9895,48.9687],[35.94,48.999],[35.932,48.9787],[35.9426,48.9771],[35.9388,48.9713],[35.9304,48.975],[35.9172,48.9688],[35.9046,48.9731],[35.8839,48.9752],[35.8791,48.9627],[35.8556,48.9579],[35.8569,48.9453],[35.8308,48.9504],[35.8194,48.9399],[35.8089,48.9388],[35.815,48.9296],[35.8014,48.9274],[35.7918,48.9345],[35.8,48.9438],[35.7901,48.9459],[35.7916,48.9527],[35.7838,48.9547],[35.7752,48.9486],[35.762,48.9553],[35.7587,48.9481],[35.7405,48.9493],[35.7331,48.9668],[35.7189,48.9645],[35.7118,48.9576],[35.716,48.9536],[35.7093,48.9473],[35.6964,48.9469],[35.6929,48.9577],[35.6965,48.9649],[35.6855,48.9704],[35.6604,48.9745],[35.6475,48.9734],[35.6437,48.9666],[35.6277,48.9675],[35.6275,48.9829],[35.6042,48.9812],[35.5961,48.9867],[35.5851,48.9823],[35.578,48.9749],[35.5703,48.9785],[35.5603,48.9741],[35.53,48.9822],[35.5305,48.9777],[35.5126,48.981],[35.486,48.9725],[35.4849,48.9813],[35.4789,48.979],[35.4688,48.9881],[35.4561,48.9904],[35.4586,48.9978],[35.45,48.9977],[35.4361,49.0044],[35.4387,49.0112],[35.4163,49.0147],[35.4113,49.0124],[35.4003,49.0187],[35.4062,49.0266],[35.4012,49.0304],[35.3881,49.0268],[35.3654,49.0406],[35.352,49.0411],[35.3383,49.0504],[35.3429,49.0558],[35.3351,49.0611],[35.3227,49.0625],[35.3162,49.0684],[35.3021,49.0693],[35.312,49.0763],[35.3104,49.0882],[35.2796,49.0961],[35.2759,49.0907],[35.2696,49.0955],[35.2685,49.1043],[35.2588,49.1064],[35.2589,49.1124],[35.238,49.1117],[35.23,49.1013],[35.2182,49.1071],[35.1898,49.1108],[35.1988,49.1185],[35.2082,49.1178],[35.2109,49.1243],[35.2283,49.1267],[35.1925,49.139],[35.1896,49.1476],[35.2087,49.1495],[35.2075,49.1537],[35.1879,49.1625],[35.1588,49.1599],[35.1545,49.1531],[35.144,49.1501],[35.1332,49.1531],[35.1361,49.1591],[35.1196,49.1615],[35.1058,49.1581],[35.0869,49.1497],[35.088,49.1414],[35.0758,49.1491],[35.0798,49.1622],[35.0719,49.1593],[35.0756,49.1701],[35.0494,49.1759],[35.0502,49.166],[35.0433,49.1553],[35.0179,49.1508],[34.9804,49.2502],[35.0064,49.302],[35.0112,49.3004],[35.0239,49.3171],[35.0244,49.3255],[35.0368,49.3316],[35.0764,49.3181],[35.0823,49.3057],[35.0912,49.3006],[35.1081,49.3002],[35.1246,49.3027],[35.1705,49.2958],[35.2148,49.2956],[35.2168,49.2985],[35.2413,49.297],[35.2627,49.2891],[35.2583,49.2824],[35.2712,49.2773],[35.2766,49.2877],[35.2882,49.2964],[35.2792,49.3181],[35.3385,49.3647],[35.3193,49.3748],[35.3409,49.3907],[35.3579,49.382],[35.3753,49.3982],[35.348,49.4048],[35.3639,49.447],[35.316,49.4563],[35.3312,49.4949],[35.3317,49.5049],[35.4617,49.4837],[35.4628,49.4871],[35.4813,49.4841],[35.4911,49.5083],[35.4846,49.5165],[35.4287,49.5267],[35.4334,49.5401],[35.425,49.5413],[35.4268,49.5496],[35.4049,49.5554],[35.41,49.5615],[35.4753,49.5658],[35.4857,49.572],[35.4645,49.6032],[35.4523,49.6305],[35.4413,49.6438],[35.4256,49.656],[35.4239,49.6637],[35.4343,49.666],[35.4334,49.6734],[35.4204,49.6711],[35.3911,49.6698],[35.3833,49.6673],[35.3447,49.665],[35.3312,49.681],[35.2987,49.6867],[35.2654,49.6852],[35.2435,49.6937],[35.2555,49.7087],[35.2423,49.713],[35.2649,49.7147],[35.2594,49.7334],[35.223,49.7366],[35.2077,49.7467],[35.2063,49.7636],[35.2123,49.7716],[35.206,49.7819],[35.2115,49.7891],[35.2009,49.7947],[35.1996,49.8004],[35.2222,49.807],[35.216,49.8137],[35.2194,49.8297],[35.1963,49.8356],[35.1988,49.8402],[35.168,49.8477],[35.1641,49.8535],[35.1401,49.8597],[35.1191,49.8514],[35.1055,49.8576],[35.0851,49.86],[35.0738,49.858],[35.0509,49.8683],[35.0541,49.8806],[35.0638,49.8854],[35.0338,49.8873],[35.0143,49.876],[34.9804,49.8898],[34.9705,49.8853],[34.9451,49.8987],[34.9363,49.9065],[34.9125,49.9353],[34.8931,49.9321],[34.8775,49.9441],[34.8595,49.9496],[34.8698,49.9557],[34.8561,49.9866],[34.8809,50.0064],[34.9022,50.0321],[34.9344,50.0546],[34.9381,50.0618],[34.9638,50.0737],[34.9572,50.0824],[34.9559,50.0933],[34.9374,50.0957],[34.9328,50.1347],[34.9408,50.1526],[34.9642,50.1555],[34.9743,50.1592],[34.9614,50.1858],[34.9763,50.1822],[34.9941,50.1839],[35.0061,50.1779],[35.0085,50.1853],[35.0326,50.1805],[35.0297,50.1657],[35.0411,50.1646],[35.0589,50.1855],[35.0642,50.1828],[35.077,50.2005],[35.0702,50.206],[35.0896,50.2124],[35.1055,50.2145],[35.1283,50.2268],[35.1481,50.2422],[35.1926,50.2282],[35.1991,50.2353],[35.2348,50.2281],[35.2376,50.2365],[35.2604,50.2344],[35.2605,50.257],[35.2661,50.2653],[35.3001,50.2625],[35.3159,50.2708],[35.3287,50.2734],[35.3249,50.2777],[35.2965,50.2895],[35.33,50.3187],[35.3822,50.2945],[35.3854,50.3059],[35.3791,50.3205],[35.3968,50.3188],[35.4099,50.321],[35.4235,50.335],[35.439,50.3169],[35.4596,50.3149],[35.4583,50.3096],[35.4964,50.2926],[35.5043,50.2998],[35.5244,50.2901],[35.5353,50.302],[35.5159,50.3172],[35.5589,50.3212],[35.5734,50.3198],[35.5939,50.3313],[35.6117,50.3261],[35.6303,50.3244],[35.6233,50.3212],[35.6365,50.3134],[35.6502,50.3098],[35.6558,50.3124],[35.6603,50.3268],[35.6729,50.3255],[35.6887,50.3347],[35.6921,50.3441],[35.7091,50.3547],[35.7382,50.3545],[35.7566,50.3684],[35.7928,50.3898],[35.807,50.4051],[35.8054,50.4122],[35.8193,50.419],[35.8374,50.4232],[35.9319,50.4302],[36.1058,50.4211],[36.1332,50.4116],[36.1408,50.3929],[36.1693,50.3837],[36.269,50.2814],[36.292,50.274],[36.3159,50.2749],[36.3395,50.2815],[36.3551,50.2887],[36.363,50.2875],[36.3793,50.293],[36.3739,50.2996],[36.3985,50.3066],[36.4306,50.2969],[36.4527,50.2936],[36.4802,50.2809],[36.5121,50.2764],[36.5364,50.2675],[36.5317,50.2288],[36.5346,50.2199],[36.5495,50.2122],[36.571,50.2069],[36.5944,50.2044],[36.6169,50.2064],[36.6358,50.214],[36.6428,50.2207],[36.6487,50.2177],[36.6643,50.2219],[36.6799,50.2381],[36.69,50.2634],[36.8203,50.3129],[36.8329,50.3131],[36.8486,50.3237],[36.9141,50.3391],[36.9801,50.3421],[37.0517,50.3353],[37.197,50.3624],[37.2267,50.3771],[37.2422,50.3872],[37.256,50.3925],[37.2925,50.4013],[37.2993,50.4059],[37.3076,50.4211],[37.3148,50.423],[37.4152,50.4319],[37.4353,50.4249],[37.4503,50.399],[37.4638,50.3665],[37.48,50.34],[37.5682,50.3125],[37.5992,50.2909],[37.6016,50.249],[37.5886,50.2146],[37.5903,50.2038],[37.5971,50.1969],[37.6318,50.1741],[37.7276,50.0787],[37.7634,50.0626],[37.8428,50.0391],[37.8817,50.023],[37.9159,50.0033],[37.9466,49.9782],[37.979,49.9414],[37.9953,49.9213],[37.9959,49.9059],[38.0004,49.8998],[38.0228,49.9091],[38.033,49.9002],[38.0675,49.8655]]]}},{"type":"Feature","properties":{"id":"kherson","nameUk":"Херсонська область","nameEn":"Kherson Oblast"},"geometry":{"type":"MultiPolygon","coordinates":[[[[35.2635,46.2423],[35.2095,46.1699],[35.1847,46.1455],[35.1618,46.1282],[35.1211,46.1185],[35.0965,46.1042],[35.0623,46.0986],[35.0386,46.0861],[35.0,46.0736],[34.9821,46.0778],[34.9854,46.0875],[35.0171,46.1128],[35.0519,46.1282],[35.0444,46.1419],[35.1489,46.1641],[35.2004,46.183],[35.2279,46.2217],[35.2518,46.2402],[35.2696,46.2665],[35.2849,46.2597],[35.2635,46.2423]]],[[[33.1761,47.5677],[33.1849,47.5728],[33.2015,47.5693],[33.234,47.5771],[33.236,47.5631],[33.23,47.555],[33.218,47.5479],[33.2212,47.5385],[33.2151,47.5343],[33.2226,47.5305],[33.2418,47.5304],[33.2731,47.5461],[33.2874,47.5431],[33.286,47.5249],[33.2788,47.52],[33.2866,47.51],[33.2984,47.5032],[33.31,47.5016],[33.315,47.4907],[33.3072,47.4862],[33.3143,47.4825],[33.3488,47.4937],[33.3301,47.5101],[33.3227,47.5236],[33.3575,47.5274],[33.4861,47.5439],[33.4737,47.5873],[33.5803,47.6002],[33.5838,47.5882],[33.5881,47.5887],[33.5923,47.5737],[33.6055,47.575],[33.6091,47.5609],[33.5887,47.5582],[33.5925,47.5444],[33.5804,47.5325],[33.5884,47.5023],[33.605,47.5042],[33.6037,47.5104],[33.636,47.5141],[33.6436,47.4845],[33.8092,47.5024],[33.9178,47.5131],[33.9396,47.516],[33.9471,47.5],[33.9513,47.4616],[33.9571,47.4575],[33.997,47.4595],[34.0033,47.4566],[34.0373,47.4646],[34.0744,47.4706],[34.1395,47.4772],[34.164,47.4709],[34.2127,47.4551],[34.2272,47.4481],[34.2427,47.4339],[34.253,47.4095],[34.2564,47.3942],[34.2529,47.3911],[34.26,47.3606],[34.2712,47.3622],[34.2834,47.3263],[34.2826,47.3177],[34.293,47.2743],[34.3053,47.2691],[34.3291,47.2907],[34.3576,47.2934],[34.3696,47.2836],[34.4012,47.2872],[34.3987,47.2984],[34.4188,47.3009],[34.4135,47.3233],[34.492,47.3323],[34.5026,47.3398],[34.5148,47.3376],[34.5088,47.3277],[34.5138,47.3181],[34.4794,47.3151],[34.4878,47.2799],[34.5182,47.2835],[34.5236,47.2672],[34.5272,47.2674],[34.5301,47.2508],[34.4909,47.2468],[34.491,47.2406],[34.5027,47.1887],[34.5195,47.1047],[34.5535,47.106],[34.5529,47.102],[34.5673,47.0245],[34.5917,47.0268],[34.5996,46.9918],[34.6175,46.9933],[34.6238,46.9734],[34.6426,46.9741],[34.681,46.9791],[34.6855,46.9559],[34.7362,46.9615],[34.745,46.9216],[34.7526,46.8795],[34.8047,46.8825],[34.8127,46.8336],[34.817,46.8289],[34.7581,46.8227],[34.7676,46.7809],[34.7501,46.7805],[34.7505,46.7579],[34.7352,46.7571],[34.735,46.7473],[34.6587,46.7403],[34.6613,46.7272],[34.6252,46.724],[34.6322,46.6876],[34.6808,46.692],[34.6836,46.6773],[34.7462,46.6832],[34.7563,46.627],[34.7128,46.6201],[34.7233,46.5815],[34.7483,46.5842],[34.7576,46.5493],[34.8912,46.5626],[34.895,46.5376],[34.8851,46.5367],[34.8904,46.5068],[34.9472,46.5125],[34.9531,46.5038],[35.0222,46.4793],[35.0535,46.4816],[35.063,46.4249],[35.0642,46.4248],[35.071,46.3798],[35.0583,46.3755],[35.0735,46.2999],[35.1124,46.3021],[35.075,46.2711],[35.0308,46.2518],[34.936,46.2354],[34.9141,46.2381],[34.9048,46.2557],[34.8936,46.2518],[34.8866,46.2427],[34.8822,46.2217],[34.8389,46.2077],[34.8176,46.1862],[34.8113,46.1662],[34.8191,46.1419],[34.8242,46.0779],[34.8289,46.0634],[34.8386,46.0476],[34.8744,45.9261],[34.8835,45.9128],[34.905,45.8886],[34.9582,45.7895],[34.9778,45.7623],[34.9598,45.7566],[34.9454,45.764],[34.8926,45.7845],[34.8643,45.7941],[34.7991,45.8105],[34.8022,45.9006],[34.7545,45.9086],[34.6699,45.9676],[34.6285,45.9864],[34.6061,45.9931],[34.5852,45.9956],[34.5612,45.9944],[34.5542,45.9905],[34.5444,45.9761],[34.5218,45.9547],[34.5025,45.9438],[34.4815,45.943],[34.4663,45.9475],[34.443,45.9618],[34.4132,45.9897],[34.405,46.0093],[34.3472,46.0549],[34.3295,46.0606],[34.2478,46.0532],[34.1884,46.0661],[34.178,46.0696],[34.145,46.0867],[34.1359,46.0967],[34.1175,46.1073],[34.0809,46.1176],[34.0695,46.1167],[34.0526,46.1091],[33.9982,46.1265],[33.9847,46.1347],[33.9185,46.1583],[33.9051,46.1654],[33.8613,46.1945],[33.8487,46.1997],[33.8113,46.2038],[33.7969,46.203],[33.7726,46.1976],[33.7503,46.1877],[33.7358,46.1861],[33.6996,46.2029],[33.6855,46.2064],[33.6655,46.2213],[33.6459,46.2302],[33.6152,46.2262],[33.6356,46.1463],[33.6413,46.1424],[33.6202,46.1362],[33.6135,46.1452],[33.5965,46.1557],[33.5715,46.1494],[33.5498,46.1364],[33.5325,46.1215],[33.5313,46.1069],[33.5579,46.0947],[33.5579,46.0873],[33.5313,46.0859],[33.5056,46.0803],[33.4958,46.0679],[33.5163,46.0463],[33.5064,46.0468],[33.4855,46.0532],[33.4238,46.0533],[33.4153,46.0581],[33.3843,46.0876],[33.3578,46.1038],[33.3311,46.1075],[33.3108,46.0873],[33.3058,46.0924],[33.2903,46.0947],[33.3069,46.1061],[33.3177,46.1197],[33.3157,46.131],[33.2935,46.1357],[33.2146,46.1282],[33.2254,46.1541],[33.2351,46.2238],[33.2119,46.2063],[33.195,46.1787],[33.1751,46.1531],[33.1229,46.1359],[33.1033,46.1384],[33.0818,46.1494],[33.0234,46.1699],[33.0325,46.141],[33.0182,46.1277],[32.9131,46.1152],[32.8993,46.1152],[32.8762,46.1214],[32.8446,46.1214],[32.7898,46.1343],[32.7663,46.1357],[32.7513,46.133],[32.714,46.1201],[32.5882,46.1044],[32.5676,46.0966],[32.5437,46.0805],[32.5034,46.0761],[32.3025,46.1167],[32.2805,46.1276],[32.2625,46.1282],[32.2474,46.1707],[32.242,46.1767],[32.2609,46.1886],[32.2693,46.2046],[32.2393,46.1953],[32.2131,46.1931],[32.1873,46.1967],[32.1154,46.2145],[32.0779,46.2495],[32.0501,46.2661],[32.0181,46.2575],[31.9684,46.2757],[31.8858,46.32],[31.884,46.3087],[31.8899,46.2838],[31.8823,46.2791],[31.8192,46.2806],[31.8011,46.2851],[31.7859,46.2924],[31.7725,46.3027],[31.7673,46.3182],[31.78,46.3318],[31.7998,46.3422],[31.8167,46.348],[31.8374,46.3496],[31.8926,46.3411],[31.9683,46.3511],[31.9773,46.3553],[32.0296,46.389],[32.0552,46.3906],[32.0619,46.3938],[32.0536,46.406],[32.0078,46.449],[31.9917,46.4536],[31.9546,46.451],[31.9107,46.4559],[31.81,46.4848],[31.8144,46.4926],[31.8327,46.4999],[31.8457,46.4979],[31.859,46.52],[31.8618,46.5193],[31.9471,46.5193],[32.0335,46.5063],[32.0912,46.5128],[32.1117,46.5124],[32.2215,46.4954],[32.2761,46.4709],[32.3176,46.4643],[32.361,46.4669],[32.3997,46.4783],[32.427,46.4988],[32.4084,46.5173],[32.4357,46.5432],[32.5057,46.5841],[32.5248,46.5927],[32.571,46.5964],[32.5884,46.6043],[32.6038,46.6157],[32.6338,46.6331],[32.6455,46.6496],[32.6218,46.6418],[32.5946,46.6283],[32.5674,46.6185],[32.5437,46.6217],[32.409,46.5689],[32.3358,46.5622],[32.2693,46.5876],[32.2538,46.6047],[32.2368,46.6044],[32.2201,46.5907],[32.1802,46.5818],[32.1699,46.5808],[32.1463,46.5602],[32.1321,46.5703],[32.1179,46.6069],[32.1011,46.6149],[32.0396,46.6235],[32.0228,46.6291],[32.009,46.6398],[31.9884,46.6642],[32.0307,46.6689],[32.0207,46.6775],[32.0714,46.6837],[32.087,46.6835],[32.0757,46.73],[32.0609,46.728],[32.0572,46.7446],[32.1089,46.7525],[32.1118,46.7451],[32.1715,46.7523],[32.169,46.7635],[32.2187,46.7713],[32.2097,46.8057],[32.2304,46.8085],[32.2522,46.8196],[32.2314,46.8387],[32.2275,46.8452],[32.3147,46.806],[32.3416,46.7954],[32.3729,46.7991],[32.3654,46.8293],[32.4633,46.8404],[32.4693,46.8166],[32.532,46.8238],[32.5261,46.8484],[32.5417,46.8502],[32.5343,46.8821],[32.5451,46.8826],[32.5467,46.8694],[32.5705,46.8726],[32.5718,46.8632],[32.5855,46.8558],[32.6111,46.8588],[32.6175,46.8544],[32.6879,46.8621],[32.6979,46.8226],[32.7429,46.8279],[32.7646,46.828],[32.7675,46.8206],[32.7794,46.8249],[32.7762,46.8311],[32.8148,46.8346],[32.8136,46.8401],[32.8716,46.8468],[32.9491,46.8579],[32.9463,46.8687],[32.9199,46.8661],[32.9153,46.8833],[32.8564,46.877],[32.836,46.8846],[32.8415,46.9],[32.9246,46.9101],[32.9217,46.9267],[32.9795,46.9335],[32.9756,46.9491],[32.9499,46.946],[32.9418,46.9738],[32.934,46.9863],[32.9497,47.0032],[33.0228,46.9729],[33.0686,47.0222],[32.9984,47.0528],[32.9279,47.0816],[32.9103,47.0939],[32.9146,47.1053],[32.9068,47.1206],[32.9192,47.133],[32.92,47.1461],[32.9313,47.1499],[32.9487,47.1636],[32.9614,47.1896],[32.9908,47.1938],[33.0001,47.1894],[33.0007,47.1961],[33.0096,47.1933],[33.0144,47.1805],[33.0254,47.1765],[33.0386,47.1784],[33.0362,47.1875],[33.0547,47.1921],[33.0662,47.2008],[33.0662,47.22],[33.0971,47.2237],[33.1129,47.2055],[33.1296,47.2028],[33.1427,47.2108],[33.1337,47.2132],[33.1272,47.23],[33.1445,47.2304],[33.1621,47.2366],[33.1598,47.2322],[33.1828,47.2397],[33.1769,47.2419],[33.1362,47.2678],[33.1395,47.2723],[33.1202,47.2777],[33.1185,47.282],[33.1052,47.2805],[33.1021,47.2907],[33.1094,47.2929],[33.1108,47.301],[33.1029,47.3223],[33.1306,47.3286],[33.1373,47.3337],[33.1322,47.3456],[33.1215,47.3904],[33.0393,47.3797],[33.0295,47.4213],[33.0372,47.4259],[33.0341,47.4416],[33.0539,47.4441],[33.0473,47.4685],[33.0705,47.4748],[33.0716,47.4124],[33.1378,47.4195],[33.1257,47.4773],[33.1301,47.4825],[33.1232,47.5079],[33.147,47.5152],[33.1413,47.5445],[33.0954,47.5279],[33.0889,47.5522],[33.0927,47.5788],[33.1761,47.5677]]],[[[33.0401,46.0122],[32.6194,46.06],[32.6314,46.0662],[32.6393,46.06],[32.7832,46.0463],[32.8521,46.0563],[32.8817,46.0554],[32.9136,46.0388],[32.9548,46.0517],[32.9787,46.0533],[32.9994,46.0353],[33.0451,46.0379],[33.0575,46.0252],[33.0401,46.0122]]],[[[32.1439,46.1527],[32.1018,46.1667],[31.7372,46.2208],[31.5803,46.2628],[31.549,46.2824],[31.522,46.3132],[31.514,46.3294],[31.5051,46.3549],[31.5044,46.3734],[31.522,46.3685],[31.5384,46.3258],[31.5544,46.2963],[31.578,46.2756],[31.6182,46.2592],[32.0708,46.1824],[32.1531,46.156],[32.1663,46.1494],[32.1439,46.1527]]]]}},{"type":"Feature","properties":{"id":"khmelnytskyi","nameUk":"Хмельницька область","nameEn":"Khmelnytskyi Oblast"},"geometry":{"type":"Polygon","coordinates":[[[27.1964,50.5532],[27.2065,50.5318],[27.2624,50.5097],[27.2616,50.4954],[27.2688,50.4907],[27.2988,50.4939],[27.3003,50.4888],[27.2896,50.4726],[27.2916,50.4567],[27.2623,50.4273],[27.254,50.4134],[27.2492,50.3927],[27.3208,50.3688],[27.323,50.3529],[27.3132,50.3402],[27.3158,50.3306],[27.3258,50.3339],[27.3519,50.3312],[27.3628,50.3325],[27.4143,50.3071],[27.4165,50.2945],[27.3976,50.2881],[27.4156,50.2752],[27.4449,50.275],[27.4424,50.2604],[27.46,50.2571],[27.4812,50.2567],[27.481,50.2517],[27.4911,50.2383],[27.5214,50.2253],[27.527,50.2256],[27.5424,50.2458],[27.563,50.2455],[27.5668,50.253],[27.5779,50.2586],[27.5965,50.2585],[27.6008,50.242],[27.5951,50.23],[27.593,50.2154],[27.6082,50.215],[27.6115,50.1951],[27.6213,50.1977],[27.6214,50.1696],[27.642,50.1731],[27.6366,50.1879],[27.6618,50.1935],[27.6651,50.1697],[27.6789,50.1609],[27.6728,50.1537],[27.6523,50.1533],[27.6485,50.144],[27.6323,50.1458],[27.6321,50.1336],[27.6252,50.1236],[27.6385,50.1161],[27.6235,50.1127],[27.6228,50.1047],[27.6294,50.1035],[27.6147,50.0861],[27.6667,50.0766],[27.6745,50.0694],[27.6747,50.056],[27.6814,50.047],[27.6812,50.0352],[27.6708,50.0256],[27.6571,50.0261],[27.6577,50.0333],[27.6422,50.0373],[27.6101,50.0062],[27.584,50.0169],[27.5636,50.0196],[27.5592,50.0128],[27.5462,50.0113],[27.5457,50.0002],[27.554,49.9881],[27.5618,49.9838],[27.5656,49.9592],[27.5748,49.9491],[27.5559,49.9446],[27.5566,49.9354],[27.5477,49.9348],[27.5491,49.9094],[27.5458,49.9008],[27.5656,49.902],[27.5655,49.91],[27.5889,49.8973],[27.5969,49.8902],[27.6169,49.8945],[27.6252,49.8924],[27.61,49.8755],[27.6158,49.873],[27.6186,49.8559],[27.6271,49.8504],[27.6225,49.8389],[27.6362,49.8278],[27.6459,49.8078],[27.6588,49.8013],[27.6636,49.7949],[27.6683,49.8082],[27.6923,49.8025],[27.6975,49.8093],[27.7163,49.8063],[27.7275,49.7998],[27.7234,49.7899],[27.7072,49.779],[27.7033,49.7694],[27.7258,49.7644],[27.7495,49.7567],[27.7571,49.747],[27.781,49.7285],[27.8069,49.7279],[27.817,49.7347],[27.8367,49.7298],[27.806,49.7096],[27.8112,49.7022],[27.7895,49.7011],[27.7623,49.6968],[27.7693,49.6657],[27.8105,49.6436],[27.8114,49.6147],[27.7996,49.6201],[27.7831,49.5967],[27.7734,49.5956],[27.7708,49.5893],[27.7612,49.5853],[27.7589,49.5723],[27.7738,49.5673],[27.7946,49.5527],[27.7854,49.5454],[27.7947,49.5328],[27.7802,49.521],[27.7699,49.5224],[27.7577,49.5317],[27.7433,49.531],[27.7358,49.51],[27.7355,49.4951],[27.7675,49.4892],[27.7896,49.492],[27.7761,49.4751],[27.7639,49.4783],[27.7563,49.463],[27.7455,49.4512],[27.7512,49.4394],[27.7666,49.4436],[27.7809,49.4429],[27.7912,49.4342],[27.805,49.4386],[27.8274,49.4214],[27.8463,49.4313],[27.85,49.421],[27.8324,49.4059],[27.8335,49.3913],[27.8119,49.3883],[27.8113,49.379],[27.8169,49.3743],[27.8284,49.3748],[27.8289,49.3679],[27.8114,49.3685],[27.8149,49.3555],[27.8376,49.3507],[27.8594,49.3289],[27.8518,49.3117],[27.8632,49.2926],[27.8496,49.2641],[27.8584,49.2555],[27.8716,49.25],[27.8708,49.2416],[27.8573,49.2369],[27.8674,49.2143],[27.8836,49.2154],[27.8944,49.2089],[27.898,49.1872],[27.8883,49.1854],[27.882,49.1782],[27.8545,49.1695],[27.8405,49.1796],[27.8236,49.1801],[27.8168,49.1892],[27.8035,49.1849],[27.7976,49.1768],[27.7895,49.1783],[27.7822,49.19],[27.7766,49.1893],[27.7808,49.1734],[27.7639,49.1605],[27.7549,49.1575],[27.7529,49.148],[27.7362,49.1411],[27.7126,49.1481],[27.698,49.1382],[27.6941,49.1441],[27.6867,49.1411],[27.6393,49.1675],[27.6194,49.1617],[27.6011,49.1613],[27.5938,49.1551],[27.595,49.1328],[27.5784,49.1225],[27.5693,49.1214],[27.5422,49.1346],[27.5335,49.1411],[27.5368,49.1254],[27.5333,49.1209],[27.5062,49.1318],[27.5068,49.1274],[27.4924,49.1217],[27.5054,49.1104],[27.4915,49.0937],[27.4799,49.0887],[27.4985,49.0758],[27.5038,49.0688],[27.4634,49.0707],[27.4373,49.0699],[27.439,49.0652],[27.4284,49.0647],[27.4271,49.053],[27.416,49.0546],[27.405,49.0291],[27.3825,49.0079],[27.398,48.9979],[27.3956,48.9903],[27.408,48.9724],[27.4171,48.9714],[27.4113,48.9609],[27.4175,48.9543],[27.4033,48.9528],[27.4029,48.9474],[27.3912,48.9386],[27.397,48.9254],[27.3937,48.9004],[27.415,48.8818],[27.4153,48.8463],[27.4136,48.8366],[27.4177,48.8221],[27.4108,48.8136],[27.4268,48.7937],[27.4165,48.7894],[27.4128,48.7784],[27.4037,48.7736],[27.4055,48.7659],[27.3885,48.7641],[27.4124,48.7389],[27.3997,48.7295],[27.407,48.7125],[27.415,48.7028],[27.4133,48.695],[27.4062,48.6946],[27.4071,48.6866],[27.3988,48.6883],[27.3876,48.6719],[27.3884,48.6605],[27.3808,48.6521],[27.373,48.6306],[27.3549,48.6316],[27.3448,48.6051],[27.33,48.6006],[27.3125,48.6],[27.3042,48.6044],[27.2881,48.6222],[27.2774,48.6266],[27.2546,48.6271],[27.2327,48.6107],[27.2362,48.6054],[27.2495,48.6015],[27.2653,48.5863],[27.2658,48.5776],[27.2481,48.5651],[27.2304,48.5635],[27.2185,48.566],[27.1868,48.5831],[27.1608,48.5852],[27.1422,48.5759],[27.1352,48.5666],[27.1094,48.5564],[27.0899,48.5569],[27.0496,48.5657],[27.0313,48.5649],[26.9988,48.5707],[26.9955,48.5884],[26.9885,48.5901],[26.9644,48.5761],[26.9396,48.5766],[26.9213,48.5721],[26.9021,48.5502],[26.8884,48.5432],[26.8745,48.5426],[26.8532,48.5503],[26.8396,48.5604],[26.8223,48.5803],[26.8262,48.6012],[26.8174,48.6097],[26.8057,48.61],[26.7834,48.6002],[26.7793,48.5883],[26.7938,48.5715],[26.7899,48.5547],[26.7784,48.547],[26.761,48.5504],[26.7567,48.5553],[26.7481,48.5795],[26.7289,48.5874],[26.7212,48.5847],[26.7241,48.574],[26.7371,48.5675],[26.7433,48.5573],[26.739,48.5387],[26.7207,48.5316],[26.7088,48.5335],[26.6657,48.5588],[26.6545,48.561],[26.6319,48.5589],[26.618,48.5488],[26.6202,48.5401],[26.6308,48.5361],[26.6654,48.5412],[26.6787,48.5361],[26.6794,48.5289],[26.6883,48.5188],[26.7111,48.5042],[26.7139,48.4974],[26.7083,48.4896],[26.6939,48.4865],[26.6662,48.4877],[26.6484,48.4953],[26.6296,48.5076],[26.6104,48.5056],[26.6089,48.4939],[26.6258,48.469],[26.619,48.4555],[26.5963,48.4512],[26.5665,48.4551],[26.5515,48.4653],[26.5365,48.4858],[26.5054,48.5187],[26.4943,48.5404],[26.4851,48.5465],[26.472,48.5468],[26.4433,48.5386],[26.4325,48.5476],[26.4197,48.5413],[26.4047,48.5448],[26.3954,48.5564],[26.3795,48.5647],[26.3752,48.5608],[26.3782,48.5496],[26.3723,48.5433],[26.3611,48.5415],[26.3665,48.5511],[26.3616,48.561],[26.344,48.5625],[26.3364,48.5695],[26.341,48.5743],[26.3595,48.581],[26.3582,48.5889],[26.3449,48.5851],[26.3409,48.5977],[26.3248,48.5993],[26.327,48.6105],[26.3066,48.6163],[26.293,48.6229],[26.2977,48.6282],[26.3139,48.6244],[26.3239,48.6312],[26.3163,48.6378],[26.2942,48.6356],[26.2879,48.6401],[26.309,48.6499],[26.3075,48.6576],[26.28,48.647],[26.267,48.6503],[26.2775,48.6596],[26.2795,48.6682],[26.2685,48.6719],[26.2589,48.6678],[26.2431,48.6715],[26.2454,48.6839],[26.2345,48.6815],[26.2216,48.6855],[26.2231,48.6931],[26.2343,48.6925],[26.2379,48.6977],[26.2289,48.7081],[26.2398,48.7194],[26.2357,48.7296],[26.2436,48.7366],[26.2244,48.7486],[26.2284,48.7547],[26.2362,48.7494],[26.2457,48.7561],[26.2299,48.7638],[26.2386,48.7698],[26.2337,48.7793],[26.2146,48.7803],[26.2076,48.7977],[26.2184,48.7997],[26.218,48.7934],[26.2324,48.79],[26.2363,48.7948],[26.2247,48.8083],[26.2267,48.8142],[26.2535,48.8087],[26.2571,48.8197],[26.2492,48.8226],[26.2373,48.8176],[26.2329,48.8266],[26.2204,48.8326],[26.2223,48.8434],[26.2181,48.8516],[26.2029,48.8551],[26.1998,48.8611],[26.2095,48.8633],[26.2059,48.8748],[26.2143,48.8817],[26.2052,48.8907],[26.2069,48.8991],[26.2245,48.9038],[26.2204,48.9127],[26.2118,48.9134],[26.1954,48.9037],[26.1856,48.9104],[26.1859,48.9181],[26.1991,48.9212],[26.1942,48.934],[26.2074,48.9488],[26.207,48.9575],[26.1811,48.9656],[26.1774,48.9737],[26.1845,48.9788],[26.1971,48.9742],[26.2119,48.9827],[26.2088,48.9876],[26.1882,48.988],[26.1761,48.9955],[26.1838,49.0016],[26.2145,49.0011],[26.2155,49.0105],[26.1978,49.0246],[26.2079,49.0358],[26.191,49.0444],[26.1835,49.0573],[26.1897,49.0623],[26.2145,49.0707],[26.2121,49.0742],[26.1951,49.0734],[26.1963,49.0904],[26.2038,49.0971],[26.2033,49.1136],[26.1956,49.1278],[26.2049,49.1345],[26.1946,49.1375],[26.1991,49.1461],[26.1916,49.1523],[26.1925,49.1618],[26.1997,49.1619],[26.2033,49.1693],[26.1888,49.173],[26.1962,49.1817],[26.1832,49.1951],[26.1962,49.2125],[26.1911,49.2206],[26.2004,49.2197],[26.1988,49.2274],[26.2074,49.2326],[26.201,49.2378],[26.2078,49.246],[26.2365,49.2453],[26.2433,49.2428],[26.2417,49.2537],[26.258,49.2628],[26.2437,49.2723],[26.2422,49.2781],[26.2569,49.279],[26.249,49.2855],[26.2595,49.2897],[26.2461,49.3007],[26.2521,49.3086],[26.245,49.3165],[26.227,49.3257],[26.229,49.3503],[26.2407,49.3458],[26.2436,49.3539],[26.2338,49.3556],[26.2445,49.3697],[26.2195,49.3786],[26.2297,49.3831],[26.2306,49.3947],[26.2357,49.3999],[26.2247,49.4032],[26.2293,49.4077],[26.2144,49.4217],[26.2111,49.4171],[26.1933,49.4301],[26.2,49.4385],[26.1896,49.4531],[26.1884,49.4806],[26.1801,49.4872],[26.167,49.4912],[26.1519,49.5044],[26.1427,49.5087],[26.1576,49.5206],[26.1586,49.532],[26.1757,49.5493],[26.1904,49.5566],[26.2021,49.5541],[26.2023,49.5468],[26.2191,49.5512],[26.2154,49.5677],[26.2074,49.5769],[26.2145,49.59],[26.1992,49.607],[26.2085,49.6097],[26.2175,49.6201],[26.2256,49.6235],[26.2315,49.6366],[26.2395,49.6379],[26.2534,49.6331],[26.2655,49.6421],[26.2599,49.6537],[26.2725,49.6569],[26.2687,49.6688],[26.2491,49.682],[26.2441,49.6915],[26.223,49.7029],[26.1944,49.7097],[26.1908,49.7142],[26.2127,49.731],[26.2141,49.7353],[26.2436,49.7453],[26.2365,49.7719],[26.2408,49.7756],[26.2255,49.7801],[26.2296,49.7872],[26.2194,49.7979],[26.2169,49.8107],[26.2104,49.8112],[26.2047,49.8211],[26.1977,49.8218],[26.1849,49.8366],[26.1855,49.8461],[26.1782,49.8473],[26.2011,49.8663],[26.1868,49.8741],[26.1754,49.8755],[26.1628,49.8817],[26.1629,49.8876],[26.1328,49.8984],[26.1391,49.9127],[26.1661,49.9222],[26.1578,49.9323],[26.1448,49.9609],[26.1448,49.976],[26.1669,49.9856],[26.1725,49.994],[26.2024,49.9921],[26.2106,50.0159],[26.1759,50.0251],[26.2013,50.0363],[26.2165,50.0363],[26.2175,50.0462],[26.2259,50.0458],[26.2216,50.0598],[26.2009,50.0673],[26.2069,50.0756],[26.2005,50.0792],[26.2047,50.09],[26.1987,50.0978],[26.2735,50.1029],[26.2737,50.1135],[26.2349,50.1312],[26.2435,50.1433],[26.2229,50.1428],[26.2114,50.152],[26.2208,50.1648],[26.2117,50.1741],[26.2205,50.1797],[26.2294,50.172],[26.2459,50.1743],[26.2597,50.1803],[26.2737,50.1787],[26.2871,50.184],[26.3056,50.1992],[26.3018,50.2049],[26.3065,50.2125],[26.3151,50.2155],[26.3241,50.2296],[26.3497,50.2386],[26.3625,50.2512],[26.3773,50.2511],[26.3838,50.2598],[26.3972,50.265],[26.4203,50.2603],[26.4712,50.2604],[26.479,50.2652],[26.5044,50.262],[26.4952,50.2666],[26.4991,50.2714],[26.4937,50.2803],[26.5152,50.2897],[26.5196,50.305],[26.5264,50.3103],[26.5328,50.3061],[26.5468,50.3083],[26.5438,50.3174],[26.5613,50.3169],[26.5632,50.3213],[26.5525,50.3298],[26.5872,50.3394],[26.5882,50.3464],[26.6019,50.368],[26.6206,50.371],[26.6479,50.365],[26.6599,50.3921],[26.6824,50.3893],[26.6923,50.4202],[26.7126,50.4171],[26.718,50.4457],[26.7368,50.4447],[26.738,50.452],[26.7273,50.4573],[26.7333,50.4627],[26.735,50.4773],[26.7458,50.4798],[26.7472,50.4721],[26.742,50.4613],[26.7672,50.4672],[26.7866,50.4673],[26.7894,50.4755],[26.7612,50.4702],[26.7601,50.4764],[26.7683,50.4775],[26.7662,50.4911],[26.7814,50.4952],[26.779,50.5013],[26.7897,50.504],[26.8178,50.5031],[26.8193,50.5134],[26.8277,50.5232],[26.8536,50.5097],[26.8713,50.5214],[26.8786,50.5345],[26.899,50.5463],[26.9098,50.5398],[26.9407,50.5305],[26.9668,50.5292],[26.9831,50.5229],[26.989,50.5341],[27.0074,50.5399],[27.0178,50.5593],[27.0568,50.5516],[27.0711,50.551],[27.075,50.5555],[27.0648,50.5621],[27.0795,50.5836],[27.0878,50.58],[27.0909,50.5873],[27.1036,50.5838],[27.1127,50.5935],[27.1307,50.5885],[27.1255,50.5725],[27.1308,50.5605],[27.1486,50.5629],[27.1959,50.5622],[27.1964,50.5532]]]}},{"type":"Feature","properties":{"id":"kirovohrad","nameUk":"Кіровоградська область","nameEn":"Kirovohrad Oblast"},"geometry":{"type":"Polygon","coordinates":[[[29.7732,48.2174],[29.772,48.2256],[29.7828,48.2426],[29.7713,48.2567],[29.7765,48.2586],[29.774,48.272],[29.7598,48.2778],[29.7495,48.2895],[29.7507,48.2993],[29.7643,48.2965],[29.7735,48.3051],[29.7689,48.3092],[29.7824,48.3146],[29.7843,48.3301],[29.7992,48.3286],[29.8041,48.332],[29.8048,48.3473],[29.8126,48.3495],[29.8056,48.3601],[29.7872,48.3699],[29.8706,48.4163],[29.8645,48.4259],[29.884,48.4304],[29.8858,48.4274],[29.9259,48.4433],[29.9274,48.4397],[29.9513,48.4501],[29.9539,48.4628],[29.9645,48.4605],[29.9679,48.4718],[30.0027,48.4728],[29.9997,48.4785],[30.0491,48.4832],[30.0636,48.4765],[30.0712,48.4692],[30.0833,48.4658],[30.0877,48.4577],[30.1136,48.452],[30.121,48.4536],[30.1199,48.4604],[30.1308,48.4637],[30.1304,48.4699],[30.1425,48.4722],[30.1501,48.4823],[30.157,48.4848],[30.1514,48.4977],[30.1628,48.5035],[30.2202,48.48],[30.2551,48.4894],[30.255,48.5049],[30.3076,48.5113],[30.327,48.5217],[30.3622,48.5258],[30.3871,48.5263],[30.3889,48.5453],[30.4032,48.5737],[30.4532,48.5833],[30.4739,48.5661],[30.4856,48.5646],[30.4863,48.5689],[30.5297,48.5657],[30.5399,48.5713],[30.5671,48.5674],[30.57,48.5778],[30.5634,48.5792],[30.5678,48.5926],[30.5587,48.5958],[30.5709,48.6059],[30.5438,48.6225],[30.5298,48.6276],[30.5511,48.6527],[30.557,48.6551],[30.5975,48.6628],[30.6003,48.6785],[30.6081,48.687],[30.6108,48.6979],[30.5978,48.7043],[30.5759,48.7214],[30.5892,48.7231],[30.6099,48.7196],[30.6232,48.7397],[30.6365,48.7392],[30.6383,48.7523],[30.6985,48.7677],[30.7209,48.7615],[30.7511,48.7608],[30.7528,48.7708],[30.8047,48.7575],[30.8114,48.7694],[30.8279,48.7573],[30.8303,48.7507],[30.8409,48.7486],[30.8463,48.7524],[30.8784,48.7497],[30.8833,48.745],[30.8981,48.7482],[30.8957,48.7543],[30.9027,48.7624],[30.9328,48.7619],[30.9452,48.7594],[30.9427,48.772],[30.9496,48.7718],[30.9626,48.7627],[30.9734,48.7611],[30.9961,48.7651],[31.0033,48.7573],[31.0204,48.7621],[31.0394,48.7602],[31.0484,48.7524],[31.0559,48.7561],[31.0688,48.7465],[31.0669,48.739],[31.0851,48.7324],[31.0923,48.7406],[31.1012,48.7394],[31.1059,48.7305],[31.1137,48.7281],[31.1255,48.7416],[31.1288,48.7373],[31.1376,48.7453],[31.1518,48.741],[31.1731,48.7617],[31.1974,48.7601],[31.2064,48.7559],[31.2142,48.7605],[31.2155,48.7682],[31.2308,48.7657],[31.2514,48.7665],[31.253,48.7589],[31.2628,48.7494],[31.2853,48.7586],[31.31,48.7586],[31.3131,48.7463],[31.3188,48.7415],[31.3197,48.7303],[31.3303,48.7257],[31.3536,48.7274],[31.3521,48.7401],[31.358,48.7417],[31.3696,48.7354],[31.3711,48.7299],[31.3845,48.7282],[31.387,48.7425],[31.399,48.748],[31.3937,48.7354],[31.4088,48.7427],[31.4188,48.7563],[31.424,48.7428],[31.436,48.7538],[31.4228,48.7637],[31.468,48.7886],[31.4962,48.797],[31.5281,48.8042],[31.5271,48.8163],[31.5589,48.8287],[31.5621,48.8347],[31.5544,48.837],[31.5671,48.8572],[31.5592,48.8631],[31.5807,48.8776],[31.5798,48.8846],[31.5686,48.8916],[31.5778,48.8955],[31.5669,48.8999],[31.5817,48.9127],[31.5948,48.9062],[31.5794,48.8927],[31.5807,48.8879],[31.5989,48.8926],[31.6022,48.9025],[31.6082,48.8995],[31.6199,48.9059],[31.6389,48.908],[31.6403,48.9003],[31.6529,48.902],[31.6796,48.9005],[31.6896,48.8964],[31.6993,48.9189],[31.6985,48.931],[31.7251,48.9339],[31.7511,48.926],[31.7708,48.9352],[31.7974,48.9399],[31.8059,48.9492],[31.8079,48.944],[31.832,48.9339],[31.8353,48.9368],[31.8761,48.919],[31.9189,48.9061],[31.9198,48.898],[31.9124,48.8866],[31.9212,48.8801],[31.9384,48.8966],[31.9453,48.9062],[31.9543,48.9103],[31.9611,48.9061],[31.9983,48.9165],[32.0038,48.9133],[32.0266,48.9309],[32.0489,48.9163],[32.0797,48.9212],[32.0932,48.9188],[32.0946,48.9142],[32.0859,48.905],[32.1053,48.9024],[32.1053,48.9109],[32.146,48.9123],[32.1517,48.9166],[32.1535,48.9447],[32.135,48.9542],[32.1347,48.9661],[32.1778,48.9728],[32.1825,48.9857],[32.1806,48.9932],[32.188,48.9956],[32.2151,48.9896],[32.2181,48.9868],[32.236,49.0517],[32.2381,49.0621],[32.2534,49.0581],[32.2629,49.0599],[32.2638,49.0679],[32.2576,49.074],[32.2646,49.0814],[32.2835,49.0792],[32.2827,49.0846],[32.2976,49.0794],[32.2984,49.0733],[32.3131,49.0747],[32.3149,49.0812],[32.3486,49.0792],[32.3535,49.0694],[32.3656,49.0719],[32.3759,49.0501],[32.3695,49.0468],[32.3739,49.0361],[32.3971,49.0262],[32.4179,49.028],[32.4274,49.0412],[32.4348,49.0393],[32.4429,49.0526],[32.4519,49.039],[32.4737,49.0332],[32.4656,49.0318],[32.476,49.0055],[32.4932,49.015],[32.4977,49.0126],[32.5019,48.9878],[32.512,48.9837],[32.5156,48.9743],[32.5095,48.9602],[32.5216,48.9495],[32.5219,48.9389],[32.5518,48.9418],[32.5406,48.9521],[32.5467,48.9597],[32.5389,48.9669],[32.5555,48.9657],[32.5687,48.9573],[32.5781,48.959],[32.5767,48.9517],[32.5939,48.9552],[32.5922,48.9604],[32.6078,48.9646],[32.6117,48.9536],[32.623,48.9559],[32.6554,48.9536],[32.675,48.96],[32.6798,48.9573],[32.668,48.9772],[32.6758,48.9858],[32.6963,48.9817],[32.6981,48.9743],[32.7272,48.9772],[32.7335,48.9648],[32.7975,48.9711],[32.7949,48.9759],[32.8455,48.9807],[32.8434,48.9898],[32.874,48.9924],[32.8722,49.0001],[32.858,48.9983],[32.8445,49.01],[32.8291,49.0093],[32.8265,49.0158],[32.8381,49.016],[32.8294,49.0748],[32.8151,49.0757],[32.8426,49.0876],[32.8809,49.0957],[32.8962,49.0948],[32.8956,49.1104],[32.8904,49.1266],[32.8566,49.1293],[32.8237,49.1351],[32.7819,49.1409],[32.762,49.1509],[32.7579,49.1693],[32.7684,49.1711],[32.775,49.1862],[32.7839,49.1914],[32.8068,49.212],[32.8406,49.227],[32.8591,49.2447],[32.8743,49.2401],[32.8821,49.2342],[32.9363,49.2298],[32.9693,49.2409],[32.9834,49.2401],[32.9881,49.2256],[32.9838,49.2099],[32.9967,49.2022],[33.0118,49.2029],[33.0256,49.1904],[33.0354,49.1855],[33.0511,49.1851],[33.0685,49.1879],[33.0915,49.1839],[33.102,49.1852],[33.1209,49.1748],[33.1192,49.1673],[33.1325,49.1572],[33.156,49.1329],[33.1508,49.122],[33.1564,49.1148],[33.1552,49.1007],[33.1663,49.0948],[33.1841,49.0975],[33.1975,49.0871],[33.1904,49.0826],[33.1999,49.0736],[33.2233,49.0774],[33.2267,49.0849],[33.2411,49.0789],[33.2482,49.0919],[33.248,49.1462],[33.2404,49.1667],[33.2618,49.1529],[33.2682,49.1341],[33.2726,49.1349],[33.2849,49.1243],[33.3043,49.1183],[33.2884,49.0972],[33.2756,49.0978],[33.262,49.0919],[33.2872,49.0839],[33.3105,49.0627],[33.3199,49.0598],[33.3168,49.0542],[33.3277,49.0343],[33.3279,49.0248],[33.3072,49.0128],[33.2976,49.0105],[33.2981,49.0041],[33.3118,48.9844],[33.325,48.9614],[33.3136,48.9583],[33.3196,48.949],[33.3302,48.9521],[33.3338,48.9484],[33.3454,48.9532],[33.3537,48.9481],[33.3922,48.9305],[33.4012,48.9278],[33.3993,48.952],[33.4072,48.9603],[33.4236,48.9561],[33.4213,48.9488],[33.4316,48.9568],[33.4761,48.952],[33.473,48.9374],[33.4779,48.9341],[33.4742,48.9156],[33.4845,48.9159],[33.497,48.9264],[33.5373,48.9314],[33.5404,48.9199],[33.5478,48.9126],[33.5752,48.911],[33.5677,48.9188],[33.5805,48.9205],[33.5893,48.9168],[33.6091,48.9385],[33.6006,48.9418],[33.6172,48.9581],[33.634,48.9617],[33.6363,48.973],[33.6475,48.9772],[33.6651,48.9785],[33.6807,48.9571],[33.696,48.9469],[33.7185,48.9402],[33.7401,48.9417],[33.762,48.9461],[33.7899,48.9391],[33.8192,48.937],[33.8396,48.929],[33.8607,48.9144],[33.8943,48.9019],[33.8737,48.8404],[33.8615,48.8355],[33.8509,48.8028],[33.8477,48.8026],[33.8532,48.7787],[33.851,48.7708],[33.8301,48.769],[33.8191,48.7761],[33.8114,48.8028],[33.7922,48.8006],[33.7931,48.7943],[33.7723,48.792],[33.7701,48.7991],[33.7488,48.7951],[33.7437,48.7902],[33.7253,48.7892],[33.7204,48.8097],[33.7059,48.8139],[33.6894,48.8081],[33.6858,48.8137],[33.6731,48.8142],[33.659,48.7931],[33.618,48.788],[33.6163,48.7934],[33.6042,48.7919],[33.6024,48.7988],[33.5831,48.797],[33.5874,48.7816],[33.578,48.7802],[33.5816,48.7665],[33.593,48.7482],[33.6076,48.7514],[33.6187,48.7277],[33.6345,48.7242],[33.6498,48.7255],[33.6509,48.721],[33.6819,48.7231],[33.7304,48.6921],[33.7463,48.6933],[33.7493,48.6819],[33.7561,48.6815],[33.805,48.6876],[33.8019,48.6628],[33.7566,48.6574],[33.7638,48.6264],[33.7422,48.6173],[33.722,48.6137],[33.7005,48.6058],[33.6614,48.5862],[33.6517,48.5919],[33.6501,48.5998],[33.6265,48.5977],[33.6259,48.6022],[33.6093,48.5995],[33.6232,48.5665],[33.5903,48.5596],[33.585,48.5763],[33.5095,48.5681],[33.5116,48.5589],[33.5033,48.5604],[33.4819,48.5579],[33.4842,48.5476],[33.4725,48.5449],[33.4798,48.5362],[33.4695,48.5337],[33.489,48.4403],[33.4864,48.4045],[33.4949,48.4049],[33.4971,48.3937],[33.4849,48.3931],[33.4845,48.3881],[33.4685,48.3882],[33.4679,48.3704],[33.4732,48.3676],[33.4597,48.3576],[33.4618,48.3495],[33.4782,48.3493],[33.4733,48.3302],[33.4776,48.3286],[33.5064,48.3327],[33.5175,48.329],[33.5097,48.2918],[33.5179,48.2846],[33.5138,48.2773],[33.5297,48.2757],[33.5351,48.2522],[33.5396,48.2528],[33.546,48.2349],[33.5231,48.221],[33.5107,48.2189],[33.5129,48.2305],[33.5007,48.2319],[33.4983,48.2169],[33.4848,48.2143],[33.4913,48.208],[33.4975,48.2111],[33.4962,48.2021],[33.4775,48.1999],[33.4788,48.1945],[33.4301,48.1887],[33.432,48.1706],[33.3803,48.1653],[33.3751,48.1622],[33.3599,48.1633],[33.3564,48.1589],[33.3155,48.1578],[33.3165,48.1522],[33.2908,48.1498],[33.3069,48.1278],[33.3143,48.129],[33.316,48.1179],[33.3017,48.1186],[33.2934,48.102],[33.277,48.1033],[33.272,48.1381],[33.2757,48.1386],[33.2718,48.1537],[33.2472,48.1516],[33.2429,48.1725],[33.2127,48.1699],[33.2172,48.1484],[33.2272,48.1493],[33.2322,48.1272],[33.2182,48.122],[33.1818,48.1183],[33.1848,48.1047],[33.2216,48.1077],[33.2201,48.1149],[33.2354,48.1133],[33.2367,48.1074],[33.222,48.1058],[33.2249,48.0923],[33.1725,48.0868],[33.1538,48.0836],[33.1544,48.0781],[33.1418,48.0765],[33.1486,48.0675],[33.1537,48.0421],[33.148,48.0416],[33.1433,48.0638],[33.1157,48.0609],[33.106,48.0649],[33.104,48.0476],[33.1092,48.0425],[33.0366,48.0335],[33.0317,48.0309],[33.0357,48.0172],[33.0219,48.0133],[33.0265,48.0046],[33.0193,47.9849],[33.0045,47.9891],[32.9999,48.0106],[32.9892,48.0485],[32.9525,48.0353],[32.9451,48.0424],[32.9135,48.0376],[32.9162,48.0318],[32.8821,48.0278],[32.8803,48.0331],[32.8703,48.0319],[32.8721,48.0244],[32.886,48.0195],[32.8941,47.9857],[32.8669,47.9835],[32.8663,47.9854],[32.8114,47.9794],[32.8017,47.9747],[32.7964,47.981],[32.7956,47.9939],[32.7338,47.9866],[32.6891,47.9826],[32.6972,47.9467],[32.7371,47.9518],[32.7431,47.9322],[32.6518,47.9215],[32.6559,47.9048],[32.6766,47.9072],[32.6856,47.873],[32.6644,47.871],[32.6692,47.853],[32.6751,47.8578],[32.6794,47.8518],[32.6727,47.8425],[32.664,47.8396],[32.6559,47.8263],[32.6576,47.8196],[32.6244,47.8159],[32.6243,47.8134],[32.5194,47.8005],[32.4277,47.7896],[32.4269,47.7997],[32.3999,47.7949],[32.3965,47.8005],[32.3705,47.795],[32.363,47.7889],[32.3387,47.8002],[32.3295,47.8068],[32.3204,47.8192],[32.307,47.8195],[32.3038,47.8239],[32.2365,47.8148],[32.2399,47.7939],[32.2225,47.7916],[32.2317,47.7604],[32.1604,47.751],[32.1574,47.7605],[32.1447,47.75],[32.1385,47.7497],[32.1359,47.7579],[32.1169,47.7559],[32.1093,47.7845],[32.0897,47.7823],[32.0856,47.7967],[32.0794,47.7959],[32.0764,47.8066],[32.0597,47.8045],[32.0548,47.8173],[32.0162,47.8128],[32.015,47.8158],[31.9598,47.8097],[31.963,47.7989],[31.8782,47.7883],[31.8791,47.7871],[31.8382,47.7822],[31.8274,47.8166],[31.868,47.8221],[31.868,47.8286],[31.8569,47.8386],[31.8533,47.8484],[31.8594,47.8496],[31.8573,47.8647],[31.8898,47.8656],[31.8848,47.8788],[31.8845,47.8939],[31.8759,47.912],[31.8767,47.9195],[31.855,47.9161],[31.8439,47.9637],[31.8233,47.9611],[31.8009,47.9608],[31.8015,47.9574],[31.7847,47.9549],[31.7813,47.9601],[31.7658,47.9446],[31.7516,47.9467],[31.7291,48.0356],[31.7831,48.0423],[31.7673,48.1021],[31.6945,48.0933],[31.6871,48.1163],[31.6791,48.1202],[31.6419,48.1152],[31.634,48.1348],[31.5825,48.1287],[31.5842,48.1056],[31.5698,48.1031],[31.5697,48.0965],[31.559,48.1103],[31.5405,48.1078],[31.551,48.0699],[31.5095,48.0689],[31.5113,48.0628],[31.5028,48.0523],[31.4925,48.0503],[31.4881,48.0654],[31.4701,48.0634],[31.4764,48.0832],[31.4985,48.0874],[31.4869,48.1296],[31.418,48.1213],[31.421,48.1117],[31.3961,48.1081],[31.3884,48.1299],[31.3818,48.1323],[31.3699,48.1206],[31.3504,48.1189],[31.3302,48.114],[31.3252,48.1383],[31.2366,48.1169],[31.2205,48.1708],[31.1978,48.1692],[31.179,48.1818],[31.1907,48.1944],[31.1747,48.2086],[31.1634,48.2225],[31.1393,48.2212],[31.1367,48.2295],[31.0561,48.2201],[31.0527,48.2322],[30.9812,48.2221],[30.9891,48.1944],[30.9894,48.1843],[30.9657,48.1852],[30.9551,48.1805],[30.9317,48.184],[30.9305,48.1663],[30.9216,48.1698],[30.9166,48.165],[30.8865,48.1649],[30.8551,48.1611],[30.8485,48.1844],[30.8278,48.1816],[30.8193,48.1881],[30.8139,48.1697],[30.7925,48.168],[30.7854,48.1914],[30.7192,48.1865],[30.7167,48.1956],[30.6845,48.1881],[30.6472,48.1852],[30.6565,48.172],[30.6208,48.1659],[30.6166,48.1564],[30.5823,48.1571],[30.5779,48.1549],[30.5557,48.1558],[30.5526,48.1634],[30.527,48.1796],[30.5047,48.1582],[30.501,48.1682],[30.4896,48.1699],[30.4706,48.1634],[30.4358,48.1729],[30.4261,48.1651],[30.4136,48.1631],[30.3892,48.1671],[30.3852,48.175],[30.3674,48.1752],[30.3602,48.1696],[30.3477,48.1673],[30.3262,48.1573],[30.3273,48.1471],[30.3165,48.1413],[30.307,48.142],[30.2869,48.1402],[30.2617,48.1482],[30.2426,48.141],[30.2144,48.1479],[30.1978,48.1491],[30.1893,48.1546],[30.1647,48.1453],[30.1513,48.1441],[30.1333,48.1479],[30.1133,48.1446],[30.1075,48.1402],[30.079,48.1466],[30.0691,48.145],[30.0616,48.152],[30.0527,48.1502],[30.0448,48.1543],[30.0338,48.1777],[30.0217,48.1861],[30.0105,48.1825],[30.0023,48.1851],[30.0012,48.1948],[30.0103,48.2085],[29.9925,48.2198],[29.99,48.2307],[29.9754,48.2179],[29.9301,48.2339],[29.8919,48.1861],[29.8773,48.1876],[29.8605,48.2042],[29.8395,48.2118],[29.8124,48.2073],[29.7936,48.2011],[29.7808,48.2085],[29.7732,48.2174]]]}},{"type":"Feature","properties":{"id":"kyiv","nameUk":"Київська область","nameEn":"Kyiv Oblast"},"geometry":{"type":"MultiPolygon","coordinates":[[[[29.3797,51.3915],[29.4027,51.3961],[29.4464,51.3849],[29.4663,51.3851],[29.4799,51.4002],[29.4957,51.3968],[29.5024,51.4021],[29.5151,51.4241],[29.5233,51.4238],[29.5208,51.4419],[29.545,51.4437],[29.5682,51.4496],[29.5871,51.4644],[29.6059,51.4716],[29.6089,51.4805],[29.618,51.4856],[29.6378,51.4909],[29.6608,51.4931],[29.6827,51.4912],[29.7,51.4837],[29.7165,51.4657],[29.7253,51.4505],[29.7379,51.4395],[29.8286,51.43],[29.8466,51.4329],[29.8649,51.4492],[29.8813,51.4463],[29.8788,51.4578],[29.8966,51.4642],[29.9126,51.4574],[29.9251,51.4579],[29.9857,51.4779],[30.0087,51.4821],[30.1486,51.4844],[30.1773,51.4795],[30.2054,51.4665],[30.2428,51.4344],[30.2569,51.4251],[30.3074,51.4096],[30.3202,51.4021],[30.329,51.3886],[30.33,51.3704],[30.3199,51.3416],[30.3245,51.33],[30.3551,51.3053],[30.3685,51.2977],[30.3838,51.2939],[30.4135,51.2941],[30.4281,51.2918],[30.4428,51.283],[30.465,51.2619],[30.4807,51.2589],[30.5081,51.2577],[30.532,51.2446],[30.5396,51.2352],[30.5507,51.2368],[30.5556,51.249],[30.5613,51.2392],[30.5584,51.2326],[30.5489,51.2296],[30.5321,51.2361],[30.5214,51.2354],[30.506,51.2283],[30.5062,51.2247],[30.5307,51.2021],[30.5171,51.1882],[30.5364,51.1841],[30.5406,51.1783],[30.5226,51.1735],[30.5079,51.1763],[30.4982,51.1746],[30.4905,51.1651],[30.49,51.1452],[30.495,51.1322],[30.5121,51.1192],[30.5172,51.1113],[30.5113,51.1016],[30.4998,51.1007],[30.4848,51.0935],[30.4857,51.0897],[30.5082,51.0764],[30.5064,51.0616],[30.4931,51.0492],[30.5017,51.029],[30.5003,51.0222],[30.6008,51.0275],[30.6032,51.0096],[30.6242,51.0099],[30.6419,51.0025],[30.6483,50.9855],[30.6445,50.9639],[30.6572,50.9532],[30.6793,50.9089],[30.6842,50.9019],[30.6944,50.9029],[30.7149,50.8992],[30.7238,50.8943],[30.7341,50.8944],[30.7359,50.8878],[30.7717,50.8744],[30.7671,50.8718],[30.7763,50.8573],[30.7699,50.8497],[30.7769,50.833],[30.7647,50.8257],[30.7703,50.8174],[30.7549,50.8104],[30.7447,50.8193],[30.7316,50.8171],[30.737,50.8077],[30.7431,50.8064],[30.7448,50.7872],[30.7352,50.7834],[30.7407,50.7705],[30.7536,50.7759],[30.7587,50.7719],[30.7707,50.7788],[30.7953,50.7705],[30.8143,50.7683],[30.835,50.7613],[30.8441,50.7717],[30.8652,50.78],[30.874,50.7777],[30.8551,50.772],[30.8437,50.7646],[30.8389,50.757],[30.8289,50.7564],[30.8345,50.7449],[30.8753,50.7468],[30.8741,50.7565],[30.8778,50.7683],[30.8894,50.7737],[30.8922,50.7659],[30.9335,50.7632],[30.9334,50.7585],[30.9507,50.757],[30.9561,50.7634],[30.9764,50.7619],[31.0137,50.7655],[31.031,50.7614],[31.04,50.7635],[31.0695,50.7648],[31.0753,50.781],[31.1009,50.7788],[31.1268,50.7744],[31.1216,50.75],[31.1406,50.7468],[31.149,50.7378],[31.1659,50.7332],[31.1639,50.7245],[31.1899,50.7234],[31.1908,50.7022],[31.2065,50.7063],[31.2066,50.6966],[31.2167,50.6966],[31.2211,50.6839],[31.2224,50.6687],[31.2016,50.6537],[31.1993,50.6445],[31.2035,50.6378],[31.2271,50.6268],[31.219,50.6201],[31.2271,50.6138],[31.2219,50.6071],[31.1654,50.6081],[31.1649,50.5905],[31.1881,50.5895],[31.188,50.5746],[31.2149,50.5743],[31.215,50.5703],[31.2389,50.5701],[31.2457,50.5676],[31.2505,50.5562],[31.2591,50.5561],[31.2539,50.5438],[31.2702,50.5374],[31.2946,50.5336],[31.3193,50.5269],[31.323,50.5104],[31.3291,50.5006],[31.3483,50.5172],[31.3583,50.5303],[31.3701,50.5337],[31.3757,50.5283],[31.3987,50.524],[31.4126,50.5178],[31.4204,50.5075],[31.4181,50.5027],[31.4451,50.5004],[31.4453,50.506],[31.4554,50.5108],[31.4799,50.5151],[31.4933,50.5204],[31.5218,50.5221],[31.5226,50.5365],[31.5396,50.523],[31.563,50.5191],[31.5704,50.5277],[31.6294,50.5219],[31.6397,50.525],[31.6462,50.5339],[31.646,50.5534],[31.6621,50.5549],[31.668,50.5488],[31.6868,50.5636],[31.7284,50.5609],[31.7817,50.5598],[31.7767,50.5782],[31.7885,50.5798],[31.7833,50.6068],[31.8121,50.6068],[31.8104,50.6233],[31.8572,50.6319],[31.8673,50.618],[31.8736,50.6199],[31.8837,50.608],[31.8867,50.6098],[31.9188,50.5962],[31.925,50.5837],[31.9419,50.5708],[31.9448,50.559],[31.9551,50.5436],[31.9749,50.5402],[32.0388,50.542],[32.0634,50.5408],[32.0621,50.5294],[32.0494,50.526],[32.0637,50.5118],[32.0471,50.4962],[32.007,50.4869],[31.9964,50.4969],[31.9839,50.4947],[31.9826,50.4836],[31.9753,50.4895],[31.9655,50.4877],[31.9761,50.4795],[31.9694,50.4734],[31.9715,50.4671],[32.0206,50.4588],[32.0273,50.4354],[32.0387,50.4287],[32.0454,50.4024],[32.0566,50.3973],[32.0968,50.4161],[32.1019,50.4126],[32.0769,50.3926],[32.0841,50.3808],[32.0747,50.3749],[32.0959,50.3721],[32.1201,50.3797],[32.1548,50.3761],[32.161,50.3686],[32.1411,50.3541],[32.1427,50.3488],[32.1518,50.3374],[32.1429,50.3217],[32.129,50.316],[32.1399,50.3047],[32.0989,50.2873],[32.0868,50.2836],[32.0988,50.2784],[32.1003,50.2733],[32.0904,50.2467],[32.1002,50.242],[32.0966,50.2383],[32.1162,50.2286],[32.1075,50.22],[32.086,50.2217],[32.0569,50.1879],[32.0406,50.1881],[32.0141,50.2065],[31.9918,50.2022],[31.9883,50.1972],[31.9999,50.1945],[31.9887,50.184],[31.965,50.1514],[31.9339,50.1585],[31.9469,50.1365],[31.958,50.1408],[31.975,50.1253],[31.9114,50.1008],[31.9077,50.061],[31.9121,50.0559],[31.925,50.0608],[31.9827,50.0525],[31.9783,50.0387],[31.9679,50.0442],[31.9279,50.0308],[31.9086,50.0225],[31.9031,50.0169],[31.9097,50.0137],[31.9099,50.0004],[31.9151,49.9844],[31.9176,49.9614],[31.9008,49.9433],[31.8896,49.9537],[31.8885,49.9638],[31.8133,49.9662],[31.8134,49.9589],[31.7948,49.9336],[31.7691,49.9197],[31.7727,49.8939],[31.7525,49.8937],[31.7174,49.8526],[31.7106,49.8503],[31.6688,49.8576],[31.6147,49.8569],[31.6172,49.8803],[31.6088,49.8896],[31.6143,49.8922],[31.6126,49.9062],[31.5809,49.9067],[31.5787,49.8954],[31.5684,49.8955],[31.5672,49.887],[31.5566,49.8748],[31.5365,49.8739],[31.5148,49.8689],[31.5176,49.8611],[31.5102,49.8542],[31.5145,49.8473],[31.5024,49.8433],[31.4942,49.8611],[31.4861,49.8577],[31.4741,49.8625],[31.4707,49.8736],[31.4614,49.8771],[31.44,49.8771],[31.4315,49.8989],[31.4263,49.8987],[31.422,49.9104],[31.4236,49.9349],[31.4327,49.9436],[31.4337,49.9614],[31.4446,49.9757],[31.4367,49.9842],[31.4221,49.9916],[31.4133,49.9895],[31.3896,49.9943],[31.357,49.991],[31.3109,49.9927],[31.2991,49.9859],[31.2949,49.9752],[31.3053,49.9726],[31.2904,49.9592],[31.2887,49.9524],[31.3004,49.9605],[31.3125,49.9635],[31.3458,49.9487],[31.3336,49.9426],[31.3367,49.9352],[31.3452,49.9342],[31.3601,49.9255],[31.3799,49.9068],[31.3741,49.8984],[31.3099,49.892],[31.3121,49.8881],[31.2912,49.8831],[31.2606,49.8581],[31.2472,49.8679],[31.2078,49.8521],[31.221,49.8323],[31.1897,49.7902],[31.2165,49.7768],[31.205,49.7572],[31.2221,49.7332],[31.2118,49.7299],[31.1967,49.7016],[31.2174,49.6946],[31.2114,49.6862],[31.2013,49.6911],[31.1959,49.6839],[31.2021,49.6753],[31.1549,49.6288],[31.1359,49.6036],[31.1281,49.5827],[31.1501,49.5806],[31.1382,49.5714],[31.1489,49.5686],[31.1525,49.555],[31.142,49.5576],[31.1389,49.5516],[31.1212,49.5602],[31.1101,49.5573],[31.0992,49.541],[31.1037,49.5312],[31.0944,49.5173],[31.0946,49.4979],[31.0843,49.4896],[31.0478,49.4782],[31.0393,49.4734],[31.0453,49.4614],[31.0386,49.4584],[31.0292,49.4719],[31.0052,49.4511],[31.0061,49.4311],[30.9908,49.4223],[30.9569,49.4239],[30.921,49.4156],[30.9351,49.406],[30.9334,49.3945],[30.9275,49.3921],[30.931,49.3811],[30.9203,49.3811],[30.909,49.3591],[30.8974,49.3631],[30.8792,49.3607],[30.868,49.352],[30.8388,49.3532],[30.8332,49.3506],[30.8187,49.3555],[30.8006,49.3541],[30.7786,49.3438],[30.7495,49.3451],[30.7288,49.3321],[30.7168,49.3387],[30.7086,49.3363],[30.6858,49.3506],[30.6605,49.3605],[30.6392,49.3563],[30.6078,49.3703],[30.5864,49.352],[30.5695,49.3543],[30.5559,49.3404],[30.5443,49.3369],[30.5377,49.3283],[30.5167,49.328],[30.5093,49.3328],[30.4742,49.3655],[30.4371,49.3517],[30.4413,49.3383],[30.4379,49.3328],[30.413,49.3305],[30.4204,49.3027],[30.3974,49.3017],[30.3844,49.255],[30.3755,49.2362],[30.3663,49.245],[30.368,49.2554],[30.3336,49.2596],[30.2591,49.2715],[30.2569,49.2677],[30.2062,49.2724],[30.1892,49.2753],[30.2009,49.3273],[30.1484,49.327],[30.1477,49.3357],[30.1362,49.3307],[30.1325,49.314],[30.1134,49.309],[30.1066,49.3029],[30.1207,49.2954],[30.1226,49.2816],[30.1118,49.2702],[30.0889,49.2851],[30.0829,49.2989],[30.0861,49.3128],[30.0784,49.3225],[30.0685,49.3256],[30.0283,49.3327],[30.0092,49.3265],[30.0072,49.3161],[29.9837,49.3161],[29.9608,49.3062],[29.9485,49.312],[29.9442,49.3017],[29.9568,49.2872],[29.9573,49.2621],[29.9545,49.2503],[29.9344,49.2479],[29.9207,49.2302],[29.9036,49.221],[29.9106,49.217],[29.8941,49.2082],[29.8988,49.2043],[29.8767,49.1997],[29.8828,49.1858],[29.8584,49.188],[29.8189,49.1781],[29.8135,49.1862],[29.7608,49.1794],[29.7278,49.2079],[29.7406,49.2109],[29.7444,49.2247],[29.7361,49.229],[29.7237,49.2307],[29.7161,49.2414],[29.7212,49.2439],[29.7104,49.2629],[29.6945,49.2538],[29.6892,49.2373],[29.6626,49.25],[29.6502,49.2458],[29.6395,49.2467],[29.6264,49.2577],[29.6132,49.265],[29.6229,49.2744],[29.6067,49.2995],[29.6183,49.3055],[29.5885,49.3199],[29.5716,49.324],[29.5635,49.3216],[29.5368,49.3231],[29.522,49.337],[29.5204,49.3601],[29.5026,49.3712],[29.5062,49.3953],[29.541,49.402],[29.562,49.4154],[29.5594,49.4179],[29.5753,49.4283],[29.5725,49.4332],[29.5943,49.4431],[29.5895,49.4544],[29.5671,49.4597],[29.5586,49.4652],[29.5449,49.4845],[29.5579,49.4976],[29.5834,49.4951],[29.5842,49.5066],[29.5696,49.5036],[29.5504,49.5189],[29.5395,49.5213],[29.5436,49.5376],[29.5386,49.5383],[29.5288,49.5647],[29.4992,49.5943],[29.499,49.6005],[29.5119,49.6129],[29.509,49.6195],[29.5359,49.6368],[29.521,49.6412],[29.5201,49.6457],[29.5055,49.6493],[29.5142,49.6633],[29.49,49.6697],[29.4899,49.7076],[29.4967,49.7134],[29.4486,49.7125],[29.4356,49.7289],[29.4455,49.7331],[29.4631,49.7615],[29.4402,49.8044],[29.4485,49.8024],[29.471,49.8156],[29.4834,49.8024],[29.4969,49.8122],[29.4901,49.8257],[29.5071,49.8354],[29.524,49.8263],[29.5424,49.8211],[29.5493,49.8285],[29.5479,49.836],[29.5742,49.8372],[29.573,49.84],[29.5956,49.8431],[29.6018,49.8558],[29.6198,49.8525],[29.6258,49.8606],[29.6389,49.869],[29.6516,49.8647],[29.667,49.8747],[29.6486,49.8782],[29.6337,49.8769],[29.6332,49.8853],[29.6423,49.8979],[29.6609,49.9077],[29.7061,49.9262],[29.7281,49.9328],[29.7254,49.9418],[29.7352,49.9444],[29.7212,49.9594],[29.7319,49.9632],[29.7286,49.9685],[29.7146,49.9668],[29.7153,49.9806],[29.6946,49.9917],[29.6912,49.9995],[29.6989,50.0056],[29.6856,50.0108],[29.6788,50.03],[29.6721,50.033],[29.6958,50.0451],[29.6972,50.0678],[29.6477,50.1064],[29.667,50.1122],[29.6721,50.1164],[29.6561,50.1187],[29.6588,50.1276],[29.6876,50.1436],[29.6936,50.1561],[29.6807,50.158],[29.6614,50.1702],[29.6518,50.1721],[29.6432,50.18],[29.6699,50.2003],[29.6898,50.2285],[29.7024,50.2308],[29.6918,50.2376],[29.6812,50.2565],[29.6653,50.2658],[29.6747,50.2672],[29.6658,50.2751],[29.6736,50.2781],[29.6817,50.2739],[29.6899,50.2845],[29.6785,50.2854],[29.676,50.296],[29.6823,50.3125],[29.6901,50.3108],[29.6934,50.3248],[29.6748,50.321],[29.6585,50.3249],[29.6473,50.324],[29.6261,50.3303],[29.6111,50.3412],[29.638,50.3572],[29.6312,50.3721],[29.6172,50.3644],[29.6031,50.3742],[29.5894,50.375],[29.5871,50.3937],[29.5899,50.4004],[29.5602,50.4223],[29.4807,50.4128],[29.4823,50.4039],[29.4557,50.401],[29.4427,50.4162],[29.4488,50.4206],[29.4691,50.4156],[29.4969,50.4354],[29.4974,50.4497],[29.4744,50.4486],[29.4743,50.4523],[29.4469,50.4524],[29.4566,50.4712],[29.4821,50.4596],[29.511,50.4714],[29.5023,50.4841],[29.5087,50.4882],[29.5069,50.5001],[29.4922,50.504],[29.4583,50.5167],[29.4659,50.5283],[29.4595,50.5392],[29.4861,50.5373],[29.5031,50.5524],[29.4991,50.5651],[29.5055,50.5728],[29.497,50.5802],[29.4971,50.5918],[29.4772,50.6069],[29.4562,50.6139],[29.4447,50.6212],[29.4733,50.6282],[29.4641,50.6332],[29.4851,50.6468],[29.4768,50.6525],[29.4788,50.6572],[29.4922,50.6618],[29.508,50.6575],[29.5286,50.6633],[29.5282,50.6783],[29.5388,50.682],[29.5496,50.6934],[29.5652,50.6933],[29.5764,50.6991],[29.5864,50.7093],[29.5974,50.7296],[29.5895,50.7291],[29.5871,50.7382],[29.5789,50.741],[29.5848,50.7467],[29.5777,50.7484],[29.5745,50.7585],[29.5682,50.7618],[29.5698,50.772],[29.5503,50.7717],[29.5413,50.7761],[29.5235,50.7732],[29.5063,50.766],[29.4752,50.7745],[29.5024,50.7741],[29.5116,50.7764],[29.5065,50.7861],[29.521,50.7903],[29.4978,50.8011],[29.4887,50.8124],[29.5019,50.8188],[29.5158,50.8184],[29.5484,50.8122],[29.5422,50.8283],[29.5291,50.8243],[29.4974,50.8377],[29.5201,50.8684],[29.5146,50.8781],[29.4975,50.8878],[29.4894,50.8895],[29.472,50.9027],[29.4747,50.9148],[29.4675,50.9245],[29.4353,50.9452],[29.411,50.9492],[29.4118,50.9852],[29.4403,50.9891],[29.4751,50.9789],[29.4676,50.9871],[29.4668,51.019],[29.4837,51.0381],[29.5116,51.0605],[29.4939,51.0736],[29.4768,51.0796],[29.4567,51.0918],[29.4249,51.1257],[29.3492,51.1597],[29.332,51.1582],[29.3298,51.1265],[29.3193,51.1276],[29.3128,51.1399],[29.2854,51.2165],[29.2688,51.2655],[29.3006,51.2736],[29.3336,51.2782],[29.3296,51.2713],[29.3365,51.2701],[29.3558,51.2751],[29.3988,51.3212],[29.3933,51.3423],[29.3946,51.3798],[29.3605,51.3764],[29.3596,51.3805],[29.3797,51.3915]]],[[[30.7822,51.512],[30.6988,51.5221],[30.6712,51.522],[30.6585,51.5186],[30.6517,51.5237],[30.6715,51.5309],[30.7053,51.5302],[30.704,51.5538],[30.7357,51.5487],[30.7361,51.5409],[30.7854,51.5388],[30.7822,51.512]]]]}},{"type":"Feature","properties":{"id":"luhansk","nameUk":"Луганська область","nameEn":"Luhansk Oblast"},"geometry":{"type":"Polygon","coordinates":[[[39.0652,47.896],[39.0906,47.9389],[39.0845,47.9406],[39.0756,47.9514],[39.057,47.9468],[39.0526,47.9548],[39.0385,47.9564],[39.0435,47.9887],[39.0398,48.0069],[38.9377,48.0119],[38.8613,48.0148],[38.8541,48.0204],[38.8254,48.0298],[38.8256,48.038],[38.8127,48.0479],[38.829,48.0581],[38.8286,48.0778],[38.8179,48.0659],[38.7995,48.0747],[38.8175,48.0843],[38.8067,48.0883],[38.8204,48.1162],[38.798,48.1189],[38.7883,48.1246],[38.7663,48.1322],[38.7373,48.1346],[38.7219,48.1393],[38.7151,48.1448],[38.7024,48.144],[38.6894,48.1476],[38.6937,48.1577],[38.6663,48.1581],[38.6712,48.1641],[38.6376,48.1613],[38.6014,48.1729],[38.5981,48.18],[38.61,48.1896],[38.6118,48.2028],[38.5986,48.2147],[38.5891,48.2274],[38.5878,48.2431],[38.5912,48.2517],[38.5878,48.2582],[38.567,48.2701],[38.427,48.2783],[38.425,48.2881],[38.4332,48.2961],[38.4284,48.3087],[38.4411,48.3165],[38.4334,48.3393],[38.4564,48.3426],[38.4557,48.3468],[38.4698,48.3491],[38.471,48.36],[38.4985,48.3635],[38.4729,48.3675],[38.4686,48.3791],[38.4534,48.3811],[38.4501,48.3759],[38.4366,48.3961],[38.4391,48.4199],[38.4323,48.4351],[38.4332,48.4477],[38.4003,48.4396],[38.4024,48.4347],[38.3806,48.43],[38.3761,48.4415],[38.3512,48.4417],[38.3435,48.4379],[38.3114,48.4556],[38.32,48.4651],[38.2882,48.4767],[38.305,48.4749],[38.2976,48.491],[38.312,48.4985],[38.3111,48.5051],[38.3201,48.5089],[38.2735,48.5454],[38.2795,48.546],[38.2637,48.6367],[38.2289,48.634],[38.2258,48.6525],[38.2389,48.6568],[38.2598,48.6553],[38.2593,48.6675],[38.2672,48.6641],[38.2877,48.6652],[38.2832,48.6813],[38.315,48.6847],[38.3073,48.6878],[38.3144,48.6958],[38.315,48.7045],[38.3043,48.7123],[38.3253,48.7142],[38.3241,48.726],[38.3156,48.7347],[38.2831,48.7373],[38.263,48.7502],[38.2751,48.773],[38.2826,48.7738],[38.279,48.8026],[38.3183,48.806],[38.3135,48.8283],[38.2727,48.8248],[38.2681,48.8362],[38.2597,48.8423],[38.2214,48.8396],[38.2289,48.8585],[38.2289,48.9121],[38.2279,48.9368],[38.1964,48.928],[38.1668,48.9311],[38.1392,48.9311],[38.1357,48.9249],[38.1174,48.9267],[38.1144,48.9317],[38.0954,48.9343],[38.0926,48.9391],[38.0469,48.9367],[38.0383,48.9253],[38.037,48.9434],[38.0052,48.9466],[38.0302,48.9742],[38.054,48.9649],[38.0578,48.9757],[38.0512,48.9838],[38.0609,48.9883],[38.0804,48.9922],[38.0989,48.9923],[38.0979,48.9988],[38.073,49.0399],[38.0536,49.0582],[38.0617,49.0632],[38.068,49.0966],[38.0838,49.1345],[38.0816,49.148],[38.0669,49.1466],[38.0442,49.1505],[38.0404,49.1267],[37.9807,49.1306],[37.9749,49.1348],[37.9607,49.1358],[37.9563,49.1429],[37.9444,49.1391],[37.9265,49.1438],[37.8934,49.1605],[37.9027,49.1665],[37.8931,49.1747],[37.914,49.1866],[37.935,49.1918],[37.9237,49.2059],[37.9427,49.2141],[37.9333,49.2208],[37.9175,49.2154],[37.8903,49.2119],[37.8898,49.2189],[37.8734,49.2232],[37.8744,49.2339],[37.8658,49.2458],[37.896,49.2528],[37.8948,49.256],[37.911,49.2592],[37.8985,49.2701],[37.9105,49.2762],[37.9451,49.2808],[37.9585,49.2847],[37.946,49.303],[37.8832,49.3129],[37.8769,49.3278],[37.8839,49.3416],[37.8845,49.3501],[37.8961,49.3973],[37.8964,49.4036],[37.8773,49.4185],[37.8805,49.4358],[37.8747,49.4364],[37.8762,49.4465],[37.8447,49.4459],[37.8512,49.4872],[37.8389,49.4934],[37.8455,49.5024],[37.8421,49.5076],[37.8471,49.5203],[37.8826,49.5186],[37.9178,49.5335],[37.9277,49.5424],[37.9282,49.5481],[37.8846,49.549],[37.9014,49.5733],[37.9229,49.5678],[37.9241,49.57],[37.953,49.5692],[37.9534,49.5736],[37.9404,49.5826],[37.9353,49.5944],[37.9416,49.5955],[37.9447,49.6116],[37.975,49.6126],[37.9803,49.6266],[37.9972,49.6282],[37.9861,49.6435],[38.0014,49.6485],[38.0469,49.6571],[38.0127,49.6774],[38.0138,49.6958],[38.0004,49.7005],[38.0181,49.7055],[38.0173,49.7139],[37.9974,49.7135],[37.9911,49.716],[37.9737,49.7086],[37.9586,49.7187],[37.9508,49.7312],[37.9681,49.7593],[37.977,49.7674],[37.9838,49.7556],[37.9985,49.7532],[38.0102,49.7573],[38.011,49.7649],[38.0341,49.7779],[38.0362,49.7835],[38.0537,49.7835],[38.0556,49.7922],[38.0391,49.7957],[38.0294,49.8035],[38.0097,49.813],[38.0205,49.8348],[38.0183,49.8375],[38.0446,49.8393],[38.0588,49.837],[38.0808,49.8383],[38.0936,49.8461],[38.0675,49.8655],[38.033,49.9002],[38.0549,49.9224],[38.0792,49.9299],[38.0903,49.9284],[38.1084,49.9207],[38.119,49.9192],[38.171,49.9419],[38.1677,49.9535],[38.1977,49.9621],[38.1956,49.9693],[38.2218,49.9791],[38.1862,50.0228],[38.1873,50.0408],[38.1835,50.0463],[38.1835,50.0617],[38.1898,50.0628],[38.2538,50.0591],[38.2812,50.0624],[38.2999,50.0605],[38.3141,50.0495],[38.3442,49.9921],[38.356,49.9806],[38.3763,49.9749],[38.4201,49.9718],[38.4378,49.9673],[38.4611,49.9569],[38.4975,49.9482],[38.5702,49.9566],[38.6195,49.9508],[38.6434,49.9584],[38.6643,49.9627],[38.6728,49.943],[38.6756,49.927],[38.6873,49.9138],[38.7478,49.8854],[38.8522,49.8658],[38.8863,49.8452],[38.9084,49.8227],[38.9206,49.8049],[38.9302,49.797],[38.9389,49.8008],[38.9491,49.796],[38.9647,49.8046],[39.0323,49.8073],[39.0491,49.8106],[39.0707,49.8193],[39.1105,49.8379],[39.1307,49.8616],[39.1558,49.8736],[39.1828,49.8585],[39.238,49.7651],[39.2609,49.7445],[39.2899,49.7321],[39.3277,49.7263],[39.3672,49.7318],[39.406,49.7443],[39.4436,49.7495],[39.4799,49.7336],[39.4991,49.7281],[39.5575,49.724],[39.5704,49.7133],[39.5816,49.6907],[39.5974,49.648],[39.6229,49.6135],[39.6533,49.5998],[39.6887,49.5935],[39.7292,49.5808],[39.7811,49.5484],[39.8015,49.5422],[39.8287,49.5415],[39.8594,49.5456],[39.8894,49.5533],[39.9147,49.563],[39.9351,49.5739],[39.9389,49.5791],[39.968,49.5985],[40.0349,49.6048],[40.1155,49.5906],[40.1307,49.5798],[40.1261,49.5591],[40.1154,49.5496],[40.0392,49.5207],[40.0419,49.4989],[40.0349,49.4871],[40.0364,49.4793],[40.0293,49.4536],[40.0492,49.4438],[40.062,49.4258],[40.1014,49.3855],[40.1481,49.3496],[40.1595,49.3336],[40.1572,49.3159],[40.1427,49.2819],[40.1417,49.2458],[40.1284,49.2342],[40.1102,49.2276],[40.0909,49.2173],[40.059,49.1841],[40.0311,49.1798],[40.0034,49.1526],[39.9796,49.1419],[39.9521,49.1245],[39.9309,49.1006],[39.9261,49.0865],[39.923,49.0572],[39.9101,49.0574],[39.8802,49.0643],[39.8173,49.058],[39.8052,49.0599],[39.7766,49.0436],[39.7664,49.0401],[39.7416,49.042],[39.6932,49.0505],[39.6724,49.0404],[39.6851,49.0339],[39.6775,49.0276],[39.6728,49.0167],[39.6781,49.0134],[39.674,49.0056],[39.6637,49.0009],[39.6768,48.9896],[39.674,48.9701],[39.6875,48.9576],[39.7078,48.9488],[39.726,48.937],[39.7474,48.9053],[39.7587,48.8954],[39.7823,48.8884],[39.8619,48.8764],[39.8965,48.8799],[39.9082,48.8784],[39.9186,48.8725],[39.9376,48.8562],[39.9504,48.8528],[39.9723,48.8603],[39.9829,48.8696],[39.9932,48.8682],[39.9969,48.8802],[40.0089,48.8878],[40.0343,48.8856],[40.0538,48.8692],[40.0528,48.8502],[39.9755,48.793],[39.9482,48.7958],[39.8824,48.822],[39.8299,48.8338],[39.8279,48.8311],[39.8011,48.8429],[39.7916,48.8359],[39.7921,48.8281],[39.7794,48.8077],[39.7594,48.7928],[39.7363,48.7615],[39.7114,48.7548],[39.7029,48.7466],[39.6418,48.6117],[39.6317,48.5869],[39.6703,48.5884],[39.6832,48.5918],[39.691,48.5862],[39.7048,48.5874],[39.7214,48.5849],[39.7506,48.5886],[39.7511,48.5821],[39.7688,48.5871],[39.8092,48.5838],[39.8353,48.5735],[39.8542,48.5569],[39.8557,48.5352],[39.8671,48.5087],[39.8615,48.5018],[39.8486,48.5029],[39.8421,48.4991],[39.8464,48.4738],[39.8528,48.4664],[39.8731,48.4577],[39.8962,48.4239],[39.9097,48.3932],[39.9231,48.3754],[39.9015,48.3612],[39.8841,48.3464],[39.863,48.3345],[39.8453,48.3329],[39.8417,48.3226],[39.8159,48.3082],[39.8848,48.279],[39.9147,48.283],[39.9104,48.2714],[39.9246,48.2713],[39.9348,48.2792],[39.93,48.2827],[39.9368,48.2884],[39.9574,48.2934],[39.9789,48.2901],[39.9932,48.2732],[39.9907,48.2537],[39.9776,48.2355],[39.9673,48.2274],[39.942,48.2286],[39.9407,48.212],[39.9126,48.1977],[39.8937,48.183],[39.8431,48.1198],[39.8312,48.1],[39.829,48.0768],[39.8443,48.0457],[39.8436,48.0409],[39.7769,48.0399],[39.7828,48.0297],[39.7681,48.0243],[39.7599,48.015],[39.7802,47.9931],[39.7944,47.9713],[39.794,47.9457],[39.7798,47.9225],[39.7776,47.9066],[39.7829,47.8866],[39.7785,47.8694],[39.7634,47.8707],[39.7632,47.8463],[39.7567,47.8468],[39.7385,47.828],[39.6522,47.833],[39.6257,47.8391],[39.6217,47.8364],[39.5655,47.8364],[39.5508,47.8287],[39.5406,47.827],[39.535,47.8328],[39.5209,47.8257],[39.4778,47.8607],[39.465,47.8596],[39.4486,47.8519],[39.44,47.8548],[39.4332,47.8444],[39.4394,47.8402],[39.4118,47.831],[39.3873,47.8712],[39.3554,47.8727],[39.3514,47.8669],[39.2417,47.8671],[39.2336,47.8574],[39.2365,47.8536],[39.181,47.8537],[39.1719,47.8462],[39.1623,47.8516],[39.1499,47.8515],[39.1496,47.8424],[39.1095,47.8427],[39.1095,47.8517],[39.0831,47.8516],[39.0831,47.8695],[39.0745,47.8695],[39.0652,47.896]]]}},{"type":"Feature","properties":{"id":"lviv","nameUk":"Львівська область","nameEn":"Lviv Oblast"},"geometry":{"type":"Polygon","coordinates":[[[24.1257,50.6489],[24.1371,50.6432],[24.147,50.646],[24.1709,50.6349],[24.1765,50.619],[24.1916,50.6176],[24.2042,50.6104],[24.2,50.6077],[24.2129,50.5967],[24.2107,50.5932],[24.2306,50.5836],[24.2664,50.5807],[24.2932,50.5741],[24.3182,50.5739],[24.3265,50.5929],[24.3234,50.5999],[24.3613,50.5969],[24.3807,50.6092],[24.4015,50.5901],[24.4133,50.5867],[24.3987,50.5741],[24.4064,50.5602],[24.4158,50.5586],[24.4346,50.5456],[24.4493,50.5405],[24.4669,50.5409],[24.488,50.5512],[24.489,50.5565],[24.5162,50.5557],[24.5306,50.5516],[24.5474,50.5343],[24.5503,50.5209],[24.558,50.5088],[24.5536,50.506],[24.5546,50.4941],[24.5632,50.4891],[24.5878,50.4934],[24.5979,50.4665],[24.5812,50.458],[24.5994,50.4562],[24.5967,50.4139],[24.6263,50.4084],[24.6543,50.4101],[24.6513,50.4034],[24.6757,50.3982],[24.7039,50.3849],[24.722,50.3733],[24.7166,50.3615],[24.7149,50.3429],[24.7673,50.3385],[24.7787,50.3395],[24.7893,50.3459],[24.849,50.3515],[24.8594,50.3497],[24.8669,50.3611],[24.8872,50.3588],[24.8855,50.3445],[24.911,50.3454],[24.9127,50.3484],[24.9368,50.3457],[24.9398,50.3638],[24.9294,50.3781],[24.9406,50.3893],[24.9494,50.3856],[25.0169,50.3416],[25.0333,50.3458],[25.0598,50.341],[25.0542,50.3352],[25.06,50.3297],[25.0531,50.3159],[25.0543,50.3009],[25.0714,50.2946],[25.1128,50.2873],[25.128,50.2821],[25.1539,50.2893],[25.175,50.2893],[25.205,50.2793],[25.2035,50.2536],[25.2066,50.2472],[25.1901,50.2486],[25.1814,50.2322],[25.1834,50.2242],[25.1695,50.223],[25.1654,50.2092],[25.1699,50.2023],[25.207,50.1856],[25.2151,50.1796],[25.2109,50.1712],[25.2013,50.1642],[25.2082,50.1617],[25.1973,50.131],[25.2061,50.1203],[25.3,50.0351],[25.3192,50.016],[25.3467,50.0041],[25.3737,49.9917],[25.4025,49.9857],[25.4122,49.9696],[25.4015,49.9544],[25.4038,49.9479],[25.427,49.9432],[25.4266,49.9372],[25.4159,49.9344],[25.4005,49.9374],[25.3873,49.9327],[25.3764,49.9132],[25.3891,49.8972],[25.3807,49.877],[25.3729,49.8759],[25.3751,49.868],[25.3499,49.8627],[25.3324,49.8622],[25.3355,49.8578],[25.3167,49.8556],[25.3109,49.8512],[25.2991,49.8537],[25.2996,49.8455],[25.2933,49.8436],[25.2935,49.8328],[25.2875,49.8282],[25.266,49.8309],[25.2587,49.8387],[25.246,49.8351],[25.2446,49.8253],[25.2371,49.824],[25.2117,49.8267],[25.2096,49.8301],[25.1829,49.8371],[25.1722,49.8322],[25.1515,49.8331],[25.1447,49.8281],[25.1438,49.8177],[25.1378,49.8149],[25.1113,49.8185],[25.0838,49.8285],[25.0837,49.8002],[25.0896,49.7883],[25.0867,49.7781],[25.0756,49.7791],[25.0724,49.7702],[25.1038,49.7567],[25.115,49.7456],[25.0997,49.7323],[25.0937,49.731],[25.0674,49.7115],[25.0446,49.7295],[25.0221,49.7351],[24.9972,49.6966],[24.9995,49.696],[24.9943,49.6686],[24.9984,49.6598],[24.9888,49.6587],[24.9827,49.6366],[24.9614,49.6428],[24.9569,49.6344],[24.963,49.6299],[24.9543,49.6159],[24.9437,49.6192],[24.9427,49.6092],[24.9232,49.6109],[24.9127,49.6152],[24.8984,49.6105],[24.9081,49.5978],[24.8859,49.602],[24.8828,49.6085],[24.8711,49.6097],[24.8633,49.5989],[24.8458,49.6013],[24.8345,49.5998],[24.8392,49.587],[24.8317,49.5851],[24.8296,49.5925],[24.8144,49.5868],[24.8016,49.5877],[24.7916,49.5728],[24.7604,49.5722],[24.7213,49.5698],[24.7293,49.5471],[24.7223,49.5392],[24.7196,49.5273],[24.7208,49.4968],[24.7038,49.4952],[24.7007,49.4919],[24.6847,49.4982],[24.6778,49.4963],[24.6561,49.5054],[24.647,49.4975],[24.6314,49.5007],[24.6218,49.5102],[24.6098,49.5099],[24.5896,49.519],[24.5696,49.5341],[24.5421,49.5246],[24.5358,49.5188],[24.5053,49.5128],[24.4922,49.5235],[24.4909,49.5351],[24.4982,49.5387],[24.4876,49.5477],[24.4794,49.5441],[24.4519,49.5401],[24.4493,49.5452],[24.4343,49.5362],[24.4421,49.5163],[24.4398,49.5116],[24.4126,49.5045],[24.4014,49.495],[24.4128,49.4746],[24.4181,49.4738],[24.4105,49.4449],[24.3838,49.4425],[24.3599,49.4307],[24.3738,49.43],[24.3758,49.4134],[24.3898,49.4091],[24.387,49.395],[24.406,49.3933],[24.4301,49.377],[24.4294,49.3733],[24.4048,49.3668],[24.3961,49.3527],[24.3942,49.341],[24.402,49.3398],[24.3935,49.3329],[24.3808,49.3079],[24.3587,49.3224],[24.3415,49.3104],[24.3026,49.3159],[24.2988,49.2958],[24.3049,49.2775],[24.339,49.292],[24.3582,49.286],[24.364,49.2807],[24.3585,49.2621],[24.3512,49.2616],[24.3468,49.2432],[24.341,49.2432],[24.3591,49.233],[24.3883,49.2276],[24.407,49.2283],[24.4273,49.2319],[24.4469,49.2303],[24.4345,49.2208],[24.438,49.1972],[24.4317,49.1907],[24.435,49.1738],[24.4164,49.1681],[24.3905,49.1818],[24.3842,49.1893],[24.3567,49.1858],[24.3533,49.1813],[24.336,49.1804],[24.3089,49.1712],[24.2818,49.1684],[24.2345,49.1446],[24.2113,49.1484],[24.1979,49.1388],[24.2131,49.1334],[24.1975,49.1333],[24.1916,49.1394],[24.1718,49.1441],[24.1634,49.134],[24.1646,49.1277],[24.1466,49.1331],[24.1428,49.1411],[24.1074,49.1408],[24.0875,49.148],[24.0585,49.1471],[24.0365,49.1251],[24.0236,49.1182],[24.0137,49.1179],[24.0127,49.1258],[24.0042,49.1297],[23.9695,49.138],[23.9616,49.1282],[23.9556,49.1297],[23.9323,49.1216],[23.9137,49.1094],[23.9045,49.0982],[23.8981,49.1017],[23.8789,49.1038],[23.8804,49.1083],[23.8265,49.1133],[23.8231,49.1104],[23.7973,49.1079],[23.7845,49.1197],[23.7757,49.1166],[23.7627,49.1245],[23.7524,49.1243],[23.7536,49.1174],[23.7376,49.1095],[23.7374,49.1042],[23.7196,49.0941],[23.7108,49.1015],[23.6992,49.0999],[23.6896,49.0937],[23.6776,49.0762],[23.6862,49.0662],[23.6764,49.0497],[23.6728,49.0366],[23.6605,49.0263],[23.6504,49.0227],[23.6359,49.031],[23.6203,49.0227],[23.6236,49.0134],[23.5952,48.997],[23.5872,48.9879],[23.5658,48.9747],[23.5672,48.9688],[23.5797,48.9636],[23.5856,48.9555],[23.5828,48.9452],[23.5723,48.9318],[23.5614,48.9107],[23.5708,48.9006],[23.5774,48.8868],[23.5936,48.8833],[23.6066,48.8839],[23.6059,48.8734],[23.5815,48.8715],[23.5674,48.854],[23.5746,48.8471],[23.5645,48.8288],[23.5516,48.8225],[23.5693,48.8042],[23.5689,48.7968],[23.5786,48.7855],[23.5784,48.7787],[23.5681,48.7728],[23.5506,48.7412],[23.5476,48.7258],[23.5407,48.7244],[23.5205,48.7294],[23.5116,48.7347],[23.4924,48.7221],[23.4719,48.7183],[23.4669,48.7237],[23.4307,48.7263],[23.4106,48.7355],[23.3969,48.7329],[23.3907,48.7398],[23.3779,48.7439],[23.3742,48.7593],[23.3608,48.7706],[23.3402,48.7567],[23.3173,48.7535],[23.313,48.7599],[23.2964,48.7675],[23.2862,48.7758],[23.2684,48.7618],[23.2533,48.7627],[23.2402,48.7586],[23.2248,48.7635],[23.2017,48.7603],[23.1885,48.7832],[23.1789,48.7927],[23.1766,48.8062],[23.1699,48.8149],[23.1497,48.8329],[23.1354,48.8337],[23.1307,48.8406],[23.1359,48.8457],[23.1146,48.8572],[23.0988,48.8629],[23.0881,48.8611],[23.0837,48.8544],[23.0645,48.8525],[23.058,48.8465],[23.044,48.8515],[23.0159,48.8446],[23.0009,48.8294],[22.9813,48.8392],[22.9716,48.8505],[22.9707,48.8741],[22.9371,48.8848],[22.8973,48.905],[22.8903,48.9114],[22.8869,48.923],[22.8769,48.9334],[22.8716,48.945],[22.8732,48.9567],[22.9022,48.9695],[22.9122,48.9657],[22.919,48.9704],[22.9188,48.9817],[22.898,49.005],[22.889,49.0069],[22.893,49.019],[22.8865,49.0194],[22.8741,49.0313],[22.8814,49.0382],[22.8668,49.0397],[22.8756,49.0515],[22.8663,49.0597],[22.8645,49.0667],[22.8719,49.0719],[22.8683,49.0776],[22.884,49.0815],[22.8818,49.085],[22.8927,49.0946],[22.8859,49.0986],[22.8759,49.0966],[22.8548,49.106],[22.86,49.1117],[22.8501,49.1148],[22.8426,49.1101],[22.8294,49.1125],[22.8307,49.1181],[22.8131,49.1305],[22.7937,49.1376],[22.7925,49.1537],[22.789,49.1578],[22.7725,49.1528],[22.7603,49.1525],[22.7391,49.158],[22.7422,49.1688],[22.7569,49.1814],[22.7497,49.1842],[22.7331,49.1824],[22.7251,49.1686],[22.7171,49.1649],[22.7073,49.175],[22.7162,49.1836],[22.7354,49.212],[22.7474,49.2167],[22.7201,49.2212],[22.7153,49.226],[22.7235,49.2421],[22.7396,49.2473],[22.7441,49.2989],[22.751,49.3166],[22.7432,49.3358],[22.7468,49.3599],[22.7325,49.3986],[22.7129,49.4376],[22.6967,49.4951],[22.6704,49.4975],[22.6521,49.5079],[22.642,49.5305],[22.6632,49.5388],[22.6747,49.5492],[22.6847,49.5717],[22.7066,49.5933],[22.7494,49.6313],[22.7833,49.6572],[22.7872,49.6765],[22.7939,49.6826],[22.8098,49.6863],[22.8478,49.7101],[22.8521,49.7204],[22.8734,49.7406],[22.8968,49.7518],[22.8979,49.7645],[22.9351,49.7941],[22.9619,49.8047],[22.9566,49.8111],[22.9706,49.8385],[22.9955,49.8422],[23.0333,49.8814],[23.0652,49.9084],[23.0885,49.9249],[23.1075,49.942],[23.1149,49.9565],[23.1426,49.9712],[23.213,50.0311],[23.2143,50.0384],[23.4066,50.1726],[23.4294,50.1842],[23.447,50.1987],[23.5361,50.2428],[23.581,50.266],[23.588,50.2736],[23.6442,50.3127],[23.6571,50.3248],[23.6863,50.3316],[23.6911,50.3533],[23.7031,50.3753],[23.717,50.3832],[23.7475,50.3894],[23.9287,50.3908],[23.9813,50.4048],[23.9864,50.4125],[23.9975,50.4121],[24.0058,50.4354],[24.0345,50.4448],[24.0425,50.4607],[24.0701,50.5034],[24.073,50.5136],[24.094,50.5272],[24.1077,50.5408],[24.0954,50.5569],[24.0907,50.5789],[24.0987,50.5995],[24.0939,50.6139],[24.1084,50.6299],[24.1053,50.6347],[24.1257,50.6489]]]}},{"type":"Feature","properties":{"id":"mykolaiv","nameUk":"Миколаївська область","nameEn":"Mykolaiv Oblast"},"geometry":{"type":"MultiPolygon","coordinates":[[[[30.3165,48.1413],[30.3273,48.1471],[30.3262,48.1573],[30.3477,48.1673],[30.3602,48.1696],[30.3674,48.1752],[30.3852,48.175],[30.3892,48.1671],[30.4136,48.1631],[30.4261,48.1651],[30.4358,48.1729],[30.4706,48.1634],[30.4896,48.1699],[30.501,48.1682],[30.5047,48.1582],[30.527,48.1796],[30.5526,48.1634],[30.5557,48.1558],[30.5779,48.1549],[30.5823,48.1571],[30.6166,48.1564],[30.6208,48.1659],[30.6565,48.172],[30.6472,48.1852],[30.6845,48.1881],[30.7167,48.1956],[30.7192,48.1865],[30.7854,48.1914],[30.7925,48.168],[30.8139,48.1697],[30.8193,48.1881],[30.8278,48.1816],[30.8485,48.1844],[30.8551,48.1611],[30.8865,48.1649],[30.9166,48.165],[30.9216,48.1698],[30.9305,48.1663],[30.9317,48.184],[30.9551,48.1805],[30.9657,48.1852],[30.9894,48.1843],[30.9891,48.1944],[30.9812,48.2221],[31.0527,48.2322],[31.0561,48.2201],[31.1367,48.2295],[31.1393,48.2212],[31.1634,48.2225],[31.1747,48.2086],[31.1907,48.1944],[31.179,48.1818],[31.1978,48.1692],[31.2205,48.1708],[31.2366,48.1169],[31.3252,48.1383],[31.3302,48.114],[31.3504,48.1189],[31.3699,48.1206],[31.3818,48.1323],[31.3884,48.1299],[31.3961,48.1081],[31.421,48.1117],[31.418,48.1213],[31.4869,48.1296],[31.4985,48.0874],[31.4764,48.0832],[31.4701,48.0634],[31.4881,48.0654],[31.4925,48.0503],[31.5028,48.0523],[31.5113,48.0628],[31.5095,48.0689],[31.551,48.0699],[31.5405,48.1078],[31.559,48.1103],[31.5697,48.0965],[31.5698,48.1031],[31.5842,48.1056],[31.5825,48.1287],[31.634,48.1348],[31.6419,48.1152],[31.6791,48.1202],[31.6871,48.1163],[31.6945,48.0933],[31.7673,48.1021],[31.7831,48.0423],[31.7291,48.0356],[31.7516,47.9467],[31.7658,47.9446],[31.7813,47.9601],[31.7847,47.9549],[31.8015,47.9574],[31.8009,47.9608],[31.8233,47.9611],[31.8439,47.9637],[31.855,47.9161],[31.8767,47.9195],[31.8759,47.912],[31.8845,47.8939],[31.8848,47.8788],[31.8898,47.8656],[31.8573,47.8647],[31.8594,47.8496],[31.8533,47.8484],[31.8569,47.8386],[31.868,47.8286],[31.868,47.8221],[31.8274,47.8166],[31.8382,47.7822],[31.8791,47.7871],[31.8782,47.7883],[31.963,47.7989],[31.9598,47.8097],[32.015,47.8158],[32.0162,47.8128],[32.0548,47.8173],[32.0597,47.8045],[32.0764,47.8066],[32.0794,47.7959],[32.0856,47.7967],[32.0897,47.7823],[32.1093,47.7845],[32.1169,47.7559],[32.1359,47.7579],[32.1385,47.7497],[32.1447,47.75],[32.1574,47.7605],[32.1604,47.751],[32.2317,47.7604],[32.2225,47.7916],[32.2399,47.7939],[32.2365,47.8148],[32.3038,47.8239],[32.307,47.8195],[32.3204,47.8192],[32.3295,47.8068],[32.3387,47.8002],[32.363,47.7889],[32.3705,47.795],[32.3965,47.8005],[32.3999,47.7949],[32.4269,47.7997],[32.4277,47.7896],[32.5194,47.8005],[32.6243,47.8134],[32.6244,47.8159],[32.6576,47.8196],[32.6559,47.8263],[32.664,47.8396],[32.6727,47.8425],[32.6794,47.8518],[32.6751,47.8578],[32.6692,47.853],[32.6644,47.871],[32.6856,47.873],[32.6766,47.9072],[32.6559,47.9048],[32.6518,47.9215],[32.7431,47.9322],[32.7371,47.9518],[32.6972,47.9467],[32.6891,47.9826],[32.7338,47.9866],[32.7956,47.9939],[32.7964,47.981],[32.8017,47.9747],[32.8114,47.9794],[32.8663,47.9854],[32.8669,47.9835],[32.8941,47.9857],[32.886,48.0195],[32.8721,48.0244],[32.8703,48.0319],[32.8803,48.0331],[32.8821,48.0278],[32.9162,48.0318],[32.9135,48.0376],[32.9451,48.0424],[32.9525,48.0353],[32.9892,48.0485],[32.9999,48.0106],[33.0045,47.9891],[32.9945,47.9844],[32.9952,47.9674],[33.0018,47.9664],[33.0076,47.9367],[32.9928,47.9349],[33.0041,47.9132],[33.014,47.9104],[33.0784,47.9205],[33.0861,47.886],[33.0699,47.8825],[33.0752,47.8605],[33.0608,47.859],[33.0606,47.8326],[33.0549,47.8318],[33.0618,47.8044],[33.06,47.8006],[33.0662,47.7836],[33.0499,47.7818],[33.0551,47.76],[33.0669,47.7617],[33.0721,47.7389],[33.0075,47.732],[33.0085,47.7265],[32.9723,47.7227],[32.9942,47.6302],[33.0002,47.6215],[33.0117,47.6259],[33.0075,47.6159],[32.9894,47.616],[32.9907,47.6072],[32.9808,47.6063],[32.9597,47.5962],[32.9614,47.5899],[33.095,47.5971],[33.0927,47.5788],[33.0889,47.5522],[33.0954,47.5279],[33.1413,47.5445],[33.147,47.5152],[33.1232,47.5079],[33.1301,47.4825],[33.1257,47.4773],[33.1378,47.4195],[33.0716,47.4124],[33.0705,47.4748],[33.0473,47.4685],[33.0539,47.4441],[33.0341,47.4416],[33.0372,47.4259],[33.0295,47.4213],[33.0393,47.3797],[33.1215,47.3904],[33.1322,47.3456],[33.1373,47.3337],[33.1306,47.3286],[33.1029,47.3223],[33.1108,47.301],[33.1094,47.2929],[33.1021,47.2907],[33.1052,47.2805],[33.1185,47.282],[33.1202,47.2777],[33.1395,47.2723],[33.1362,47.2678],[33.1769,47.2419],[33.1828,47.2397],[33.1598,47.2322],[33.1621,47.2366],[33.1445,47.2304],[33.1272,47.23],[33.1337,47.2132],[33.1427,47.2108],[33.1296,47.2028],[33.1129,47.2055],[33.0971,47.2237],[33.0662,47.22],[33.0662,47.2008],[33.0547,47.1921],[33.0362,47.1875],[33.0386,47.1784],[33.0254,47.1765],[33.0144,47.1805],[33.0096,47.1933],[33.0007,47.1961],[33.0001,47.1894],[32.9908,47.1938],[32.9614,47.1896],[32.9487,47.1636],[32.9313,47.1499],[32.92,47.1461],[32.9192,47.133],[32.9068,47.1206],[32.9146,47.1053],[32.9103,47.0939],[32.9279,47.0816],[32.9984,47.0528],[33.0686,47.0222],[33.0228,46.9729],[32.9497,47.0032],[32.934,46.9863],[32.9418,46.9738],[32.9499,46.946],[32.9756,46.9491],[32.9795,46.9335],[32.9217,46.9267],[32.9246,46.9101],[32.8415,46.9],[32.836,46.8846],[32.8564,46.877],[32.9153,46.8833],[32.9199,46.8661],[32.9463,46.8687],[32.9491,46.8579],[32.8716,46.8468],[32.8136,46.8401],[32.8148,46.8346],[32.7762,46.8311],[32.7794,46.8249],[32.7675,46.8206],[32.7646,46.828],[32.7429,46.8279],[32.6979,46.8226],[32.6879,46.8621],[32.6175,46.8544],[32.6111,46.8588],[32.5855,46.8558],[32.5718,46.8632],[32.5705,46.8726],[32.5467,46.8694],[32.5451,46.8826],[32.5343,46.8821],[32.5417,46.8502],[32.5261,46.8484],[32.532,46.8238],[32.4693,46.8166],[32.4633,46.8404],[32.3654,46.8293],[32.3729,46.7991],[32.3416,46.7954],[32.3147,46.806],[32.2275,46.8452],[32.2314,46.8387],[32.2522,46.8196],[32.2304,46.8085],[32.2097,46.8057],[32.2187,46.7713],[32.169,46.7635],[32.1715,46.7523],[32.1118,46.7451],[32.1089,46.7525],[32.0572,46.7446],[32.0609,46.728],[32.0757,46.73],[32.087,46.6835],[32.0714,46.6837],[32.0207,46.6775],[32.0307,46.6689],[31.9884,46.6642],[31.9798,46.6771],[31.9707,46.7129],[31.9502,46.7418],[31.9403,46.7589],[31.9362,46.8004],[31.9548,46.8314],[31.9817,46.8603],[32.0025,46.8955],[32.0075,46.9152],[32.0067,46.9305],[31.9959,46.9404],[31.9461,46.9467],[31.9359,46.9548],[31.9392,46.968],[31.9689,46.9987],[31.9769,47.0093],[31.971,47.0163],[31.9437,47.0189],[31.9002,47.0136],[31.8811,47.015],[31.8652,47.0264],[31.8932,47.0684],[31.8968,47.0927],[31.8823,47.1186],[31.8682,47.1273],[31.8456,47.134],[31.8379,47.1492],[31.8345,47.1789],[31.8306,47.1868],[31.8167,47.1971],[31.7577,47.2162],[31.7485,47.2285],[31.7533,47.2485],[31.7521,47.2558],[31.7417,47.2591],[31.7206,47.2319],[31.7268,47.2205],[31.7424,47.2092],[31.7617,47.2005],[31.8062,47.1927],[31.8163,47.1809],[31.8156,47.1226],[31.82,47.1171],[31.8447,47.113],[31.8743,47.0938],[31.8665,47.0771],[31.8447,47.0537],[31.8374,47.0085],[31.869,46.9988],[31.9141,47.0031],[31.9471,46.9991],[31.9177,46.9763],[31.9043,46.9605],[31.8994,46.9438],[31.9077,46.9265],[31.9256,46.9229],[31.9476,46.9282],[31.9683,46.937],[31.9728,46.9154],[31.9634,46.8857],[31.9451,46.8595],[31.9232,46.8483],[31.8986,46.8429],[31.8775,46.8283],[31.8648,46.8066],[31.8652,46.78],[31.9028,46.7452],[31.9067,46.7382],[31.8994,46.694],[31.9024,46.677],[31.9085,46.6627],[31.8921,46.6436],[31.8584,46.6291],[31.8147,46.623],[31.7715,46.6275],[31.6741,46.6532],[31.6144,46.6496],[31.5972,46.6432],[31.5789,46.6173],[31.5568,46.6149],[31.5345,46.6272],[31.5254,46.6291],[31.493,46.6287],[31.485,46.6323],[31.481,46.6464],[31.4909,46.6634],[31.5462,46.7276],[31.5602,46.7491],[31.5598,46.7589],[31.5721,46.7663],[31.6182,46.8135],[31.6061,46.8264],[31.5978,46.8205],[31.584,46.7936],[31.5574,46.7836],[31.5435,46.7748],[31.5195,46.7475],[31.5083,46.7452],[31.4816,46.7589],[31.4668,46.7836],[31.4561,46.796],[31.4407,46.8005],[31.4519,46.7755],[31.4558,46.7546],[31.5021,46.7277],[31.5059,46.7204],[31.4983,46.7077],[31.4782,46.6838],[31.4627,46.6752],[31.4286,46.6376],[31.4162,46.6291],[31.3967,46.626],[31.3522,46.6093],[31.3377,46.6013],[31.3239,46.6061],[31.2957,46.6089],[31.283,46.6149],[31.2756,46.6074],[31.2567,46.6164],[31.1869,46.6291],[31.1771,46.6291],[31.1882,46.6393],[31.1904,46.6476],[31.1772,46.6521],[31.1933,46.6567],[31.1855,46.6624],[31.179,46.6802],[31.179,46.7091],[31.1731,46.7116],[31.1558,46.7279],[31.1527,46.7438],[31.1747,46.7634],[31.1778,46.7694],[31.1532,46.7922],[31.152,46.7989],[31.1574,46.8333],[31.1549,46.8368],[31.1206,46.8453],[31.1112,46.8448],[31.0985,46.8754],[31.0929,46.8811],[31.0492,46.8992],[31.042,46.8983],[31.03,46.9331],[31.0229,46.938],[31.0182,46.9637],[31.0399,46.9689],[31.0893,46.974],[31.0867,46.9827],[31.1352,46.9897],[31.1415,46.979],[31.2424,46.9913],[31.2295,47.0218],[31.2654,47.0286],[31.2679,47.0217],[31.2914,47.0247],[31.2965,47.033],[31.294,47.0464],[31.305,47.0483],[31.2934,47.0817],[31.3018,47.083],[31.292,47.0937],[31.2695,47.1719],[31.2492,47.1689],[31.246,47.1778],[31.2006,47.1717],[31.1974,47.155],[31.1616,47.1572],[31.1307,47.1531],[31.1288,47.1571],[31.11,47.1556],[31.1058,47.1644],[31.1159,47.1679],[31.1089,47.1877],[31.1183,47.1898],[31.123,47.1769],[31.1568,47.1817],[31.1463,47.2183],[31.1782,47.2231],[31.1682,47.2551],[31.1755,47.2565],[31.1705,47.2663],[31.0784,47.2534],[31.0805,47.248],[31.0181,47.2393],[31.0074,47.2702],[30.9891,47.2673],[30.9972,47.2898],[30.9075,47.2774],[30.8932,47.3208],[30.8747,47.3182],[30.8679,47.3343],[30.8895,47.3379],[30.8885,47.3416],[30.9088,47.3459],[30.9008,47.3602],[30.8849,47.359],[30.8735,47.4005],[30.8934,47.4033],[30.8871,47.426],[30.8509,47.4208],[30.8478,47.4438],[30.8643,47.4439],[30.8609,47.4606],[30.8538,47.4798],[30.8602,47.4812],[30.8522,47.5031],[30.8825,47.5073],[30.876,47.5332],[30.876,47.545],[30.8338,47.537],[30.8291,47.5497],[30.8034,47.5471],[30.8003,47.5535],[30.7732,47.5463],[30.7711,47.5538],[30.7626,47.5534],[30.7524,47.5602],[30.7448,47.5798],[30.7795,47.5841],[30.775,47.5962],[30.78,47.5972],[30.7749,47.6235],[30.7816,47.6248],[30.783,47.6346],[30.7924,47.6362],[30.7885,47.6492],[30.7427,47.6428],[30.709,47.6393],[30.7198,47.6087],[30.6994,47.6023],[30.66,47.6008],[30.66,47.6173],[30.6654,47.6183],[30.6637,47.6346],[30.6179,47.6242],[30.6122,47.6358],[30.5721,47.6274],[30.5602,47.6262],[30.5578,47.6315],[30.4718,47.6184],[30.4641,47.6412],[30.4202,47.6349],[30.4101,47.6705],[30.4142,47.6719],[30.3907,47.7442],[30.3894,47.7525],[30.3982,47.7581],[30.4242,47.7614],[30.4158,47.7871],[30.4392,47.7899],[30.436,47.8008],[30.4287,47.8002],[30.4226,47.8212],[30.3345,47.8096],[30.3305,47.8124],[30.3183,47.8443],[30.3104,47.8739],[30.2997,47.9208],[30.3076,47.9297],[30.2813,47.9513],[30.2458,47.9672],[30.2496,47.9821],[30.2252,48.0121],[30.2573,48.0218],[30.2563,48.0284],[30.2341,48.0599],[30.2261,48.0564],[30.2074,48.0679],[30.214,48.0727],[30.2321,48.07],[30.2403,48.0751],[30.2501,48.0898],[30.2833,48.0851],[30.2895,48.0959],[30.3048,48.0968],[30.3252,48.0944],[30.3152,48.0993],[30.3148,48.1058],[30.3262,48.1032],[30.3289,48.0969],[30.3569,48.101],[30.3572,48.1122],[30.3333,48.116],[30.3158,48.1164],[30.307,48.142],[30.3165,48.1413]]],[[[31.7717,46.4958],[31.7485,46.4999],[31.7264,46.5009],[31.7107,46.4954],[31.6903,46.4786],[31.6851,46.4614],[31.6865,46.4299],[31.6636,46.4721],[31.6558,46.4783],[31.6414,46.4821],[31.5244,46.5642],[31.5083,46.5876],[31.5403,46.5701],[31.5667,46.5504],[31.5816,46.5452],[31.7564,46.5543],[31.7902,46.5473],[31.8479,46.523],[31.859,46.52],[31.8457,46.4979],[31.8327,46.4999],[31.8144,46.4926],[31.81,46.4848],[31.7717,46.4958]]]]}},{"type":"Feature","properties":{"id":"odesa","nameUk":"Одеська область","nameEn":"Odesa Oblast"},"geometry":{"type":"MultiPolygon","coordinates":[[[[28.8692,48.069],[28.8737,48.0829],[28.9235,48.0936],[28.9282,48.0984],[28.9332,48.1263],[28.9452,48.1568],[28.9683,48.1545],[28.9844,48.145],[28.9938,48.1519],[29.0099,48.1482],[29.0184,48.132],[29.0322,48.1256],[29.0339,48.1325],[29.0499,48.1502],[29.0428,48.1578],[29.0463,48.1739],[29.0539,48.1818],[29.0599,48.1798],[29.0574,48.1894],[29.0646,48.1946],[29.078,48.1935],[29.1341,48.1526],[29.1452,48.1558],[29.1575,48.1481],[29.1416,48.1408],[29.1817,48.1412],[29.1943,48.1343],[29.2094,48.1341],[29.2134,48.1432],[29.2406,48.1414],[29.2504,48.1499],[29.253,48.1369],[29.2617,48.1305],[29.24,48.1275],[29.2351,48.1202],[29.2208,48.1251],[29.2058,48.1223],[29.2042,48.1174],[29.2194,48.1085],[29.2167,48.1049],[29.2322,48.1034],[29.2468,48.1109],[29.2666,48.1069],[29.2653,48.0942],[29.2787,48.0904],[29.3062,48.0901],[29.312,48.0862],[29.3349,48.0949],[29.3516,48.0974],[29.3524,48.0895],[29.3689,48.0946],[29.3719,48.0905],[29.3876,48.0952],[29.3826,48.1029],[29.3949,48.1139],[29.4431,48.1219],[29.4726,48.1219],[29.4781,48.1082],[29.495,48.1024],[29.5318,48.0981],[29.5442,48.1014],[29.5701,48.0988],[29.5738,48.1041],[29.5878,48.1018],[29.5813,48.1111],[29.5986,48.12],[29.6024,48.1329],[29.6404,48.1229],[29.6368,48.1116],[29.6588,48.1107],[29.6636,48.1076],[29.6683,48.1207],[29.6759,48.1543],[29.6736,48.1688],[29.6548,48.1952],[29.6665,48.1964],[29.6824,48.1881],[29.6903,48.193],[29.7266,48.2027],[29.7636,48.2004],[29.7748,48.2025],[29.7808,48.2085],[29.7936,48.2011],[29.8124,48.2073],[29.8395,48.2118],[29.8605,48.2042],[29.8773,48.1876],[29.8919,48.1861],[29.9301,48.2339],[29.9754,48.2179],[29.99,48.2307],[29.9925,48.2198],[30.0103,48.2085],[30.0012,48.1948],[30.0023,48.1851],[30.0105,48.1825],[30.0217,48.1861],[30.0338,48.1777],[30.0448,48.1543],[30.0527,48.1502],[30.0616,48.152],[30.0691,48.145],[30.079,48.1466],[30.1075,48.1402],[30.1133,48.1446],[30.1333,48.1479],[30.1513,48.1441],[30.1647,48.1453],[30.1893,48.1546],[30.1978,48.1491],[30.2144,48.1479],[30.2426,48.141],[30.2617,48.1482],[30.2869,48.1402],[30.307,48.142],[30.3158,48.1164],[30.3333,48.116],[30.3572,48.1122],[30.3569,48.101],[30.3289,48.0969],[30.3262,48.1032],[30.3148,48.1058],[30.3152,48.0993],[30.3252,48.0944],[30.3048,48.0968],[30.2895,48.0959],[30.2833,48.0851],[30.2501,48.0898],[30.2403,48.0751],[30.2321,48.07],[30.214,48.0727],[30.2074,48.0679],[30.2261,48.0564],[30.2341,48.0599],[30.2563,48.0284],[30.2573,48.0218],[30.2252,48.0121],[30.2496,47.9821],[30.2458,47.9672],[30.2813,47.9513],[30.3076,47.9297],[30.2997,47.9208],[30.3104,47.8739],[30.3183,47.8443],[30.3305,47.8124],[30.3345,47.8096],[30.4226,47.8212],[30.4287,47.8002],[30.436,47.8008],[30.4392,47.7899],[30.4158,47.7871],[30.4242,47.7614],[30.3982,47.7581],[30.3894,47.7525],[30.3907,47.7442],[30.4142,47.6719],[30.4101,47.6705],[30.4202,47.6349],[30.4641,47.6412],[30.4718,47.6184],[30.5578,47.6315],[30.5602,47.6262],[30.5721,47.6274],[30.6122,47.6358],[30.6179,47.6242],[30.6637,47.6346],[30.6654,47.6183],[30.66,47.6173],[30.66,47.6008],[30.6994,47.6023],[30.7198,47.6087],[30.709,47.6393],[30.7427,47.6428],[30.7885,47.6492],[30.7924,47.6362],[30.783,47.6346],[30.7816,47.6248],[30.7749,47.6235],[30.78,47.5972],[30.775,47.5962],[30.7795,47.5841],[30.7448,47.5798],[30.7524,47.5602],[30.7626,47.5534],[30.7711,47.5538],[30.7732,47.5463],[30.8003,47.5535],[30.8034,47.5471],[30.8291,47.5497],[30.8338,47.537],[30.876,47.545],[30.876,47.5332],[30.8825,47.5073],[30.8522,47.5031],[30.8602,47.4812],[30.8538,47.4798],[30.8609,47.4606],[30.8643,47.4439],[30.8478,47.4438],[30.8509,47.4208],[30.8871,47.426],[30.8934,47.4033],[30.8735,47.4005],[30.8849,47.359],[30.9008,47.3602],[30.9088,47.3459],[30.8885,47.3416],[30.8895,47.3379],[30.8679,47.3343],[30.8747,47.3182],[30.8932,47.3208],[30.9075,47.2774],[30.9972,47.2898],[30.9891,47.2673],[31.0074,47.2702],[31.0181,47.2393],[31.0805,47.248],[31.0784,47.2534],[31.1705,47.2663],[31.1755,47.2565],[31.1682,47.2551],[31.1782,47.2231],[31.1463,47.2183],[31.1568,47.1817],[31.123,47.1769],[31.1183,47.1898],[31.1089,47.1877],[31.1159,47.1679],[31.1058,47.1644],[31.11,47.1556],[31.1288,47.1571],[31.1307,47.1531],[31.1616,47.1572],[31.1974,47.155],[31.2006,47.1717],[31.246,47.1778],[31.2492,47.1689],[31.2695,47.1719],[31.292,47.0937],[31.3018,47.083],[31.2934,47.0817],[31.305,47.0483],[31.294,47.0464],[31.2965,47.033],[31.2914,47.0247],[31.2679,47.0217],[31.2654,47.0286],[31.2295,47.0218],[31.2424,46.9913],[31.1415,46.979],[31.1352,46.9897],[31.0867,46.9827],[31.0893,46.974],[31.0399,46.9689],[31.0182,46.9637],[31.0229,46.938],[31.03,46.9331],[31.042,46.8983],[31.0492,46.8992],[31.0929,46.8811],[31.0985,46.8754],[31.1112,46.8448],[31.1206,46.8453],[31.1549,46.8368],[31.1574,46.8333],[31.152,46.7989],[31.1532,46.7922],[31.1778,46.7694],[31.1747,46.7634],[31.1527,46.7438],[31.1558,46.7279],[31.1731,46.7116],[31.179,46.7091],[31.179,46.6802],[31.1855,46.6624],[31.1933,46.6567],[31.1772,46.6521],[31.1904,46.6476],[31.1882,46.6393],[31.1771,46.6291],[31.1595,46.629],[31.1082,46.6177],[31.0545,46.6127],[31.013,46.6033],[30.9914,46.6013],[30.9592,46.5834],[30.9391,46.5877],[30.926,46.5843],[30.867,46.5558],[30.8545,46.5534],[30.8125,46.56],[30.8026,46.5602],[30.7907,46.5529],[30.7609,46.5244],[30.7549,46.5159],[30.7583,46.5026],[30.7752,46.4777],[30.7821,46.4572],[30.7982,46.4464],[30.7835,46.4309],[30.7725,46.3964],[30.7313,46.3586],[30.7145,46.348],[30.6607,46.3509],[30.6519,46.3446],[30.6565,46.339],[30.6794,46.3283],[30.6865,46.32],[30.6868,46.309],[30.6824,46.2995],[30.6535,46.2596],[30.5835,46.1903],[30.5619,46.1617],[30.5477,46.1478],[30.532,46.1419],[30.5233,46.1338],[30.5034,46.0944],[30.4942,46.0805],[30.3713,45.998],[30.2614,45.8955],[30.2049,45.8559],[30.1384,45.8198],[30.141,45.833],[30.1353,45.8891],[30.1275,45.8913],[30.1106,45.8751],[30.1058,45.8635],[30.1023,45.8369],[30.0946,45.8148],[30.0867,45.8135],[30.0724,45.821],[30.0612,45.8135],[30.0147,45.8397],[29.9907,45.8471],[29.9685,45.8389],[29.9605,45.8192],[29.9583,45.7946],[29.9529,45.772],[29.9324,45.7924],[29.9324,45.7999],[29.9391,45.8105],[29.9351,45.8161],[29.9263,45.8138],[29.9187,45.7999],[29.9177,45.7829],[29.9224,45.7694],[29.9393,45.7515],[29.9324,45.7242],[29.9197,45.7405],[29.8982,45.7515],[29.8962,45.7636],[29.8817,45.763],[29.874,45.7515],[29.8508,45.7511],[29.8237,45.7476],[29.8024,45.7375],[29.7957,45.7174],[29.8032,45.7042],[29.8164,45.6977],[29.843,45.6907],[29.865,45.6723],[29.8425,45.6639],[29.8267,45.6542],[29.8096,45.6486],[29.7891,45.6553],[29.7839,45.6466],[29.7891,45.6354],[29.7741,45.6296],[29.7459,45.6226],[29.7337,45.6143],[29.735,45.6406],[29.724,45.6674],[29.7053,45.6884],[29.6826,45.6968],[29.6853,45.7043],[29.6792,45.7515],[29.6939,45.7813],[29.6804,45.7983],[29.6533,45.8139],[29.6428,45.8272],[29.6336,45.8214],[29.6346,45.8066],[29.6519,45.789],[29.648,45.7812],[29.6296,45.7635],[29.6239,45.7515],[29.6253,45.7283],[29.6375,45.7099],[29.6032,45.6913],[29.5972,45.6523],[29.5994,45.6044],[29.5897,45.5591],[29.6291,45.5467],[29.6484,45.5454],[29.6668,45.5482],[29.6812,45.5551],[29.707,45.5733],[29.6945,45.5622],[29.6616,45.5259],[29.638,45.5139],[29.6267,45.4951],[29.6052,45.487],[29.6057,45.4782],[29.6211,45.4544],[29.6408,45.4418],[29.6519,45.443],[29.6556,45.4519],[29.656,45.4742],[29.6724,45.4771],[29.6724,45.4538],[29.6753,45.4496],[29.6859,45.4573],[29.7022,45.4566],[29.7087,45.4528],[29.7132,45.4362],[29.7245,45.4682],[29.7323,45.4757],[29.7474,45.4634],[29.7546,45.4473],[29.7559,45.4279],[29.7478,45.4143],[29.7277,45.4157],[29.7419,45.4045],[29.7502,45.3858],[29.7539,45.3641],[29.7562,45.3212],[29.7515,45.3041],[29.7297,45.2581],[29.728,45.2369],[29.7088,45.2233],[29.6924,45.2167],[29.6767,45.214],[29.6707,45.221],[29.6604,45.2466],[29.6677,45.2628],[29.6786,45.2682],[29.6708,45.2931],[29.6671,45.3119],[29.6503,45.3461],[29.6281,45.3608],[29.6197,45.3641],[29.589,45.3902],[29.5491,45.4085],[29.4978,45.4197],[29.474,45.4232],[29.4404,45.4338],[29.4297,45.4426],[29.4204,45.4425],[29.3921,45.4359],[29.3819,45.4395],[29.3635,45.4362],[29.3479,45.439],[29.3336,45.4479],[29.3235,45.4481],[29.2938,45.4282],[29.273,45.4273],[29.2581,45.4326],[29.2382,45.4327],[29.2244,45.4227],[29.1904,45.4131],[29.179,45.4],[29.1674,45.3943],[29.1397,45.3854],[29.1208,45.382],[29.1045,45.3744],[29.0852,45.374],[29.0734,45.3665],[29.0549,45.3594],[29.0441,45.3605],[29.0264,45.3507],[29.0041,45.3422],[28.9887,45.3333],[28.9643,45.3301],[28.9498,45.3128],[28.9539,45.299],[28.9505,45.2845],[28.935,45.2804],[28.9147,45.2874],[28.8742,45.3161],[28.8496,45.3161],[28.8165,45.3363],[28.7962,45.3347],[28.7816,45.3273],[28.7895,45.3182],[28.7902,45.2921],[28.7649,45.2913],[28.7546,45.2879],[28.7519,45.2813],[28.7673,45.2578],[28.7926,45.2474],[28.7885,45.2397],[28.7443,45.2332],[28.7358,45.2294],[28.7101,45.227],[28.6835,45.2312],[28.6635,45.2383],[28.636,45.244],[28.577,45.2481],[28.4942,45.2789],[28.4464,45.2894],[28.349,45.3204],[28.3358,45.3307],[28.3199,45.3516],[28.3023,45.379],[28.2853,45.3996],[28.2841,45.413],[28.2867,45.4334],[28.2807,45.4441],[28.2678,45.4534],[28.2559,45.4578],[28.2218,45.4662],[28.2117,45.4667],[28.2522,45.5118],[28.2705,45.5215],[28.3419,45.5176],[28.4168,45.5038],[28.4216,45.5037],[28.4214,45.4856],[28.4333,45.4862],[28.5162,45.4999],[28.5036,45.5358],[28.4982,45.5587],[28.5104,45.571],[28.5442,45.5798],[28.5158,45.6653],[28.4861,45.6605],[28.4823,45.6709],[28.5042,45.6937],[28.5152,45.702],[28.5325,45.7101],[28.5614,45.7166],[28.5669,45.7265],[28.5888,45.7293],[28.5948,45.7363],[28.5908,45.7547],[28.5859,45.7625],[28.6436,45.7665],[28.6544,45.771],[28.7094,45.7799],[28.6969,45.8179],[28.7861,45.8325],[28.7546,45.9293],[28.7636,45.9346],[28.7567,45.9572],[28.7797,45.9605],[28.7783,45.965],[28.932,45.9932],[28.9471,45.9981],[28.9791,46.0035],[29.0055,46.0494],[28.9507,46.0937],[28.9779,46.1179],[29.0675,46.1956],[28.9523,46.2595],[28.9534,46.2652],[28.9853,46.3184],[29.0036,46.3166],[28.9976,46.3205],[28.9906,46.3457],[28.987,46.3429],[28.9668,46.3758],[28.9416,46.4309],[28.9383,46.4467],[28.954,46.4586],[29.0017,46.4602],[29.0255,46.4623],[29.0235,46.48],[28.9991,46.4796],[29.0203,46.4895],[29.0749,46.5037],[29.1,46.5135],[29.1639,46.5153],[29.1623,46.5379],[29.1842,46.538],[29.2002,46.524],[29.2068,46.5025],[29.2076,46.4179],[29.2056,46.4061],[29.1834,46.3776],[29.1837,46.3672],[29.2007,46.3571],[29.2229,46.3665],[29.2368,46.3772],[29.2408,46.3761],[29.2714,46.3974],[29.2833,46.3974],[29.2904,46.4152],[29.2966,46.4172],[29.3032,46.4085],[29.3243,46.4149],[29.3063,46.4444],[29.3186,46.4477],[29.3078,46.4649],[29.3208,46.4687],[29.3442,46.4342],[29.3621,46.4159],[29.3747,46.4162],[29.4182,46.4625],[29.4368,46.4767],[29.4576,46.4847],[29.4706,46.4832],[29.4876,46.4714],[29.4862,46.4625],[29.4753,46.4476],[29.4751,46.4323],[29.4809,46.4252],[29.4961,46.4208],[29.5275,46.4167],[29.5414,46.413],[29.5556,46.4042],[29.5694,46.3823],[29.5763,46.3759],[29.5804,46.3608],[29.6003,46.3629],[29.6031,46.3538],[29.6776,46.3612],[29.6766,46.3724],[29.6636,46.4228],[29.6827,46.4229],[29.7038,46.4296],[29.7345,46.435],[29.731,46.4401],[29.7422,46.4436],[29.7396,46.4475],[29.7796,46.4211],[29.8003,46.3984],[29.8067,46.3809],[29.8082,46.3547],[29.8281,46.3394],[29.8478,46.3415],[29.8751,46.3583],[29.8912,46.3521],[29.888,46.3655],[29.9025,46.3712],[29.9187,46.3737],[30.0373,46.3689],[30.0811,46.3742],[30.0921,46.3817],[30.0966,46.3752],[30.107,46.3914],[30.1466,46.4056],[30.1635,46.4133],[30.16,46.4275],[30.1493,46.4264],[30.1482,46.417],[30.1343,46.411],[30.1316,46.4228],[30.1124,46.4315],[30.1035,46.4305],[30.098,46.439],[30.0909,46.4374],[30.0982,46.4303],[30.0793,46.433],[30.0745,46.4249],[30.0589,46.4374],[30.0643,46.4428],[30.0477,46.4436],[30.0141,46.462],[30.0233,46.4688],[30.0094,46.4881],[29.9841,46.5101],[29.9831,46.4996],[29.9709,46.5016],[29.9668,46.4944],[29.9577,46.5067],[29.9161,46.5188],[29.9019,46.5308],[29.8994,46.5491],[29.9426,46.5547],[29.94,46.5595],[29.9497,46.5789],[29.9476,46.5875],[29.957,46.5923],[29.9593,46.6087],[29.9534,46.6212],[29.9544,46.6345],[29.9467,46.6508],[29.9554,46.6593],[29.9605,46.6787],[29.971,46.6852],[29.9662,46.7093],[29.968,46.7304],[29.9747,46.7521],[29.9662,46.7557],[29.9661,46.7714],[29.9576,46.7822],[29.9419,46.7961],[29.9352,46.8058],[29.9629,46.8183],[29.9787,46.8163],[29.9686,46.8318],[29.9521,46.8425],[29.9255,46.8348],[29.9284,46.8281],[29.906,46.8204],[29.8836,46.8516],[29.8921,46.8536],[29.8841,46.8861],[29.8468,46.882],[29.8491,46.8754],[29.7494,46.861],[29.731,46.9193],[29.7212,46.9183],[29.7181,46.9321],[29.7005,46.9249],[29.6479,46.9194],[29.6397,46.9552],[29.5717,46.9405],[29.5598,46.9584],[29.5958,46.9636],[29.5995,47.0147],[29.6025,47.0416],[29.6287,47.0447],[29.6119,47.1002],[29.5476,47.0937],[29.5484,47.0873],[29.5375,47.0756],[29.53,47.0819],[29.5156,47.1126],[29.4993,47.1092],[29.4973,47.1186],[29.5304,47.1237],[29.5399,47.1315],[29.5799,47.1358],[29.5551,47.2382],[29.5687,47.2431],[29.5762,47.2545],[29.5987,47.2574],[29.5879,47.3078],[29.5801,47.3485],[29.5742,47.3704],[29.5176,47.3646],[29.4876,47.3558],[29.4907,47.3481],[29.4809,47.3383],[29.4706,47.3227],[29.4635,47.3022],[29.4451,47.2998],[29.4462,47.2946],[29.427,47.2921],[29.4229,47.3048],[29.3984,47.3005],[29.3837,47.3451],[29.398,47.3539],[29.3907,47.3798],[29.3613,47.3756],[29.3616,47.3734],[29.3376,47.3706],[29.3175,47.4492],[29.2882,47.4367],[29.2726,47.4347],[29.2546,47.4236],[29.2427,47.4346],[29.2423,47.462],[29.2247,47.4493],[29.2184,47.4516],[29.2019,47.4466],[29.1853,47.4317],[29.1883,47.4389],[29.1822,47.4491],[29.193,47.4595],[29.1906,47.4671],[29.1622,47.4527],[29.1576,47.4592],[29.1875,47.4752],[29.1849,47.4812],[29.1923,47.4869],[29.1828,47.4932],[29.185,47.5188],[29.1515,47.5066],[29.1234,47.5454],[29.1301,47.5588],[29.1667,47.5712],[29.171,47.5676],[29.1847,47.572],[29.186,47.5858],[29.2035,47.598],[29.2007,47.6024],[29.2177,47.6123],[29.2096,47.6278],[29.2192,47.627],[29.2232,47.635],[29.234,47.6426],[29.2094,47.6423],[29.2098,47.658],[29.2196,47.6581],[29.2199,47.6824],[29.2311,47.6838],[29.2227,47.6976],[29.2044,47.7191],[29.2097,47.7286],[29.2257,47.7424],[29.2486,47.7513],[29.2764,47.8021],[29.2471,47.8109],[29.2327,47.7974],[29.2193,47.7984],[29.1985,47.8185],[29.2059,47.8346],[29.2174,47.8429],[29.2431,47.8673],[29.2671,47.8752],[29.2802,47.8895],[29.2744,47.8903],[29.2158,47.886],[29.2235,47.8911],[29.216,47.896],[29.2132,47.8858],[29.2006,47.8844],[29.1918,47.9246],[29.1853,47.9645],[29.1805,47.9642],[29.1753,47.9938],[29.1249,47.9937],[29.131,47.9824],[29.109,47.9841],[29.0929,47.9831],[29.0841,47.9773],[29.061,47.9698],[29.0311,47.9433],[29.0125,47.9563],[28.9945,47.9613],[28.9616,47.9792],[28.9258,47.9601],[28.8825,47.9954],[28.8777,48.0008],[28.8873,48.0061],[28.8642,48.0211],[28.8575,48.0198],[28.8559,48.027],[28.8394,48.0349],[28.852,48.0609],[28.8438,48.0657],[28.8497,48.0705],[28.8399,48.0785],[28.8508,48.0787],[28.8692,48.069]]],[[[29.8075,45.6143],[29.731,45.5914],[29.7813,45.6107],[29.8014,45.6219],[29.8148,45.6411],[29.8567,45.6491],[29.8727,45.6583],[29.9016,45.6805],[29.9187,45.6907],[30.0757,45.7924],[30.126,45.8115],[29.9081,45.6664],[29.8075,45.6143]]]]}},{"type":"Feature","properties":{"id":"poltava","nameUk":"Полтавська область","nameEn":"Poltava Oblast"},"geometry":{"type":"Polygon","coordinates":[[[32.2184,50.3576],[32.2266,50.351],[32.2539,50.3469],[32.2691,50.3517],[32.2549,50.3521],[32.2636,50.3601],[32.252,50.3735],[32.2785,50.3735],[32.278,50.3802],[32.2906,50.3797],[32.2952,50.3977],[32.326,50.403],[32.3158,50.417],[32.3213,50.4239],[32.339,50.4276],[32.3651,50.4257],[32.3677,50.4162],[32.3977,50.4065],[32.4016,50.4123],[32.4469,50.3981],[32.477,50.3971],[32.4839,50.4004],[32.4938,50.395],[32.4924,50.3769],[32.4854,50.3707],[32.4928,50.3646],[32.5106,50.36],[32.5278,50.3456],[32.5558,50.3549],[32.5621,50.3591],[32.5788,50.3589],[32.5853,50.3552],[32.6344,50.3572],[32.6331,50.366],[32.6721,50.3704],[32.6709,50.3584],[32.7304,50.3561],[32.75,50.3596],[32.7589,50.3505],[32.7697,50.3533],[32.7933,50.3467],[32.8013,50.3563],[32.7873,50.3616],[32.7879,50.3679],[32.811,50.3757],[32.8377,50.3751],[32.9001,50.4068],[32.9105,50.4064],[32.9148,50.412],[32.913,50.4243],[32.9201,50.4291],[32.9374,50.4307],[32.9327,50.4367],[32.9496,50.4459],[32.9594,50.4423],[32.969,50.4488],[32.9698,50.4596],[32.9787,50.4628],[32.9712,50.4742],[32.9883,50.4738],[32.9908,50.4773],[33.0162,50.4715],[33.0128,50.4809],[33.0272,50.493],[33.0232,50.5023],[33.0424,50.502],[33.0596,50.5181],[33.0662,50.5199],[33.1016,50.5174],[33.1187,50.5052],[33.13,50.5122],[33.1463,50.5114],[33.1528,50.5214],[33.1787,50.5213],[33.1934,50.5079],[33.214,50.507],[33.2219,50.5037],[33.2342,50.5138],[33.244,50.5317],[33.2438,50.5375],[33.2679,50.5537],[33.2817,50.5513],[33.299,50.5348],[33.3166,50.5327],[33.3177,50.5199],[33.3746,50.5212],[33.3753,50.4972],[33.4125,50.4997],[33.4199,50.4912],[33.42,50.4827],[33.4337,50.4761],[33.4332,50.4855],[33.4636,50.4934],[33.4783,50.4894],[33.4782,50.4827],[33.4859,50.4815],[33.5014,50.4977],[33.5154,50.4829],[33.5247,50.4803],[33.538,50.485],[33.5378,50.49],[33.5628,50.4895],[33.5724,50.4949],[33.6123,50.4868],[33.6126,50.4835],[33.634,50.4797],[33.7162,50.468],[33.7349,50.4586],[33.7865,50.4608],[33.7876,50.4776],[33.806,50.4781],[33.8304,50.4823],[33.8258,50.4884],[33.8462,50.4921],[33.8516,50.5003],[33.8428,50.5049],[33.8149,50.5076],[33.8111,50.5146],[33.8416,50.5195],[33.8392,50.5225],[33.8769,50.5332],[33.892,50.5333],[33.8972,50.5233],[33.9073,50.516],[33.9174,50.5162],[33.9549,50.547],[34.0076,50.5214],[34.0196,50.5117],[34.03,50.5117],[34.0281,50.4998],[34.0352,50.5055],[34.062,50.5164],[34.0868,50.5113],[34.1058,50.504],[34.0918,50.4914],[34.0838,50.4884],[34.0978,50.4812],[34.1101,50.4823],[34.1183,50.4939],[34.1199,50.5104],[34.1377,50.5131],[34.1529,50.5202],[34.1709,50.5251],[34.2061,50.5247],[34.219,50.5344],[34.2286,50.5267],[34.2447,50.5236],[34.2483,50.5186],[34.2553,50.4894],[34.2497,50.4603],[34.252,50.4409],[34.2646,50.432],[34.2717,50.4323],[34.2878,50.4127],[34.3104,50.4024],[34.3426,50.3901],[34.3742,50.3716],[34.3903,50.3669],[34.3771,50.3582],[34.3917,50.3447],[34.4114,50.3371],[34.4001,50.3181],[34.4573,50.2854],[34.4644,50.2888],[34.5077,50.2849],[34.5189,50.281],[34.5118,50.2749],[34.5234,50.2553],[34.5145,50.2547],[34.5157,50.2479],[34.5305,50.2413],[34.5292,50.2494],[34.5509,50.246],[34.5593,50.2293],[34.5628,50.2365],[34.5707,50.2272],[34.5584,50.2067],[34.5537,50.2063],[34.5234,50.1774],[34.5344,50.1714],[34.5267,50.1543],[34.5376,50.1543],[34.5388,50.1413],[34.5466,50.1403],[34.5512,50.1322],[34.5755,50.1214],[34.58,50.1282],[34.5931,50.1274],[34.5986,50.1217],[34.6239,50.1175],[34.6307,50.1126],[34.6423,50.1147],[34.6644,50.1109],[34.6709,50.1267],[34.6799,50.1157],[34.6768,50.1111],[34.6986,50.1109],[34.6964,50.1326],[34.7021,50.1327],[34.7002,50.1497],[34.7192,50.151],[34.7235,50.1576],[34.7342,50.1609],[34.7499,50.158],[34.7504,50.1535],[34.7399,50.1448],[34.7662,50.1465],[34.7819,50.1534],[34.8015,50.1545],[34.7992,50.1596],[34.8213,50.1603],[34.8322,50.1561],[34.8478,50.1657],[34.8588,50.1626],[34.9014,50.1596],[34.9408,50.1526],[34.9328,50.1347],[34.9374,50.0957],[34.9559,50.0933],[34.9572,50.0824],[34.9638,50.0737],[34.9381,50.0618],[34.9344,50.0546],[34.9022,50.0321],[34.8809,50.0064],[34.8561,49.9866],[34.8698,49.9557],[34.8595,49.9496],[34.8775,49.9441],[34.8931,49.9321],[34.9125,49.9353],[34.9363,49.9065],[34.9451,49.8987],[34.9705,49.8853],[34.9804,49.8898],[35.0143,49.876],[35.0338,49.8873],[35.0638,49.8854],[35.0541,49.8806],[35.0509,49.8683],[35.0738,49.858],[35.0851,49.86],[35.1055,49.8576],[35.1191,49.8514],[35.1401,49.8597],[35.1641,49.8535],[35.168,49.8477],[35.1988,49.8402],[35.1963,49.8356],[35.2194,49.8297],[35.216,49.8137],[35.2222,49.807],[35.1996,49.8004],[35.2009,49.7947],[35.2115,49.7891],[35.206,49.7819],[35.2123,49.7716],[35.2063,49.7636],[35.2077,49.7467],[35.223,49.7366],[35.2594,49.7334],[35.2649,49.7147],[35.2423,49.713],[35.2555,49.7087],[35.2435,49.6937],[35.2654,49.6852],[35.2987,49.6867],[35.3312,49.681],[35.3447,49.665],[35.3833,49.6673],[35.3911,49.6698],[35.4204,49.6711],[35.4334,49.6734],[35.4343,49.666],[35.4239,49.6637],[35.4256,49.656],[35.4413,49.6438],[35.4523,49.6305],[35.4645,49.6032],[35.4857,49.572],[35.4753,49.5658],[35.41,49.5615],[35.4049,49.5554],[35.4268,49.5496],[35.425,49.5413],[35.4334,49.5401],[35.4287,49.5267],[35.4846,49.5165],[35.4911,49.5083],[35.4813,49.4841],[35.4628,49.4871],[35.4617,49.4837],[35.3317,49.5049],[35.3312,49.4949],[35.316,49.4563],[35.3639,49.447],[35.348,49.4048],[35.3753,49.3982],[35.3579,49.382],[35.3409,49.3907],[35.3193,49.3748],[35.3385,49.3647],[35.2792,49.3181],[35.2882,49.2964],[35.2766,49.2877],[35.2712,49.2773],[35.2583,49.2824],[35.2627,49.2891],[35.2413,49.297],[35.2168,49.2985],[35.2148,49.2956],[35.1705,49.2958],[35.1246,49.3027],[35.1081,49.3002],[35.0912,49.3006],[35.0823,49.3057],[35.0764,49.3181],[35.0368,49.3316],[35.0244,49.3255],[35.0239,49.3171],[35.0112,49.3004],[35.0064,49.302],[34.9804,49.2502],[35.0179,49.1508],[35.0064,49.1539],[35.0078,49.1595],[34.9949,49.1686],[34.9894,49.1672],[34.9772,49.181],[34.965,49.1824],[34.9485,49.1939],[34.9359,49.1808],[34.9307,49.1857],[34.9223,49.1756],[34.9196,49.1557],[34.8993,49.1491],[34.8873,49.1562],[34.8691,49.1606],[34.8689,49.1684],[34.8964,49.1693],[34.902,49.1779],[34.8809,49.1784],[34.8595,49.1838],[34.8569,49.1906],[34.8466,49.1913],[34.8193,49.1861],[34.8267,49.1815],[34.8132,49.1673],[34.8058,49.1683],[34.8031,49.1791],[34.7765,49.1765],[34.7736,49.1714],[34.7576,49.1654],[34.7649,49.1563],[34.7684,49.1422],[34.7388,49.144],[34.728,49.136],[34.7214,49.1367],[34.7062,49.1299],[34.6949,49.1354],[34.682,49.1316],[34.6827,49.1217],[34.6646,49.1192],[34.6458,49.1285],[34.6251,49.1249],[34.6002,49.109],[34.5909,49.112],[34.5927,49.0922],[34.5723,49.0952],[34.5639,49.0729],[34.5739,49.0633],[34.5582,49.0554],[34.5439,49.0542],[34.5155,49.072],[34.4996,49.0615],[34.4751,49.0736],[34.4656,49.0644],[34.4113,49.0911],[34.402,49.0936],[34.4159,49.0548],[34.3903,49.0504],[34.3955,49.0433],[34.3604,49.0333],[34.3639,49.0284],[34.3319,49.0086],[34.3257,48.9987],[34.3459,48.9926],[34.3435,48.9885],[34.3531,48.9838],[34.3126,48.9413],[34.3006,48.8954],[34.3117,48.8894],[34.3061,48.8848],[34.3375,48.8715],[34.3362,48.8561],[34.35,48.8563],[34.3504,48.8483],[34.3438,48.8422],[34.3253,48.8443],[34.3231,48.8288],[34.3385,48.827],[34.3385,48.8204],[34.2972,48.8207],[34.2982,48.7848],[34.314,48.7849],[34.3232,48.7924],[34.3423,48.7832],[34.3262,48.7749],[34.3198,48.7676],[34.3088,48.765],[34.3165,48.7562],[34.3085,48.7442],[34.3144,48.7392],[34.3041,48.7357],[34.3057,48.727],[34.2932,48.7267],[34.2963,48.7388],[34.2774,48.7451],[34.26,48.743],[34.2469,48.7456],[34.2333,48.7562],[34.2193,48.7596],[34.2022,48.76],[34.1912,48.7695],[34.1767,48.7775],[34.1499,48.7751],[34.1268,48.7844],[34.1216,48.7932],[34.1269,48.8123],[34.122,48.8212],[34.1061,48.8258],[34.0814,48.8229],[34.0724,48.8249],[34.057,48.8355],[34.0347,48.8439],[34.031,48.8579],[34.022,48.8645],[34.0105,48.867],[33.9819,48.8657],[33.9482,48.8781],[33.926,48.8803],[33.902,48.8949],[33.8943,48.9019],[33.8607,48.9144],[33.8396,48.929],[33.8192,48.937],[33.7899,48.9391],[33.762,48.9461],[33.7401,48.9417],[33.7185,48.9402],[33.696,48.9469],[33.6807,48.9571],[33.6651,48.9785],[33.6475,48.9772],[33.6363,48.973],[33.634,48.9617],[33.6172,48.9581],[33.6006,48.9418],[33.6091,48.9385],[33.5893,48.9168],[33.5805,48.9205],[33.5677,48.9188],[33.5752,48.911],[33.5478,48.9126],[33.5404,48.9199],[33.5373,48.9314],[33.497,48.9264],[33.4845,48.9159],[33.4742,48.9156],[33.4779,48.9341],[33.473,48.9374],[33.4761,48.952],[33.4316,48.9568],[33.4213,48.9488],[33.4236,48.9561],[33.4072,48.9603],[33.3993,48.952],[33.4012,48.9278],[33.3922,48.9305],[33.3537,48.9481],[33.3454,48.9532],[33.3338,48.9484],[33.3302,48.9521],[33.3196,48.949],[33.3136,48.9583],[33.325,48.9614],[33.3118,48.9844],[33.2981,49.0041],[33.2976,49.0105],[33.3072,49.0128],[33.3279,49.0248],[33.3277,49.0343],[33.3168,49.0542],[33.3199,49.0598],[33.3105,49.0627],[33.2872,49.0839],[33.262,49.0919],[33.2756,49.0978],[33.2884,49.0972],[33.3043,49.1183],[33.2849,49.1243],[33.2726,49.1349],[33.2682,49.1341],[33.2618,49.1529],[33.2404,49.1667],[33.248,49.1462],[33.2482,49.0919],[33.2411,49.0789],[33.2267,49.0849],[33.2233,49.0774],[33.1999,49.0736],[33.1904,49.0826],[33.1975,49.0871],[33.1841,49.0975],[33.1663,49.0948],[33.1552,49.1007],[33.1564,49.1148],[33.1508,49.122],[33.156,49.1329],[33.1325,49.1572],[33.1192,49.1673],[33.1209,49.1748],[33.102,49.1852],[33.0915,49.1839],[33.0685,49.1879],[33.0511,49.1851],[33.0354,49.1855],[33.0256,49.1904],[33.0118,49.2029],[32.9967,49.2022],[32.9838,49.2099],[32.9881,49.2256],[32.9834,49.2401],[32.9693,49.2409],[32.9363,49.2298],[32.8821,49.2342],[32.8743,49.2401],[32.8591,49.2447],[32.8474,49.2493],[32.8318,49.2466],[32.8118,49.2481],[32.7988,49.2394],[32.7752,49.2373],[32.7659,49.2332],[32.7575,49.236],[32.7577,49.2419],[32.7457,49.2452],[32.7328,49.2536],[32.7123,49.2576],[32.6776,49.2553],[32.6583,49.2475],[32.6508,49.2489],[32.6379,49.2587],[32.6262,49.2604],[32.6122,49.2538],[32.6065,49.2551],[32.5979,49.2748],[32.5668,49.2828],[32.542,49.2967],[32.5257,49.3038],[32.5052,49.3075],[32.4671,49.3276],[32.479,49.3418],[32.4635,49.3412],[32.4608,49.3473],[32.4765,49.356],[32.4776,49.3647],[32.4879,49.3745],[32.4979,49.3967],[32.5099,49.4076],[32.5191,49.4034],[32.5235,49.3947],[32.5359,49.3832],[32.5535,49.3791],[32.5659,49.3808],[32.6022,49.3746],[32.6492,49.3559],[32.6753,49.3518],[32.714,49.3536],[32.7387,49.3522],[32.7361,49.3624],[32.7385,49.3732],[32.7306,49.3748],[32.713,49.3853],[32.696,49.3834],[32.6789,49.4006],[32.6827,49.4099],[32.6809,49.4261],[32.6675,49.4271],[32.6524,49.4353],[32.6739,49.4496],[32.6681,49.4611],[32.6716,49.4867],[32.6801,49.4999],[32.7102,49.4992],[32.7348,49.5162],[32.75,49.5236],[32.7502,49.5482],[32.7531,49.5664],[32.7348,49.587],[32.7217,49.5948],[32.7108,49.5935],[32.6962,49.6036],[32.7051,49.6054],[32.7156,49.6192],[32.7137,49.6307],[32.7033,49.6352],[32.7012,49.6472],[32.7081,49.653],[32.6827,49.6628],[32.6712,49.6765],[32.6591,49.677],[32.6546,49.6828],[32.5735,49.7025],[32.5681,49.7447],[32.5723,49.7524],[32.556,49.7731],[32.514,49.7743],[32.5041,49.8047],[32.4491,49.7965],[32.4372,49.8214],[32.4135,49.8411],[32.4094,49.849],[32.374,49.8739],[32.3928,49.8847],[32.4023,49.8757],[32.4341,49.8882],[32.4143,49.903],[32.4199,49.9279],[32.4297,49.9267],[32.4309,49.9318],[32.4194,49.9354],[32.4275,49.9611],[32.3801,49.9815],[32.3772,50.0001],[32.3699,50.0013],[32.3643,50.0343],[32.3456,50.0356],[32.353,50.0471],[32.3327,50.0578],[32.3257,50.0513],[32.3214,50.0397],[32.3136,50.0388],[32.2766,50.0652],[32.2616,50.0825],[32.276,50.097],[32.2584,50.1051],[32.2525,50.1146],[32.2869,50.1196],[32.305,50.1191],[32.2984,50.1423],[32.1765,50.1646],[32.1634,50.1787],[32.1617,50.1875],[32.154,50.1886],[32.1117,50.2125],[32.1255,50.2247],[32.1162,50.2286],[32.0966,50.2383],[32.1002,50.242],[32.0904,50.2467],[32.1003,50.2733],[32.0988,50.2784],[32.0868,50.2836],[32.0989,50.2873],[32.1399,50.3047],[32.129,50.316],[32.1429,50.3217],[32.1518,50.3374],[32.1427,50.3488],[32.2184,50.3576]]]}},{"type":"Feature","properties":{"id":"rivne","nameUk":"Рівненська область","nameEn":"Rivne Oblast"},"geometry":{"type":"Polygon","coordinates":[[[27.1486,50.5629],[27.1308,50.5605],[27.1255,50.5725],[27.1307,50.5885],[27.1127,50.5935],[27.1036,50.5838],[27.0909,50.5873],[27.0878,50.58],[27.0795,50.5836],[27.0648,50.5621],[27.075,50.5555],[27.0711,50.551],[27.0568,50.5516],[27.0178,50.5593],[27.0074,50.5399],[26.989,50.5341],[26.9831,50.5229],[26.9668,50.5292],[26.9407,50.5305],[26.9098,50.5398],[26.899,50.5463],[26.8786,50.5345],[26.8713,50.5214],[26.8536,50.5097],[26.8277,50.5232],[26.8193,50.5134],[26.8178,50.5031],[26.7897,50.504],[26.779,50.5013],[26.7814,50.4952],[26.7662,50.4911],[26.7683,50.4775],[26.7601,50.4764],[26.7612,50.4702],[26.7894,50.4755],[26.7866,50.4673],[26.7672,50.4672],[26.742,50.4613],[26.7472,50.4721],[26.7458,50.4798],[26.735,50.4773],[26.7333,50.4627],[26.7273,50.4573],[26.738,50.452],[26.7368,50.4447],[26.718,50.4457],[26.7126,50.4171],[26.6923,50.4202],[26.6824,50.3893],[26.6599,50.3921],[26.6479,50.365],[26.6206,50.371],[26.6019,50.368],[26.5882,50.3464],[26.5872,50.3394],[26.5525,50.3298],[26.5632,50.3213],[26.5613,50.3169],[26.5438,50.3174],[26.5468,50.3083],[26.5328,50.3061],[26.5264,50.3103],[26.5196,50.305],[26.5152,50.2897],[26.4937,50.2803],[26.4991,50.2714],[26.4952,50.2666],[26.5044,50.262],[26.479,50.2652],[26.4712,50.2604],[26.4203,50.2603],[26.3972,50.265],[26.3838,50.2598],[26.3773,50.2511],[26.3625,50.2512],[26.3497,50.2386],[26.3241,50.2296],[26.3151,50.2155],[26.3065,50.2125],[26.3018,50.2049],[26.3056,50.1992],[26.2871,50.184],[26.2737,50.1787],[26.2597,50.1803],[26.2459,50.1743],[26.2294,50.172],[26.2205,50.1797],[26.2103,50.1854],[26.1987,50.1867],[26.1931,50.1938],[26.1791,50.1973],[26.192,50.2181],[26.1852,50.2172],[26.1855,50.2291],[26.2119,50.2302],[26.2099,50.2485],[26.2177,50.2482],[26.221,50.2669],[26.2163,50.2636],[26.1914,50.2628],[26.1704,50.2445],[26.1658,50.2309],[26.1578,50.232],[26.0782,50.2503],[26.065,50.2575],[26.0201,50.2296],[26.0087,50.2289],[26.0073,50.2357],[25.9961,50.2422],[25.9798,50.2422],[25.9704,50.2457],[25.9631,50.2563],[25.9357,50.2566],[25.9216,50.2538],[25.9232,50.2484],[25.899,50.2345],[25.8698,50.2098],[25.8712,50.2047],[25.8576,50.1914],[25.8447,50.1893],[25.8217,50.1806],[25.7956,50.185],[25.7843,50.1814],[25.7558,50.1793],[25.7288,50.1868],[25.7242,50.173],[25.7032,50.1711],[25.6942,50.1774],[25.6846,50.1771],[25.6254,50.1521],[25.61,50.1627],[25.5756,50.1763],[25.5543,50.1504],[25.4993,50.1565],[25.5009,50.1645],[25.4761,50.1662],[25.4493,50.1506],[25.4485,50.1244],[25.4561,50.1168],[25.484,50.114],[25.4891,50.1018],[25.4648,50.0983],[25.4541,50.0943],[25.4573,50.082],[25.451,50.0748],[25.4389,50.0722],[25.4316,50.053],[25.4082,50.0492],[25.3846,50.0489],[25.3635,50.0459],[25.359,50.0168],[25.3493,50.0178],[25.3467,50.0041],[25.3192,50.016],[25.3,50.0351],[25.2061,50.1203],[25.1973,50.131],[25.2082,50.1617],[25.2013,50.1642],[25.2109,50.1712],[25.2151,50.1796],[25.207,50.1856],[25.1699,50.2023],[25.1654,50.2092],[25.1695,50.223],[25.1834,50.2242],[25.1814,50.2322],[25.1901,50.2486],[25.2066,50.2472],[25.2035,50.2536],[25.205,50.2793],[25.175,50.2893],[25.1539,50.2893],[25.128,50.2821],[25.1128,50.2873],[25.1115,50.2943],[25.1016,50.2951],[25.1104,50.3053],[25.1091,50.3122],[25.132,50.3106],[25.1297,50.3185],[25.1662,50.331],[25.1458,50.3443],[25.1517,50.3521],[25.1408,50.3688],[25.1606,50.3737],[25.1688,50.3797],[25.1722,50.3714],[25.1823,50.3616],[25.1989,50.3631],[25.2094,50.3759],[25.203,50.3902],[25.1684,50.3976],[25.1725,50.4012],[25.1566,50.4258],[25.1578,50.4291],[25.1396,50.4276],[25.1363,50.4333],[25.1422,50.4416],[25.1533,50.4431],[25.1495,50.4522],[25.138,50.4529],[25.1384,50.461],[25.1251,50.461],[25.0981,50.4683],[25.0838,50.4754],[25.1035,50.4706],[25.1121,50.4719],[25.1496,50.4668],[25.1586,50.4845],[25.1605,50.5023],[25.144,50.5212],[25.1215,50.5302],[25.122,50.5537],[25.137,50.5479],[25.1534,50.5474],[25.1917,50.5513],[25.1915,50.5428],[25.2303,50.5411],[25.2463,50.5374],[25.2435,50.5338],[25.2703,50.5328],[25.2962,50.5395],[25.3022,50.5463],[25.311,50.5463],[25.3214,50.5687],[25.3189,50.5836],[25.3067,50.581],[25.3095,50.5903],[25.305,50.598],[25.2973,50.5981],[25.2931,50.6106],[25.292,50.6306],[25.3123,50.6292],[25.3273,50.613],[25.3508,50.6144],[25.3498,50.6103],[25.3985,50.6073],[25.406,50.6114],[25.3995,50.6173],[25.3878,50.6192],[25.3836,50.6314],[25.3617,50.6394],[25.3528,50.6404],[25.3523,50.6483],[25.3715,50.654],[25.3798,50.6513],[25.3875,50.6582],[25.3881,50.6745],[25.3793,50.6858],[25.386,50.6904],[25.3998,50.6717],[25.4159,50.6669],[25.4599,50.6622],[25.4601,50.6752],[25.4697,50.6801],[25.4754,50.6724],[25.5036,50.6797],[25.5128,50.6844],[25.53,50.6851],[25.5789,50.7001],[25.5925,50.7002],[25.6017,50.6963],[25.5974,50.7167],[25.6067,50.7176],[25.6274,50.7141],[25.6943,50.7248],[25.6985,50.705],[25.7092,50.691],[25.7221,50.6835],[25.7076,50.6792],[25.7088,50.6714],[25.7426,50.6698],[25.7592,50.6771],[25.7729,50.6763],[25.7932,50.666],[25.8189,50.633],[25.8183,50.6282],[25.8296,50.6201],[25.8445,50.6311],[25.826,50.6417],[25.8237,50.647],[25.8507,50.6688],[25.8538,50.6766],[25.8693,50.6872],[25.8704,50.6964],[25.8786,50.7086],[25.8718,50.7383],[25.8768,50.7525],[25.887,50.7645],[25.8905,50.7992],[25.9003,50.8135],[25.9011,50.8299],[25.9228,50.8324],[25.9303,50.8297],[25.953,50.8297],[25.9596,50.8242],[25.9694,50.8265],[25.9779,50.821],[25.9937,50.8246],[26.0133,50.824],[26.0221,50.821],[26.0296,50.8404],[26.0386,50.841],[26.0367,50.8512],[26.0124,50.8664],[25.9996,50.8621],[25.9917,50.8658],[26.0007,50.9353],[25.9669,50.957],[26.0008,50.9646],[26.0217,50.964],[26.0432,50.9711],[26.063,50.9708],[26.0848,50.9734],[26.0789,50.99],[26.0882,51.0043],[26.1073,51.0053],[26.0912,51.0508],[26.0172,51.0829],[25.9992,51.0784],[25.9772,51.0779],[25.941,51.0845],[25.9501,51.1031],[25.9383,51.1126],[25.9419,51.1191],[25.9597,51.1258],[25.9892,51.1226],[26.0059,51.1249],[26.0117,51.1308],[26.0465,51.1421],[26.0588,51.1426],[26.0674,51.148],[26.0703,51.158],[26.0582,51.1724],[26.0678,51.177],[26.051,51.1902],[25.9959,51.2278],[25.9486,51.2322],[25.9446,51.2372],[25.9471,51.2514],[25.9349,51.2561],[25.9309,51.2661],[25.9336,51.2766],[25.9156,51.2891],[25.8931,51.2913],[25.8884,51.303],[25.876,51.3061],[25.8773,51.3136],[25.8673,51.3182],[25.8474,51.3201],[25.8298,51.3339],[25.8293,51.3435],[25.8237,51.3497],[25.8328,51.3535],[25.8358,51.3624],[25.8245,51.366],[25.8306,51.3717],[25.8446,51.3756],[25.8311,51.3871],[25.8073,51.3747],[25.7891,51.3787],[25.7812,51.3743],[25.7554,51.3812],[25.7597,51.4004],[25.725,51.4001],[25.7173,51.389],[25.7249,51.3806],[25.7113,51.3821],[25.6958,51.3767],[25.6915,51.3835],[25.7023,51.3833],[25.6995,51.3947],[25.69,51.3931],[25.6875,51.4055],[25.6718,51.4168],[25.6584,51.4145],[25.6466,51.4169],[25.6363,51.4392],[25.6425,51.4449],[25.6415,51.4789],[25.6181,51.4773],[25.624,51.4954],[25.602,51.4933],[25.6102,51.5071],[25.5556,51.5009],[25.5503,51.5196],[25.5953,51.5247],[25.5828,51.5326],[25.5715,51.5497],[25.5821,51.5594],[25.596,51.5624],[25.5912,51.5701],[25.5988,51.5809],[25.5858,51.5922],[25.5791,51.609],[25.5641,51.603],[25.5554,51.6244],[25.5321,51.614],[25.53,51.6311],[25.5677,51.6328],[25.5669,51.6265],[25.5776,51.6247],[25.5889,51.6445],[25.6087,51.6411],[25.627,51.6655],[25.6258,51.6719],[25.6348,51.6741],[25.6412,51.6818],[25.6363,51.6885],[25.6494,51.694],[25.6483,51.7082],[25.6658,51.72],[25.6618,51.7304],[25.6757,51.7418],[25.683,51.7559],[25.6696,51.7732],[25.6608,51.7652],[25.6498,51.7668],[25.6551,51.7815],[25.6595,51.7837],[25.6473,51.7911],[25.644,51.7979],[25.6316,51.8042],[25.6343,51.8129],[25.6469,51.8162],[25.6485,51.8279],[25.6378,51.8378],[25.64,51.8499],[25.6551,51.8596],[25.6675,51.874],[25.6885,51.8813],[25.7087,51.8947],[25.6771,51.902],[25.6282,51.9036],[25.6008,51.9151],[25.5961,51.9189],[25.7114,51.9177],[25.7688,51.9251],[25.7822,51.9223],[25.7838,51.9266],[25.9811,51.9035],[26.0506,51.9048],[26.0808,51.9007],[26.1454,51.8648],[26.1753,51.8567],[26.3993,51.8508],[26.4014,51.8352],[26.4187,51.836],[26.4192,51.8209],[26.4315,51.8102],[26.4456,51.8056],[26.4761,51.805],[26.4758,51.7995],[26.5064,51.7998],[26.5449,51.7976],[26.556,51.8035],[26.6657,51.8014],[26.7951,51.7658],[26.7961,51.7588],[26.8096,51.7565],[26.8168,51.7598],[26.8548,51.7493],[26.9208,51.7425],[26.9298,51.7445],[26.9505,51.7362],[26.9566,51.7385],[26.9762,51.7546],[27.0216,51.7645],[27.11,51.7624],[27.1511,51.7568],[27.1779,51.7471],[27.1842,51.7314],[27.1815,51.7101],[27.1811,51.6834],[27.189,51.6638],[27.2036,51.6551],[27.2236,51.6537],[27.2479,51.6557],[27.2731,51.6518],[27.2734,51.6466],[27.2447,51.6212],[27.2487,51.6094],[27.2404,51.6018],[27.2563,51.6021],[27.254,51.5954],[27.2675,51.5875],[27.2893,51.589],[27.3291,51.597],[27.3884,51.5907],[27.409,51.5917],[27.431,51.5984],[27.4588,51.6175],[27.4628,51.6115],[27.475,51.6088],[27.4886,51.6159],[27.4943,51.6106],[27.4824,51.599],[27.4869,51.5937],[27.5106,51.5879],[27.5209,51.594],[27.5311,51.608],[27.5184,51.6068],[27.5149,51.6225],[27.6206,51.5959],[27.6768,51.5948],[27.6927,51.5892],[27.7052,51.5684],[27.6996,51.5506],[27.6837,51.5411],[27.6823,51.5204],[27.6688,51.5178],[27.669,51.5003],[27.6671,51.4974],[27.6485,51.5019],[27.6467,51.498],[27.6231,51.4824],[27.5787,51.4782],[27.5821,51.4297],[27.5986,51.4302],[27.6031,51.4147],[27.6132,51.4108],[27.6142,51.4027],[27.5846,51.4012],[27.5834,51.4073],[27.5673,51.4158],[27.5343,51.4276],[27.5259,51.4436],[27.5338,51.4526],[27.5042,51.4515],[27.5057,51.4365],[27.4996,51.4176],[27.4922,51.4078],[27.4948,51.3765],[27.5254,51.3663],[27.5274,51.3537],[27.5222,51.3419],[27.5107,51.3351],[27.4904,51.3153],[27.4415,51.3104],[27.4492,51.2819],[27.4619,51.2645],[27.4476,51.2588],[27.4549,51.2486],[27.4635,51.2485],[27.4732,51.2375],[27.4648,51.2361],[27.4589,51.224],[27.4436,51.2229],[27.4167,51.2021],[27.3999,51.2009],[27.4063,51.1884],[27.3951,51.1723],[27.3985,51.1701],[27.3746,51.1548],[27.3811,51.1478],[27.3644,51.143],[27.3693,51.112],[27.3648,51.1091],[27.3671,51.0982],[27.3535,51.0954],[27.356,51.0871],[27.3357,51.0893],[27.3329,51.0828],[27.3244,51.0817],[27.3246,51.0696],[27.3181,51.0528],[27.3262,51.0425],[27.2797,51.0406],[27.2747,51.0327],[27.2203,51.0304],[27.229,51.0218],[27.2262,51.0081],[27.2161,51.0088],[27.2006,51.001],[27.2038,50.9886],[27.2123,50.9822],[27.2258,50.9616],[27.2226,50.9514],[27.2381,50.9452],[27.2373,50.9349],[27.2206,50.9307],[27.2139,50.9259],[27.224,50.9113],[27.2339,50.9126],[27.2336,50.9065],[27.2568,50.896],[27.2469,50.8838],[27.2532,50.8822],[27.2437,50.8698],[27.2495,50.8579],[27.2369,50.8473],[27.232,50.8392],[27.2417,50.8256],[27.2337,50.7955],[27.2436,50.7928],[27.2393,50.7757],[27.242,50.7705],[27.27,50.7631],[27.2714,50.7569],[27.2641,50.7451],[27.2739,50.7342],[27.2758,50.7209],[27.2729,50.7118],[27.2592,50.7016],[27.2515,50.6921],[27.2437,50.6733],[27.222,50.6731],[27.2056,50.6672],[27.2044,50.6594],[27.2138,50.6572],[27.2085,50.6437],[27.2135,50.639],[27.2013,50.6325],[27.2058,50.6285],[27.1914,50.627],[27.1906,50.6206],[27.2049,50.6119],[27.2251,50.606],[27.2158,50.588],[27.2318,50.5667],[27.21,50.5662],[27.1959,50.5622],[27.1486,50.5629]]]}},{"type":"Feature","properties":{"id":"sumy","nameUk":"Сумська область","nameEn":"Sumy Oblast"},"geometry":{"type":"Polygon","coordinates":[[[34.9014,50.1596],[34.8588,50.1626],[34.8478,50.1657],[34.8322,50.1561],[34.8213,50.1603],[34.7992,50.1596],[34.8015,50.1545],[34.7819,50.1534],[34.7662,50.1465],[34.7399,50.1448],[34.7504,50.1535],[34.7499,50.158],[34.7342,50.1609],[34.7235,50.1576],[34.7192,50.151],[34.7002,50.1497],[34.7021,50.1327],[34.6964,50.1326],[34.6986,50.1109],[34.6768,50.1111],[34.6799,50.1157],[34.6709,50.1267],[34.6644,50.1109],[34.6423,50.1147],[34.6307,50.1126],[34.6239,50.1175],[34.5986,50.1217],[34.5931,50.1274],[34.58,50.1282],[34.5755,50.1214],[34.5512,50.1322],[34.5466,50.1403],[34.5388,50.1413],[34.5376,50.1543],[34.5267,50.1543],[34.5344,50.1714],[34.5234,50.1774],[34.5537,50.2063],[34.5584,50.2067],[34.5707,50.2272],[34.5628,50.2365],[34.5593,50.2293],[34.5509,50.246],[34.5292,50.2494],[34.5305,50.2413],[34.5157,50.2479],[34.5145,50.2547],[34.5234,50.2553],[34.5118,50.2749],[34.5189,50.281],[34.5077,50.2849],[34.4644,50.2888],[34.4573,50.2854],[34.4001,50.3181],[34.4114,50.3371],[34.3917,50.3447],[34.3771,50.3582],[34.3903,50.3669],[34.3742,50.3716],[34.3426,50.3901],[34.3104,50.4024],[34.2878,50.4127],[34.2717,50.4323],[34.2646,50.432],[34.252,50.4409],[34.2497,50.4603],[34.2553,50.4894],[34.2483,50.5186],[34.2447,50.5236],[34.2286,50.5267],[34.219,50.5344],[34.2061,50.5247],[34.1709,50.5251],[34.1529,50.5202],[34.1377,50.5131],[34.1199,50.5104],[34.1183,50.4939],[34.1101,50.4823],[34.0978,50.4812],[34.0838,50.4884],[34.0918,50.4914],[34.1058,50.504],[34.0868,50.5113],[34.062,50.5164],[34.0352,50.5055],[34.0281,50.4998],[34.03,50.5117],[34.0196,50.5117],[34.0076,50.5214],[33.9549,50.547],[33.9174,50.5162],[33.9073,50.516],[33.8972,50.5233],[33.892,50.5333],[33.8769,50.5332],[33.8392,50.5225],[33.8416,50.5195],[33.8111,50.5146],[33.8149,50.5076],[33.8428,50.5049],[33.8516,50.5003],[33.8462,50.4921],[33.8258,50.4884],[33.8304,50.4823],[33.806,50.4781],[33.7876,50.4776],[33.7865,50.4608],[33.7349,50.4586],[33.7162,50.468],[33.634,50.4797],[33.6126,50.4835],[33.6123,50.4868],[33.5724,50.4949],[33.5628,50.4895],[33.5378,50.49],[33.538,50.485],[33.5247,50.4803],[33.5154,50.4829],[33.5014,50.4977],[33.4859,50.4815],[33.4782,50.4827],[33.4783,50.4894],[33.4636,50.4934],[33.4332,50.4855],[33.4337,50.4761],[33.42,50.4827],[33.4199,50.4912],[33.4125,50.4997],[33.3753,50.4972],[33.3746,50.5212],[33.3177,50.5199],[33.3166,50.5327],[33.299,50.5348],[33.2817,50.5513],[33.2679,50.5537],[33.2438,50.5375],[33.244,50.5317],[33.2342,50.5138],[33.2219,50.5037],[33.214,50.507],[33.1934,50.5079],[33.1787,50.5213],[33.1528,50.5214],[33.1463,50.5114],[33.13,50.5122],[33.1187,50.5052],[33.1016,50.5174],[33.0662,50.5199],[33.0498,50.5404],[33.0764,50.5582],[33.0823,50.5698],[33.0979,50.5808],[33.0935,50.5852],[33.1027,50.5929],[33.1182,50.5922],[33.1203,50.5997],[33.1032,50.6023],[33.1106,50.6111],[33.1215,50.6399],[33.1185,50.6483],[33.1393,50.6486],[33.1468,50.6546],[33.1511,50.6941],[33.1363,50.7106],[33.1545,50.7093],[33.1568,50.7143],[33.2011,50.7232],[33.213,50.7215],[33.2129,50.7282],[33.2387,50.7315],[33.2317,50.7381],[33.212,50.7361],[33.2081,50.7469],[33.1897,50.7458],[33.1896,50.7505],[33.1723,50.769],[33.1549,50.7925],[33.1652,50.7908],[33.1662,50.8162],[33.155,50.8229],[33.1737,50.8435],[33.1856,50.8492],[33.1692,50.8511],[33.1743,50.8658],[33.1801,50.8666],[33.1696,50.8761],[33.1698,50.8849],[33.1805,50.8952],[33.1968,50.8908],[33.208,50.8935],[33.2031,50.8979],[33.2097,50.9036],[33.1981,50.9178],[33.2007,50.9332],[33.2003,50.9624],[33.1825,50.9592],[33.137,50.9631],[33.1382,50.9698],[33.1199,50.9982],[33.1258,51.0012],[33.1171,51.007],[33.077,50.992],[33.0784,50.9816],[33.0376,50.9938],[33.0506,51.012],[33.0589,51.0164],[33.073,51.0318],[33.0829,51.0373],[33.0597,51.0489],[33.0706,51.0623],[33.0685,51.0689],[33.0378,51.0714],[33.0402,51.0812],[32.9723,51.0877],[32.963,51.0899],[32.9564,51.0855],[32.9437,51.0908],[32.9788,51.1267],[32.9934,51.1438],[32.9605,51.1628],[32.9867,51.1842],[32.9778,51.1882],[32.9901,51.1973],[33.0314,51.1993],[33.0306,51.2041],[33.0419,51.2052],[33.04,51.2188],[33.0297,51.227],[33.0723,51.2563],[33.061,51.2579],[33.0585,51.2659],[33.0728,51.2752],[33.0762,51.2904],[33.0599,51.2873],[33.064,51.2918],[33.043,51.2887],[33.0448,51.2964],[33.0598,51.2963],[33.0447,51.3017],[33.0547,51.3031],[33.0692,51.3113],[33.079,51.3222],[33.0698,51.3285],[33.0782,51.3402],[33.0621,51.3463],[33.045,51.3417],[33.0364,51.3499],[33.0355,51.3595],[33.0405,51.3684],[33.0346,51.3707],[33.017,51.396],[33.045,51.4039],[33.0458,51.4104],[33.0565,51.4043],[33.0522,51.3968],[33.0397,51.3961],[33.0436,51.3865],[33.0585,51.3841],[33.0601,51.3713],[33.1066,51.3656],[33.1119,51.3699],[33.1059,51.3769],[33.1104,51.3805],[33.0905,51.3876],[33.1086,51.3894],[33.1181,51.3828],[33.1334,51.3834],[33.1354,51.3996],[33.1196,51.4015],[33.1347,51.4167],[33.113,51.4284],[33.1245,51.4606],[33.1359,51.4669],[33.1308,51.4788],[33.1373,51.4955],[33.1601,51.495],[33.1741,51.5004],[33.1778,51.5073],[33.1918,51.5064],[33.1935,51.523],[33.1822,51.5398],[33.1669,51.5438],[33.1703,51.5535],[33.1572,51.5559],[33.1585,51.5694],[33.192,51.5728],[33.2073,51.5702],[33.2162,51.582],[33.192,51.5835],[33.1771,51.5975],[33.1544,51.6089],[33.1545,51.6417],[33.1384,51.6399],[33.1286,51.6419],[33.125,51.6503],[33.1471,51.6694],[33.142,51.6788],[33.1639,51.6786],[33.1652,51.6824],[33.1457,51.6849],[33.1439,51.6911],[33.1561,51.689],[33.1707,51.6985],[33.1571,51.7022],[33.1472,51.715],[33.1346,51.7222],[33.1403,51.7255],[33.1127,51.7396],[33.1034,51.7462],[33.0936,51.7598],[33.092,51.7746],[33.0857,51.7694],[33.0785,51.7758],[33.0917,51.7855],[33.1024,51.7821],[33.1008,51.789],[33.1088,51.7926],[33.1222,51.8105],[33.1343,51.816],[33.1468,51.8162],[33.1404,51.8333],[33.1304,51.8338],[33.1248,51.8547],[33.1315,51.8558],[33.1242,51.8647],[33.1348,51.8631],[33.1339,51.8714],[33.1425,51.8765],[33.172,51.882],[33.1815,51.8896],[33.1757,51.9055],[33.1829,51.9031],[33.1877,51.9125],[33.2012,51.9101],[33.2107,51.913],[33.2181,51.9051],[33.2226,51.9133],[33.2299,51.9088],[33.2545,51.9261],[33.2619,51.9198],[33.2729,51.9231],[33.2916,51.9239],[33.2965,51.9345],[33.3158,51.9368],[33.3312,51.9296],[33.3525,51.9301],[33.3601,51.9459],[33.3704,51.9456],[33.3714,51.9529],[33.3931,51.9539],[33.3963,51.9599],[33.3841,51.9718],[33.3717,51.9713],[33.3725,51.9779],[33.3502,51.9838],[33.3489,51.9988],[33.3368,52.0064],[33.3045,52.0128],[33.306,52.0175],[33.318,52.0175],[33.3132,52.0257],[33.3172,52.0319],[33.3456,52.0293],[33.355,52.0306],[33.3639,52.0388],[33.3909,52.0502],[33.4021,52.0514],[33.4106,52.0336],[33.4287,52.0257],[33.4386,52.0325],[33.4647,52.0386],[33.5,52.0383],[33.5004,52.0885],[33.4907,52.0829],[33.4526,52.0894],[33.4384,52.0879],[33.4449,52.0974],[33.4342,52.109],[33.4101,52.1158],[33.4168,52.1229],[33.3444,52.145],[33.3294,52.1397],[33.3429,52.135],[33.3227,52.1357],[33.328,52.1547],[33.3373,52.1547],[33.337,52.1622],[33.3163,52.1758],[33.3187,52.1806],[33.3111,52.1883],[33.3304,52.1978],[33.3248,52.2124],[33.3149,52.2153],[33.325,52.2215],[33.3289,52.2155],[33.3438,52.2211],[33.3526,52.2206],[33.3569,52.2284],[33.3664,52.2332],[33.3623,52.2381],[33.3581,52.2584],[33.3725,52.2579],[33.3869,52.2709],[33.3804,52.2711],[33.3864,52.2798],[33.3855,52.2891],[33.3933,52.2905],[33.387,52.2966],[33.3941,52.302],[33.3997,52.2992],[33.398,52.3094],[33.3881,52.3109],[33.3874,52.3162],[33.4009,52.3134],[33.4043,52.3218],[33.4147,52.3253],[33.4237,52.3385],[33.4373,52.3392],[33.4653,52.3527],[33.4805,52.3578],[33.4994,52.341],[33.4977,52.3309],[33.4899,52.3295],[33.4885,52.3218],[33.4808,52.3161],[33.4944,52.3114],[33.493,52.3031],[33.5101,52.2875],[33.5317,52.2888],[33.5541,52.3025],[33.5605,52.3019],[33.5722,52.3137],[33.5817,52.3109],[33.5781,52.3172],[33.6005,52.3309],[33.6246,52.3378],[33.6554,52.339],[33.6637,52.3445],[33.6794,52.3473],[33.678,52.353],[33.6879,52.3558],[33.7196,52.3594],[33.7244,52.3535],[33.7482,52.3569],[33.7509,52.3606],[33.779,52.3601],[33.8041,52.3546],[33.8152,52.3451],[33.8234,52.3315],[33.8391,52.3139],[33.8587,52.3022],[33.9007,52.2859],[33.9195,52.2698],[33.9444,52.2358],[33.9578,52.2247],[34.0219,52.1979],[34.0389,52.1865],[34.0557,52.1703],[34.071,52.149],[34.0739,52.1283],[34.0567,52.1058],[34.0601,52.0832],[34.0626,52.0502],[34.0682,52.031],[34.0803,52.0136],[34.1011,51.9925],[34.1044,51.9753],[34.0967,51.9606],[34.0962,51.9518],[34.1462,51.9516],[34.1664,51.9423],[34.2034,51.9123],[34.2226,51.9032],[34.231,51.8945],[34.2342,51.8783],[34.246,51.8755],[34.266,51.8812],[34.2767,51.8812],[34.2946,51.8739],[34.3278,51.8505],[34.3473,51.8417],[34.3857,51.8177],[34.4127,51.7777],[34.4142,51.7365],[34.3874,51.7168],[34.3685,51.7128],[34.3386,51.7138],[34.3062,51.7188],[34.2967,51.7076],[34.262,51.7013],[34.251,51.7024],[34.2339,51.6968],[34.2131,51.7029],[34.205,51.6938],[34.1962,51.697],[34.1613,51.6863],[34.1284,51.6893],[34.1257,51.6842],[34.0984,51.6762],[34.0968,51.6717],[34.0843,51.6693],[34.0874,51.6623],[34.0795,51.6431],[34.0907,51.6332],[34.126,51.627],[34.1401,51.6212],[34.1445,51.6138],[34.1489,51.5932],[34.1603,51.5761],[34.2024,51.5462],[34.2154,51.532],[34.2237,51.5148],[34.226,51.4929],[34.2238,51.4824],[34.2121,51.455],[34.2196,51.4273],[34.2171,51.4171],[34.2088,51.4115],[34.187,51.4083],[34.1819,51.4023],[34.1859,51.3942],[34.2157,51.3738],[34.2305,51.3677],[34.2644,51.3612],[34.2803,51.3613],[34.3002,51.3684],[34.3085,51.3356],[34.2996,51.3346],[34.2879,51.339],[34.2812,51.3347],[34.2888,51.3223],[34.2809,51.318],[34.2825,51.3109],[34.2728,51.3145],[34.2666,51.2987],[34.2587,51.3024],[34.2377,51.2923],[34.2433,51.2845],[34.2552,51.2819],[34.2363,51.2748],[34.2339,51.2697],[34.186,51.2489],[34.2579,51.2296],[34.2818,51.2264],[34.2995,51.2316],[34.3129,51.2386],[34.3309,51.2399],[34.3522,51.2536],[34.3718,51.2568],[34.409,51.2531],[34.5135,51.2296],[34.5742,51.2363],[34.6084,51.234],[34.6224,51.2248],[34.6332,51.1956],[34.6428,51.1806],[34.6575,51.1717],[34.6749,51.1677],[34.7481,51.1647],[34.8078,51.1733],[34.8173,51.1689],[34.8356,51.1744],[34.8356,51.1795],[34.8921,51.1945],[34.9232,51.2055],[34.9347,51.2073],[34.9461,51.2143],[34.9618,51.2153],[34.9994,51.2021],[35.0188,51.2046],[35.0389,51.2102],[35.0398,51.2044],[35.0594,51.2123],[35.0787,51.2076],[35.0913,51.1977],[35.0992,51.1832],[35.1238,51.0913],[35.1436,51.0585],[35.1726,51.0406],[35.2065,51.0389],[35.2743,51.0488],[35.3087,51.0473],[35.3284,51.0432],[35.3464,51.0366],[35.3551,51.0256],[35.3457,51.0077],[35.3299,51.0109],[35.3326,50.9999],[35.2781,50.9927],[35.2822,50.9815],[35.2822,50.9543],[35.2848,50.9443],[35.2936,50.9376],[35.3172,50.9342],[35.3291,50.9291],[35.3417,50.9159],[35.3414,50.8765],[35.3486,50.8638],[35.369,50.846],[35.3777,50.8337],[35.3797,50.8196],[35.3791,50.7972],[35.3931,50.7884],[35.4182,50.7789],[35.4385,50.7624],[35.4471,50.7343],[35.4438,50.7095],[35.4454,50.6875],[35.4689,50.6685],[35.4231,50.6554],[35.4005,50.6564],[35.3762,50.6346],[35.3777,50.6218],[35.4253,50.5005],[35.4464,50.476],[35.4801,50.4669],[35.5019,50.4643],[35.5227,50.4595],[35.5408,50.45],[35.5547,50.4333],[35.5623,50.4096],[35.5639,50.3918],[35.5702,50.3765],[35.5922,50.3605],[35.6316,50.345],[35.6521,50.3411],[35.6732,50.3402],[35.6921,50.3441],[35.6887,50.3347],[35.6729,50.3255],[35.6603,50.3268],[35.6558,50.3124],[35.6502,50.3098],[35.6365,50.3134],[35.6233,50.3212],[35.6303,50.3244],[35.6117,50.3261],[35.5939,50.3313],[35.5734,50.3198],[35.5589,50.3212],[35.5159,50.3172],[35.5353,50.302],[35.5244,50.2901],[35.5043,50.2998],[35.4964,50.2926],[35.4583,50.3096],[35.4596,50.3149],[35.439,50.3169],[35.4235,50.335],[35.4099,50.321],[35.3968,50.3188],[35.3791,50.3205],[35.3854,50.3059],[35.3822,50.2945],[35.33,50.3187],[35.2965,50.2895],[35.3249,50.2777],[35.3287,50.2734],[35.3159,50.2708],[35.3001,50.2625],[35.2661,50.2653],[35.2605,50.257],[35.2604,50.2344],[35.2376,50.2365],[35.2348,50.2281],[35.1991,50.2353],[35.1926,50.2282],[35.1481,50.2422],[35.1283,50.2268],[35.1055,50.2145],[35.0896,50.2124],[35.0702,50.206],[35.077,50.2005],[35.0642,50.1828],[35.0589,50.1855],[35.0411,50.1646],[35.0297,50.1657],[35.0326,50.1805],[35.0085,50.1853],[35.0061,50.1779],[34.9941,50.1839],[34.9763,50.1822],[34.9614,50.1858],[34.9743,50.1592],[34.9642,50.1555],[34.9408,50.1526],[34.9014,50.1596]]]}},{"type":"Feature","properties":{"id":"ternopil","nameUk":"Тернопільська область","nameEn":"Ternopil Oblast"},"geometry":{"type":"Polygon","coordinates":[[[26.2117,50.1741],[26.2208,50.1648],[26.2114,50.152],[26.2229,50.1428],[26.2435,50.1433],[26.2349,50.1312],[26.2737,50.1135],[26.2735,50.1029],[26.1987,50.0978],[26.2047,50.09],[26.2005,50.0792],[26.2069,50.0756],[26.2009,50.0673],[26.2216,50.0598],[26.2259,50.0458],[26.2175,50.0462],[26.2165,50.0363],[26.2013,50.0363],[26.1759,50.0251],[26.2106,50.0159],[26.2024,49.9921],[26.1725,49.994],[26.1669,49.9856],[26.1448,49.976],[26.1448,49.9609],[26.1578,49.9323],[26.1661,49.9222],[26.1391,49.9127],[26.1328,49.8984],[26.1629,49.8876],[26.1628,49.8817],[26.1754,49.8755],[26.1868,49.8741],[26.2011,49.8663],[26.1782,49.8473],[26.1855,49.8461],[26.1849,49.8366],[26.1977,49.8218],[26.2047,49.8211],[26.2104,49.8112],[26.2169,49.8107],[26.2194,49.7979],[26.2296,49.7872],[26.2255,49.7801],[26.2408,49.7756],[26.2365,49.7719],[26.2436,49.7453],[26.2141,49.7353],[26.2127,49.731],[26.1908,49.7142],[26.1944,49.7097],[26.223,49.7029],[26.2441,49.6915],[26.2491,49.682],[26.2687,49.6688],[26.2725,49.6569],[26.2599,49.6537],[26.2655,49.6421],[26.2534,49.6331],[26.2395,49.6379],[26.2315,49.6366],[26.2256,49.6235],[26.2175,49.6201],[26.2085,49.6097],[26.1992,49.607],[26.2145,49.59],[26.2074,49.5769],[26.2154,49.5677],[26.2191,49.5512],[26.2023,49.5468],[26.2021,49.5541],[26.1904,49.5566],[26.1757,49.5493],[26.1586,49.532],[26.1576,49.5206],[26.1427,49.5087],[26.1519,49.5044],[26.167,49.4912],[26.1801,49.4872],[26.1884,49.4806],[26.1896,49.4531],[26.2,49.4385],[26.1933,49.4301],[26.2111,49.4171],[26.2144,49.4217],[26.2293,49.4077],[26.2247,49.4032],[26.2357,49.3999],[26.2306,49.3947],[26.2297,49.3831],[26.2195,49.3786],[26.2445,49.3697],[26.2338,49.3556],[26.2436,49.3539],[26.2407,49.3458],[26.229,49.3503],[26.227,49.3257],[26.245,49.3165],[26.2521,49.3086],[26.2461,49.3007],[26.2595,49.2897],[26.249,49.2855],[26.2569,49.279],[26.2422,49.2781],[26.2437,49.2723],[26.258,49.2628],[26.2417,49.2537],[26.2433,49.2428],[26.2365,49.2453],[26.2078,49.246],[26.201,49.2378],[26.2074,49.2326],[26.1988,49.2274],[26.2004,49.2197],[26.1911,49.2206],[26.1962,49.2125],[26.1832,49.1951],[26.1962,49.1817],[26.1888,49.173],[26.2033,49.1693],[26.1997,49.1619],[26.1925,49.1618],[26.1916,49.1523],[26.1991,49.1461],[26.1946,49.1375],[26.2049,49.1345],[26.1956,49.1278],[26.2033,49.1136],[26.2038,49.0971],[26.1963,49.0904],[26.1951,49.0734],[26.2121,49.0742],[26.2145,49.0707],[26.1897,49.0623],[26.1835,49.0573],[26.191,49.0444],[26.2079,49.0358],[26.1978,49.0246],[26.2155,49.0105],[26.2145,49.0011],[26.1838,49.0016],[26.1761,48.9955],[26.1882,48.988],[26.2088,48.9876],[26.2119,48.9827],[26.1971,48.9742],[26.1845,48.9788],[26.1774,48.9737],[26.1811,48.9656],[26.207,48.9575],[26.2074,48.9488],[26.1942,48.934],[26.1991,48.9212],[26.1859,48.9181],[26.1856,48.9104],[26.1954,48.9037],[26.2118,48.9134],[26.2204,48.9127],[26.2245,48.9038],[26.2069,48.8991],[26.2052,48.8907],[26.2143,48.8817],[26.2059,48.8748],[26.2095,48.8633],[26.1998,48.8611],[26.2029,48.8551],[26.2181,48.8516],[26.2223,48.8434],[26.2204,48.8326],[26.2329,48.8266],[26.2373,48.8176],[26.2492,48.8226],[26.2571,48.8197],[26.2535,48.8087],[26.2267,48.8142],[26.2247,48.8083],[26.2363,48.7948],[26.2324,48.79],[26.218,48.7934],[26.2184,48.7997],[26.2076,48.7977],[26.2146,48.7803],[26.2337,48.7793],[26.2386,48.7698],[26.2299,48.7638],[26.2457,48.7561],[26.2362,48.7494],[26.2284,48.7547],[26.2244,48.7486],[26.2436,48.7366],[26.2357,48.7296],[26.2398,48.7194],[26.2289,48.7081],[26.2379,48.6977],[26.2343,48.6925],[26.2231,48.6931],[26.2216,48.6855],[26.2345,48.6815],[26.2454,48.6839],[26.2431,48.6715],[26.2589,48.6678],[26.2685,48.6719],[26.2795,48.6682],[26.2775,48.6596],[26.267,48.6503],[26.28,48.647],[26.3075,48.6576],[26.309,48.6499],[26.2879,48.6401],[26.2942,48.6356],[26.3163,48.6378],[26.3239,48.6312],[26.3139,48.6244],[26.2977,48.6282],[26.293,48.6229],[26.3066,48.6163],[26.327,48.6105],[26.3248,48.5993],[26.3409,48.5977],[26.3449,48.5851],[26.3582,48.5889],[26.3595,48.581],[26.341,48.5743],[26.3364,48.5695],[26.344,48.5625],[26.3616,48.561],[26.3665,48.5511],[26.3611,48.5415],[26.3723,48.5433],[26.3782,48.5496],[26.3752,48.5608],[26.3795,48.5647],[26.3954,48.5564],[26.4047,48.5448],[26.4197,48.5413],[26.4325,48.5476],[26.4433,48.5386],[26.4312,48.5351],[26.4102,48.5373],[26.3921,48.5349],[26.384,48.5304],[26.3679,48.5128],[26.3549,48.5075],[26.3227,48.5168],[26.3077,48.5089],[26.2942,48.5141],[26.281,48.5348],[26.2678,48.54],[26.2311,48.5315],[26.1996,48.5258],[26.1687,48.5283],[26.1534,48.5367],[26.1473,48.5451],[26.1425,48.5712],[26.1446,48.5982],[26.1244,48.6175],[26.1183,48.62],[26.1051,48.6174],[26.0978,48.6107],[26.0959,48.5995],[26.1037,48.5917],[26.1061,48.5805],[26.1216,48.5713],[26.1271,48.5544],[26.1229,48.548],[26.1053,48.539],[26.0895,48.5404],[26.0791,48.5575],[26.0583,48.5699],[26.0443,48.5853],[26.0651,48.6052],[26.0584,48.6221],[26.0621,48.637],[26.0563,48.6457],[26.0456,48.6491],[26.0343,48.6462],[26.0293,48.6383],[26.0299,48.6227],[26.022,48.6109],[26.0086,48.6108],[25.9854,48.6202],[25.9687,48.6184],[25.9338,48.591],[25.9144,48.5868],[25.899,48.5891],[25.8737,48.5999],[25.8581,48.5968],[25.8478,48.5985],[25.8564,48.6154],[25.8522,48.6226],[25.8406,48.6301],[25.8199,48.6532],[25.802,48.6696],[25.7776,48.6752],[25.7609,48.6664],[25.7466,48.6473],[25.7414,48.6335],[25.7264,48.6382],[25.7214,48.6546],[25.7127,48.6621],[25.7032,48.6645],[25.6806,48.6645],[25.652,48.6674],[25.628,48.6727],[25.6212,48.6776],[25.6287,48.6861],[25.6431,48.6919],[25.6525,48.7015],[25.6496,48.7093],[25.6183,48.716],[25.6097,48.7236],[25.6155,48.7303],[25.637,48.7392],[25.6405,48.7481],[25.6359,48.7514],[25.5962,48.7683],[25.5608,48.7956],[25.5429,48.803],[25.5103,48.8054],[25.4971,48.811],[25.4802,48.8233],[25.4534,48.8322],[25.4498,48.8378],[25.4693,48.8552],[25.4518,48.8674],[25.4375,48.8721],[25.4274,48.8686],[25.4388,48.8497],[25.4268,48.843],[25.4027,48.848],[25.3671,48.8587],[25.3551,48.8596],[25.3365,48.8548],[25.3405,48.8389],[25.3254,48.8378],[25.3213,48.8469],[25.3001,48.8438],[25.2888,48.8481],[25.2833,48.8626],[25.2605,48.8667],[25.2357,48.8646],[25.2258,48.8469],[25.2109,48.8462],[25.209,48.85],[25.2289,48.8822],[25.2294,48.9086],[25.2373,48.9189],[25.2343,48.932],[25.2243,48.9306],[25.2099,48.9219],[25.1925,48.9275],[25.1981,48.9147],[25.1707,48.8978],[25.1667,48.8908],[25.1723,48.8867],[25.172,48.8723],[25.1593,48.8655],[25.1366,48.8711],[25.1357,48.8901],[25.1195,48.9179],[25.1211,48.9279],[25.1454,48.94],[25.1462,48.9453],[25.1341,48.9535],[25.1098,48.9638],[25.1067,48.9791],[25.1194,48.9948],[25.1116,48.9966],[25.0875,48.9933],[25.0873,48.984],[25.0537,48.9919],[25.0175,49.0114],[24.9962,49.0015],[24.9682,48.9929],[24.9717,49.0021],[24.9696,49.0113],[24.9604,49.0192],[24.9238,49.0394],[24.9115,49.0509],[24.905,49.0497],[24.9069,49.0736],[24.9163,49.0831],[24.9406,49.0809],[24.9624,49.076],[24.9657,49.0721],[24.9912,49.0712],[24.9906,49.086],[24.9727,49.0959],[24.9854,49.1164],[24.9565,49.1276],[24.9534,49.1256],[24.8998,49.1291],[24.8932,49.1391],[24.8838,49.1442],[24.8665,49.1619],[24.8576,49.1653],[24.8568,49.1777],[24.8854,49.1971],[24.8987,49.2146],[24.9336,49.2297],[24.9331,49.2356],[24.9109,49.2396],[24.8697,49.2582],[24.8642,49.2568],[24.8433,49.2626],[24.8407,49.2831],[24.8281,49.2854],[24.8305,49.3036],[24.8288,49.3218],[24.836,49.3408],[24.8593,49.347],[24.8433,49.3542],[24.8333,49.3632],[24.8291,49.3852],[24.8113,49.3885],[24.7981,49.382],[24.7756,49.3775],[24.7784,49.3832],[24.7727,49.394],[24.7744,49.4103],[24.7671,49.4243],[24.7712,49.4311],[24.7662,49.4383],[24.7505,49.4496],[24.7459,49.4639],[24.7295,49.4801],[24.7285,49.4921],[24.7208,49.4968],[24.7196,49.5273],[24.7223,49.5392],[24.7293,49.5471],[24.7213,49.5698],[24.7604,49.5722],[24.7916,49.5728],[24.8016,49.5877],[24.8144,49.5868],[24.8296,49.5925],[24.8317,49.5851],[24.8392,49.587],[24.8345,49.5998],[24.8458,49.6013],[24.8633,49.5989],[24.8711,49.6097],[24.8828,49.6085],[24.8859,49.602],[24.9081,49.5978],[24.8984,49.6105],[24.9127,49.6152],[24.9232,49.6109],[24.9427,49.6092],[24.9437,49.6192],[24.9543,49.6159],[24.963,49.6299],[24.9569,49.6344],[24.9614,49.6428],[24.9827,49.6366],[24.9888,49.6587],[24.9984,49.6598],[24.9943,49.6686],[24.9995,49.696],[24.9972,49.6966],[25.0221,49.7351],[25.0446,49.7295],[25.0674,49.7115],[25.0937,49.731],[25.0997,49.7323],[25.115,49.7456],[25.1038,49.7567],[25.0724,49.7702],[25.0756,49.7791],[25.0867,49.7781],[25.0896,49.7883],[25.0837,49.8002],[25.0838,49.8285],[25.1113,49.8185],[25.1378,49.8149],[25.1438,49.8177],[25.1447,49.8281],[25.1515,49.8331],[25.1722,49.8322],[25.1829,49.8371],[25.2096,49.8301],[25.2117,49.8267],[25.2371,49.824],[25.2446,49.8253],[25.246,49.8351],[25.2587,49.8387],[25.266,49.8309],[25.2875,49.8282],[25.2935,49.8328],[25.2933,49.8436],[25.2996,49.8455],[25.2991,49.8537],[25.3109,49.8512],[25.3167,49.8556],[25.3355,49.8578],[25.3324,49.8622],[25.3499,49.8627],[25.3751,49.868],[25.3729,49.8759],[25.3807,49.877],[25.3891,49.8972],[25.3764,49.9132],[25.3873,49.9327],[25.4005,49.9374],[25.4159,49.9344],[25.4266,49.9372],[25.427,49.9432],[25.4038,49.9479],[25.4015,49.9544],[25.4122,49.9696],[25.4025,49.9857],[25.3737,49.9917],[25.3467,50.0041],[25.3493,50.0178],[25.359,50.0168],[25.3635,50.0459],[25.3846,50.0489],[25.4082,50.0492],[25.4316,50.053],[25.4389,50.0722],[25.451,50.0748],[25.4573,50.082],[25.4541,50.0943],[25.4648,50.0983],[25.4891,50.1018],[25.484,50.114],[25.4561,50.1168],[25.4485,50.1244],[25.4493,50.1506],[25.4761,50.1662],[25.5009,50.1645],[25.4993,50.1565],[25.5543,50.1504],[25.5756,50.1763],[25.61,50.1627],[25.6254,50.1521],[25.6846,50.1771],[25.6942,50.1774],[25.7032,50.1711],[25.7242,50.173],[25.7288,50.1868],[25.7558,50.1793],[25.7843,50.1814],[25.7956,50.185],[25.8217,50.1806],[25.8447,50.1893],[25.8576,50.1914],[25.8712,50.2047],[25.8698,50.2098],[25.899,50.2345],[25.9232,50.2484],[25.9216,50.2538],[25.9357,50.2566],[25.9631,50.2563],[25.9704,50.2457],[25.9798,50.2422],[25.9961,50.2422],[26.0073,50.2357],[26.0087,50.2289],[26.0201,50.2296],[26.065,50.2575],[26.0782,50.2503],[26.1578,50.232],[26.1658,50.2309],[26.1704,50.2445],[26.1914,50.2628],[26.2163,50.2636],[26.221,50.2669],[26.2177,50.2482],[26.2099,50.2485],[26.2119,50.2302],[26.1855,50.2291],[26.1852,50.2172],[26.192,50.2181],[26.1791,50.1973],[26.1931,50.1938],[26.1987,50.1867],[26.2103,50.1854],[26.2205,50.1797],[26.2117,50.1741]]]}},{"type":"Feature","properties":{"id":"vinnytsia","nameUk":"Вінницька область","nameEn":"Vinnytsia Oblast"},"geometry":{"type":"Polygon","coordinates":[[[27.3808,48.6521],[27.3884,48.6605],[27.3876,48.6719],[27.3988,48.6883],[27.4071,48.6866],[27.4062,48.6946],[27.4133,48.695],[27.415,48.7028],[27.407,48.7125],[27.3997,48.7295],[27.4124,48.7389],[27.3885,48.7641],[27.4055,48.7659],[27.4037,48.7736],[27.4128,48.7784],[27.4165,48.7894],[27.4268,48.7937],[27.4108,48.8136],[27.4177,48.8221],[27.4136,48.8366],[27.4153,48.8463],[27.415,48.8818],[27.3937,48.9004],[27.397,48.9254],[27.3912,48.9386],[27.4029,48.9474],[27.4033,48.9528],[27.4175,48.9543],[27.4113,48.9609],[27.4171,48.9714],[27.408,48.9724],[27.3956,48.9903],[27.398,48.9979],[27.3825,49.0079],[27.405,49.0291],[27.416,49.0546],[27.4271,49.053],[27.4284,49.0647],[27.439,49.0652],[27.4373,49.0699],[27.4634,49.0707],[27.5038,49.0688],[27.4985,49.0758],[27.4799,49.0887],[27.4915,49.0937],[27.5054,49.1104],[27.4924,49.1217],[27.5068,49.1274],[27.5062,49.1318],[27.5333,49.1209],[27.5368,49.1254],[27.5335,49.1411],[27.5422,49.1346],[27.5693,49.1214],[27.5784,49.1225],[27.595,49.1328],[27.5938,49.1551],[27.6011,49.1613],[27.6194,49.1617],[27.6393,49.1675],[27.6867,49.1411],[27.6941,49.1441],[27.698,49.1382],[27.7126,49.1481],[27.7362,49.1411],[27.7529,49.148],[27.7549,49.1575],[27.7639,49.1605],[27.7808,49.1734],[27.7766,49.1893],[27.7822,49.19],[27.7895,49.1783],[27.7976,49.1768],[27.8035,49.1849],[27.8168,49.1892],[27.8236,49.1801],[27.8405,49.1796],[27.8545,49.1695],[27.882,49.1782],[27.8883,49.1854],[27.898,49.1872],[27.8944,49.2089],[27.8836,49.2154],[27.8674,49.2143],[27.8573,49.2369],[27.8708,49.2416],[27.8716,49.25],[27.8584,49.2555],[27.8496,49.2641],[27.8632,49.2926],[27.8518,49.3117],[27.8594,49.3289],[27.8376,49.3507],[27.8149,49.3555],[27.8114,49.3685],[27.8289,49.3679],[27.8284,49.3748],[27.8169,49.3743],[27.8113,49.379],[27.8119,49.3883],[27.8335,49.3913],[27.8324,49.4059],[27.85,49.421],[27.8463,49.4313],[27.8274,49.4214],[27.805,49.4386],[27.7912,49.4342],[27.7809,49.4429],[27.7666,49.4436],[27.7512,49.4394],[27.7455,49.4512],[27.7563,49.463],[27.7639,49.4783],[27.7761,49.4751],[27.7896,49.492],[27.7675,49.4892],[27.7355,49.4951],[27.7358,49.51],[27.7433,49.531],[27.7577,49.5317],[27.7699,49.5224],[27.7802,49.521],[27.7947,49.5328],[27.7854,49.5454],[27.7946,49.5527],[27.7738,49.5673],[27.7589,49.5723],[27.7612,49.5853],[27.7708,49.5893],[27.7734,49.5956],[27.7831,49.5967],[27.7996,49.6201],[27.8114,49.6147],[27.8105,49.6436],[27.7693,49.6657],[27.7623,49.6968],[27.7895,49.7011],[27.8112,49.7022],[27.806,49.7096],[27.8367,49.7298],[27.817,49.7347],[27.8158,49.7436],[27.8349,49.7458],[27.8346,49.7566],[27.8485,49.7527],[27.8908,49.7579],[27.9013,49.7673],[27.9327,49.7686],[27.9582,49.7788],[27.9822,49.7805],[28.0089,49.7771],[28.0188,49.7716],[28.0928,49.772],[28.1149,49.7756],[28.12,49.7789],[28.1549,49.7867],[28.2184,49.7905],[28.226,49.7864],[28.229,49.7948],[28.2453,49.7982],[28.2437,49.8136],[28.2618,49.8102],[28.2628,49.7995],[28.2893,49.798],[28.2974,49.8014],[28.3486,49.7924],[28.3793,49.7805],[28.407,49.7918],[28.4122,49.8081],[28.4202,49.8232],[28.4317,49.821],[28.469,49.8235],[28.4732,49.8126],[28.4815,49.8071],[28.5287,49.8206],[28.5297,49.8141],[28.5419,49.8065],[28.5551,49.7856],[28.563,49.7872],[28.5696,49.7739],[28.6006,49.7815],[28.6023,49.8101],[28.6191,49.8136],[28.6334,49.813],[28.6354,49.8171],[28.6674,49.8083],[28.6824,49.8022],[28.6904,49.8126],[28.7137,49.8174],[28.7265,49.7969],[28.7341,49.7982],[28.7385,49.8091],[28.7501,49.8185],[28.7509,49.8444],[28.7845,49.8427],[28.7835,49.8515],[28.8136,49.8528],[28.8144,49.8591],[28.8439,49.8602],[28.8568,49.8889],[28.8809,49.8884],[28.8991,49.8821],[28.8956,49.8733],[28.9101,49.8666],[28.9028,49.8617],[28.937,49.8532],[28.9534,49.8402],[28.9448,49.8198],[28.961,49.8209],[28.9615,49.8095],[28.9711,49.8035],[28.9408,49.7828],[28.9657,49.7765],[28.9637,49.7554],[29.0017,49.7403],[29.0048,49.7265],[28.9954,49.7254],[28.9948,49.7166],[28.9754,49.6994],[28.9658,49.7001],[28.9568,49.6842],[28.9483,49.6834],[28.95,49.6742],[28.9641,49.6723],[28.9893,49.6456],[29.0103,49.6326],[29.0043,49.6285],[28.9851,49.6033],[28.995,49.597],[29.0269,49.5904],[29.0487,49.5945],[29.0616,49.5919],[29.1052,49.5941],[29.1171,49.5842],[29.1332,49.5902],[29.1522,49.5937],[29.1882,49.5872],[29.203,49.5938],[29.2124,49.588],[29.2421,49.6043],[29.2537,49.5897],[29.2755,49.5896],[29.2755,49.6271],[29.3257,49.628],[29.34,49.6151],[29.353,49.6271],[29.3698,49.6199],[29.3799,49.6191],[29.3963,49.6479],[29.4087,49.6593],[29.4252,49.6522],[29.4306,49.6626],[29.4821,49.6492],[29.4848,49.6545],[29.5055,49.6493],[29.5201,49.6457],[29.521,49.6412],[29.5359,49.6368],[29.509,49.6195],[29.5119,49.6129],[29.499,49.6005],[29.4992,49.5943],[29.5288,49.5647],[29.5386,49.5383],[29.5436,49.5376],[29.5395,49.5213],[29.5504,49.5189],[29.5696,49.5036],[29.5842,49.5066],[29.5834,49.4951],[29.5579,49.4976],[29.5449,49.4845],[29.5586,49.4652],[29.5671,49.4597],[29.5895,49.4544],[29.5943,49.4431],[29.5725,49.4332],[29.5753,49.4283],[29.5594,49.4179],[29.562,49.4154],[29.541,49.402],[29.5062,49.3953],[29.5026,49.3712],[29.5204,49.3601],[29.522,49.337],[29.5368,49.3231],[29.5635,49.3216],[29.5716,49.324],[29.5885,49.3199],[29.6183,49.3055],[29.6067,49.2995],[29.6229,49.2744],[29.6132,49.265],[29.6264,49.2577],[29.6395,49.2467],[29.6502,49.2458],[29.6626,49.25],[29.6892,49.2373],[29.6945,49.2538],[29.7104,49.2629],[29.7212,49.2439],[29.7161,49.2414],[29.7237,49.2307],[29.7361,49.229],[29.7268,49.2213],[29.7038,49.2247],[29.7104,49.2069],[29.7261,49.2023],[29.7277,49.1821],[29.7181,49.1816],[29.7184,49.1569],[29.7098,49.1547],[29.7119,49.1426],[29.72,49.1314],[29.7311,49.1324],[29.7333,49.1224],[29.7258,49.1201],[29.6862,49.1155],[29.6784,49.1125],[29.6904,49.0879],[29.6502,49.0966],[29.6349,49.0605],[29.6397,49.0529],[29.6287,49.0465],[29.6138,49.0562],[29.6099,49.0528],[29.6283,49.0242],[29.6393,49.0127],[29.6529,49.014],[29.6695,49.0238],[29.6835,49.0262],[29.6835,49.0068],[29.6957,49.0005],[29.6521,48.96],[29.6608,48.9487],[29.6525,48.9375],[29.6684,48.9287],[29.6686,48.9205],[29.6857,48.9111],[29.7002,48.9173],[29.7123,48.9115],[29.7356,48.9082],[29.7133,48.8971],[29.7122,48.8915],[29.7278,48.8861],[29.7319,48.8547],[29.7615,48.8472],[29.766,48.7864],[29.7752,48.7824],[29.7859,48.7843],[29.8047,48.7785],[29.8,48.7744],[29.8665,48.7631],[29.8595,48.7586],[29.8842,48.7361],[29.8813,48.7315],[29.8677,48.7348],[29.8562,48.7139],[29.8656,48.7082],[29.8609,48.6996],[29.8725,48.7029],[29.9171,48.6717],[29.9468,48.6698],[29.9447,48.6577],[29.956,48.6586],[29.9596,48.65],[29.9667,48.6505],[29.9685,48.6427],[29.9757,48.6429],[29.9781,48.6351],[29.9901,48.6364],[29.9922,48.6297],[29.9831,48.6124],[29.9512,48.6088],[29.9483,48.5933],[29.9565,48.5839],[29.9707,48.5839],[29.9929,48.5792],[30.006,48.5733],[30.0034,48.5517],[30.008,48.5419],[30.0201,48.5395],[30.018,48.5224],[30.0061,48.5184],[29.9931,48.52],[29.9907,48.5143],[30.0035,48.5155],[30.0053,48.5112],[30.0006,48.4922],[29.9808,48.4942],[29.9667,48.4916],[29.9611,48.473],[29.9679,48.4718],[29.9645,48.4605],[29.9539,48.4628],[29.9513,48.4501],[29.9274,48.4397],[29.9259,48.4433],[29.8858,48.4274],[29.884,48.4304],[29.8645,48.4259],[29.8706,48.4163],[29.7872,48.3699],[29.8056,48.3601],[29.8126,48.3495],[29.8048,48.3473],[29.8041,48.332],[29.7992,48.3286],[29.7843,48.3301],[29.7824,48.3146],[29.7689,48.3092],[29.7735,48.3051],[29.7643,48.2965],[29.7507,48.2993],[29.7495,48.2895],[29.7598,48.2778],[29.774,48.272],[29.7765,48.2586],[29.7713,48.2567],[29.7828,48.2426],[29.772,48.2256],[29.7732,48.2174],[29.7808,48.2085],[29.7748,48.2025],[29.7636,48.2004],[29.7266,48.2027],[29.6903,48.193],[29.6824,48.1881],[29.6665,48.1964],[29.6548,48.1952],[29.6736,48.1688],[29.6759,48.1543],[29.6683,48.1207],[29.6636,48.1076],[29.6588,48.1107],[29.6368,48.1116],[29.6404,48.1229],[29.6024,48.1329],[29.5986,48.12],[29.5813,48.1111],[29.5878,48.1018],[29.5738,48.1041],[29.5701,48.0988],[29.5442,48.1014],[29.5318,48.0981],[29.495,48.1024],[29.4781,48.1082],[29.4726,48.1219],[29.4431,48.1219],[29.3949,48.1139],[29.3826,48.1029],[29.3876,48.0952],[29.3719,48.0905],[29.3689,48.0946],[29.3524,48.0895],[29.3516,48.0974],[29.3349,48.0949],[29.312,48.0862],[29.3062,48.0901],[29.2787,48.0904],[29.2653,48.0942],[29.2666,48.1069],[29.2468,48.1109],[29.2322,48.1034],[29.2167,48.1049],[29.2194,48.1085],[29.2042,48.1174],[29.2058,48.1223],[29.2208,48.1251],[29.2351,48.1202],[29.24,48.1275],[29.2617,48.1305],[29.253,48.1369],[29.2504,48.1499],[29.2406,48.1414],[29.2134,48.1432],[29.2094,48.1341],[29.1943,48.1343],[29.1817,48.1412],[29.1416,48.1408],[29.1575,48.1481],[29.1452,48.1558],[29.1341,48.1526],[29.078,48.1935],[29.0646,48.1946],[29.0574,48.1894],[29.0599,48.1798],[29.0539,48.1818],[29.0463,48.1739],[29.0428,48.1578],[29.0499,48.1502],[29.0339,48.1325],[29.0322,48.1256],[29.0184,48.132],[29.0099,48.1482],[28.9938,48.1519],[28.9844,48.145],[28.9683,48.1545],[28.9452,48.1568],[28.9332,48.1263],[28.9282,48.0984],[28.9235,48.0936],[28.8737,48.0829],[28.8692,48.069],[28.8508,48.0787],[28.8499,48.0838],[28.857,48.0999],[28.8553,48.1082],[28.8411,48.1255],[28.8335,48.1288],[28.8139,48.1243],[28.8065,48.1345],[28.792,48.1257],[28.7719,48.1248],[28.7546,48.1362],[28.7357,48.1333],[28.7269,48.1288],[28.6844,48.1292],[28.6776,48.1428],[28.6821,48.1468],[28.6475,48.1433],[28.649,48.1519],[28.6304,48.1541],[28.6146,48.1596],[28.6114,48.1571],[28.5919,48.1733],[28.5794,48.1666],[28.5705,48.1762],[28.5447,48.169],[28.5299,48.1531],[28.5032,48.151],[28.5157,48.1419],[28.5118,48.1342],[28.4991,48.1271],[28.4929,48.1184],[28.4961,48.1115],[28.4931,48.0733],[28.4902,48.0658],[28.4812,48.0705],[28.4538,48.079],[28.4379,48.0967],[28.4339,48.1107],[28.4214,48.124],[28.4357,48.1347],[28.4397,48.1442],[28.4355,48.1631],[28.4284,48.1724],[28.4104,48.1772],[28.3832,48.1751],[28.3716,48.165],[28.367,48.1537],[28.3564,48.1388],[28.3397,48.1338],[28.3174,48.1354],[28.3156,48.1493],[28.3222,48.1632],[28.3347,48.173],[28.3469,48.178],[28.3634,48.191],[28.37,48.2116],[28.3682,48.2306],[28.3593,48.2429],[28.343,48.2465],[28.3302,48.2393],[28.3127,48.2379],[28.3031,48.2413],[28.2322,48.2104],[28.217,48.2081],[28.1999,48.2117],[28.1894,48.2231],[28.1843,48.2456],[28.1868,48.2512],[28.1785,48.2589],[28.1445,48.2626],[28.139,48.2486],[28.1288,48.2411],[28.1156,48.2367],[28.0933,48.2374],[28.0793,48.2462],[28.0983,48.2841],[28.0928,48.3021],[28.0748,48.3167],[28.0589,48.3232],[28.0418,48.326],[28.0046,48.3258],[27.9671,48.3289],[27.9428,48.3352],[27.9199,48.3463],[27.9045,48.3625],[27.8967,48.3672],[27.8783,48.3855],[27.881,48.392],[27.8735,48.4046],[27.8455,48.4148],[27.8382,48.4154],[27.8157,48.4265],[27.7863,48.4466],[27.7564,48.4567],[27.7424,48.4575],[27.7147,48.4518],[27.627,48.4513],[27.6069,48.4578],[27.6041,48.4877],[27.5986,48.4912],[27.5812,48.4909],[27.5611,48.4831],[27.54,48.4724],[27.5157,48.4724],[27.4979,48.4839],[27.4786,48.5068],[27.4831,48.5261],[27.4824,48.5367],[27.4738,48.5596],[27.4615,48.5837],[27.4517,48.5965],[27.4204,48.6146],[27.373,48.6306],[27.3808,48.6521]]]}},{"type":"Feature","properties":{"id":"volyn","nameUk":"Волинська область","nameEn":"Volyn Oblast"},"geometry":{"type":"Polygon","coordinates":[[[25.0714,50.2946],[25.0543,50.3009],[25.0531,50.3159],[25.06,50.3297],[25.0542,50.3352],[25.0598,50.341],[25.0333,50.3458],[25.0169,50.3416],[24.9494,50.3856],[24.9406,50.3893],[24.9294,50.3781],[24.9398,50.3638],[24.9368,50.3457],[24.9127,50.3484],[24.911,50.3454],[24.8855,50.3445],[24.8872,50.3588],[24.8669,50.3611],[24.8594,50.3497],[24.849,50.3515],[24.7893,50.3459],[24.7787,50.3395],[24.7673,50.3385],[24.7149,50.3429],[24.7166,50.3615],[24.722,50.3733],[24.7039,50.3849],[24.6757,50.3982],[24.6513,50.4034],[24.6543,50.4101],[24.6263,50.4084],[24.5967,50.4139],[24.5994,50.4562],[24.5812,50.458],[24.5979,50.4665],[24.5878,50.4934],[24.5632,50.4891],[24.5546,50.4941],[24.5536,50.506],[24.558,50.5088],[24.5503,50.5209],[24.5474,50.5343],[24.5306,50.5516],[24.5162,50.5557],[24.489,50.5565],[24.488,50.5512],[24.4669,50.5409],[24.4493,50.5405],[24.4346,50.5456],[24.4158,50.5586],[24.4064,50.5602],[24.3987,50.5741],[24.4133,50.5867],[24.4015,50.5901],[24.3807,50.6092],[24.3613,50.5969],[24.3234,50.5999],[24.3265,50.5929],[24.3182,50.5739],[24.2932,50.5741],[24.2664,50.5807],[24.2306,50.5836],[24.2107,50.5932],[24.2129,50.5967],[24.2,50.6077],[24.2042,50.6104],[24.1916,50.6176],[24.1765,50.619],[24.1709,50.6349],[24.147,50.646],[24.1371,50.6432],[24.1257,50.6489],[24.1053,50.6347],[24.0853,50.6653],[24.0749,50.6902],[24.081,50.713],[24.0715,50.7151],[24.0714,50.7207],[24.0531,50.7178],[24.0269,50.728],[24.0171,50.7387],[24.0155,50.7469],[24.0259,50.7608],[24.0259,50.767],[24.0096,50.772],[23.9978,50.7692],[23.9743,50.7762],[23.9588,50.7959],[23.9652,50.8017],[23.9635,50.8144],[23.9821,50.831],[23.9929,50.8362],[24.0205,50.8386],[24.0469,50.8291],[24.0673,50.8348],[24.1005,50.835],[24.1309,50.8391],[24.1432,50.8564],[24.145,50.8696],[24.1367,50.8667],[24.0959,50.8809],[24.0865,50.8891],[24.0636,50.8922],[24.0394,50.9035],[24.0229,50.9168],[24.011,50.9198],[23.9984,50.9277],[23.9908,50.943],[23.9695,50.9516],[23.967,50.9783],[23.9568,50.9908],[23.9391,51.0027],[23.9176,51.0059],[23.9157,51.0124],[23.9356,51.015],[23.9238,51.0163],[23.9269,51.0205],[23.9174,51.0308],[23.9315,51.0379],[23.914,51.0407],[23.9159,51.0484],[23.9126,51.0704],[23.9084,51.0776],[23.8954,51.0762],[23.8693,51.1017],[23.8545,51.1215],[23.8576,51.1293],[23.8689,51.1292],[23.8747,51.1361],[23.8615,51.1575],[23.8525,51.1554],[23.816,51.1788],[23.7825,51.1921],[23.7825,51.1991],[23.7686,51.2],[23.7553,51.2124],[23.7503,51.2108],[23.7395,51.2206],[23.7396,51.2306],[23.7287,51.2354],[23.7205,51.269],[23.7138,51.2693],[23.7032,51.2822],[23.6873,51.2924],[23.6702,51.2994],[23.6523,51.2996],[23.6414,51.3065],[23.6439,51.3134],[23.636,51.3188],[23.6418,51.3268],[23.6563,51.3586],[23.668,51.3603],[23.6656,51.3658],[23.6855,51.368],[23.6794,51.3848],[23.688,51.389],[23.6785,51.3912],[23.6822,51.3973],[23.7027,51.4035],[23.6931,51.4133],[23.7028,51.4192],[23.688,51.4197],[23.6768,51.4305],[23.6858,51.4342],[23.6864,51.4436],[23.6751,51.4413],[23.6591,51.4444],[23.6473,51.4595],[23.6534,51.4593],[23.6658,51.4702],[23.6763,51.471],[23.6703,51.4825],[23.6603,51.4903],[23.6509,51.4858],[23.6366,51.489],[23.6201,51.4964],[23.6267,51.5034],[23.6481,51.5064],[23.6574,51.5013],[23.6714,51.4994],[23.6769,51.5066],[23.6715,51.5191],[23.6557,51.5348],[23.6363,51.5489],[23.6477,51.5663],[23.6604,51.5688],[23.6645,51.5773],[23.6576,51.5873],[23.6261,51.599],[23.6253,51.6079],[23.6054,51.6168],[23.6162,51.6245],[23.631,51.6294],[23.7262,51.6449],[23.7497,51.6445],[23.8203,51.6313],[23.8453,51.6298],[23.8849,51.6199],[23.8914,51.6149],[23.8803,51.6084],[23.8772,51.5981],[23.8824,51.5922],[23.9037,51.5978],[23.9141,51.5979],[23.9413,51.5819],[23.9771,51.5856],[23.9953,51.5805],[24.0151,51.5913],[24.0156,51.5963],[24.0326,51.604],[24.0753,51.619],[24.1003,51.6398],[24.117,51.6621],[24.1347,51.6715],[24.2684,51.7162],[24.3197,51.7511],[24.3074,51.769],[24.3058,51.7799],[24.2944,51.7997],[24.2959,51.807],[24.3126,51.8267],[24.325,51.8346],[24.3401,51.8495],[24.3479,51.8612],[24.3696,51.8751],[24.3908,51.88],[24.4381,51.8823],[24.4778,51.8823],[24.4937,51.885],[24.6398,51.8921],[24.7011,51.8829],[24.7385,51.884],[24.7497,51.8811],[24.7728,51.8874],[24.9262,51.9028],[24.9342,51.8912],[24.9626,51.8976],[24.9877,51.909],[25.0027,51.9105],[25.0927,51.9398],[25.138,51.9489],[25.1833,51.9498],[25.352,51.9215],[25.5961,51.9189],[25.6008,51.9151],[25.6282,51.9036],[25.6771,51.902],[25.7087,51.8947],[25.6885,51.8813],[25.6675,51.874],[25.6551,51.8596],[25.64,51.8499],[25.6378,51.8378],[25.6485,51.8279],[25.6469,51.8162],[25.6343,51.8129],[25.6316,51.8042],[25.644,51.7979],[25.6473,51.7911],[25.6595,51.7837],[25.6551,51.7815],[25.6498,51.7668],[25.6608,51.7652],[25.6696,51.7732],[25.683,51.7559],[25.6757,51.7418],[25.6618,51.7304],[25.6658,51.72],[25.6483,51.7082],[25.6494,51.694],[25.6363,51.6885],[25.6412,51.6818],[25.6348,51.6741],[25.6258,51.6719],[25.627,51.6655],[25.6087,51.6411],[25.5889,51.6445],[25.5776,51.6247],[25.5669,51.6265],[25.5677,51.6328],[25.53,51.6311],[25.5321,51.614],[25.5554,51.6244],[25.5641,51.603],[25.5791,51.609],[25.5858,51.5922],[25.5988,51.5809],[25.5912,51.5701],[25.596,51.5624],[25.5821,51.5594],[25.5715,51.5497],[25.5828,51.5326],[25.5953,51.5247],[25.5503,51.5196],[25.5556,51.5009],[25.6102,51.5071],[25.602,51.4933],[25.624,51.4954],[25.6181,51.4773],[25.6415,51.4789],[25.6425,51.4449],[25.6363,51.4392],[25.6466,51.4169],[25.6584,51.4145],[25.6718,51.4168],[25.6875,51.4055],[25.69,51.3931],[25.6995,51.3947],[25.7023,51.3833],[25.6915,51.3835],[25.6958,51.3767],[25.7113,51.3821],[25.7249,51.3806],[25.7173,51.389],[25.725,51.4001],[25.7597,51.4004],[25.7554,51.3812],[25.7812,51.3743],[25.7891,51.3787],[25.8073,51.3747],[25.8311,51.3871],[25.8446,51.3756],[25.8306,51.3717],[25.8245,51.366],[25.8358,51.3624],[25.8328,51.3535],[25.8237,51.3497],[25.8293,51.3435],[25.8298,51.3339],[25.8474,51.3201],[25.8673,51.3182],[25.8773,51.3136],[25.876,51.3061],[25.8884,51.303],[25.8931,51.2913],[25.9156,51.2891],[25.9336,51.2766],[25.9309,51.2661],[25.9349,51.2561],[25.9471,51.2514],[25.9446,51.2372],[25.9486,51.2322],[25.9959,51.2278],[26.051,51.1902],[26.0678,51.177],[26.0582,51.1724],[26.0703,51.158],[26.0674,51.148],[26.0588,51.1426],[26.0465,51.1421],[26.0117,51.1308],[26.0059,51.1249],[25.9892,51.1226],[25.9597,51.1258],[25.9419,51.1191],[25.9383,51.1126],[25.9501,51.1031],[25.941,51.0845],[25.9772,51.0779],[25.9992,51.0784],[26.0172,51.0829],[26.0912,51.0508],[26.1073,51.0053],[26.0882,51.0043],[26.0789,50.99],[26.0848,50.9734],[26.063,50.9708],[26.0432,50.9711],[26.0217,50.964],[26.0008,50.9646],[25.9669,50.957],[26.0007,50.9353],[25.9917,50.8658],[25.9996,50.8621],[26.0124,50.8664],[26.0367,50.8512],[26.0386,50.841],[26.0296,50.8404],[26.0221,50.821],[26.0133,50.824],[25.9937,50.8246],[25.9779,50.821],[25.9694,50.8265],[25.9596,50.8242],[25.953,50.8297],[25.9303,50.8297],[25.9228,50.8324],[25.9011,50.8299],[25.9003,50.8135],[25.8905,50.7992],[25.887,50.7645],[25.8768,50.7525],[25.8718,50.7383],[25.8786,50.7086],[25.8704,50.6964],[25.8693,50.6872],[25.8538,50.6766],[25.8507,50.6688],[25.8237,50.647],[25.826,50.6417],[25.8445,50.6311],[25.8296,50.6201],[25.8183,50.6282],[25.8189,50.633],[25.7932,50.666],[25.7729,50.6763],[25.7592,50.6771],[25.7426,50.6698],[25.7088,50.6714],[25.7076,50.6792],[25.7221,50.6835],[25.7092,50.691],[25.6985,50.705],[25.6943,50.7248],[25.6274,50.7141],[25.6067,50.7176],[25.5974,50.7167],[25.6017,50.6963],[25.5925,50.7002],[25.5789,50.7001],[25.53,50.6851],[25.5128,50.6844],[25.5036,50.6797],[25.4754,50.6724],[25.4697,50.6801],[25.4601,50.6752],[25.4599,50.6622],[25.4159,50.6669],[25.3998,50.6717],[25.386,50.6904],[25.3793,50.6858],[25.3881,50.6745],[25.3875,50.6582],[25.3798,50.6513],[25.3715,50.654],[25.3523,50.6483],[25.3528,50.6404],[25.3617,50.6394],[25.3836,50.6314],[25.3878,50.6192],[25.3995,50.6173],[25.406,50.6114],[25.3985,50.6073],[25.3498,50.6103],[25.3508,50.6144],[25.3273,50.613],[25.3123,50.6292],[25.292,50.6306],[25.2931,50.6106],[25.2973,50.5981],[25.305,50.598],[25.3095,50.5903],[25.3067,50.581],[25.3189,50.5836],[25.3214,50.5687],[25.311,50.5463],[25.3022,50.5463],[25.2962,50.5395],[25.2703,50.5328],[25.2435,50.5338],[25.2463,50.5374],[25.2303,50.5411],[25.1915,50.5428],[25.1917,50.5513],[25.1534,50.5474],[25.137,50.5479],[25.122,50.5537],[25.1215,50.5302],[25.144,50.5212],[25.1605,50.5023],[25.1586,50.4845],[25.1496,50.4668],[25.1121,50.4719],[25.1035,50.4706],[25.0838,50.4754],[25.0981,50.4683],[25.1251,50.461],[25.1384,50.461],[25.138,50.4529],[25.1495,50.4522],[25.1533,50.4431],[25.1422,50.4416],[25.1363,50.4333],[25.1396,50.4276],[25.1578,50.4291],[25.1566,50.4258],[25.1725,50.4012],[25.1684,50.3976],[25.203,50.3902],[25.2094,50.3759],[25.1989,50.3631],[25.1823,50.3616],[25.1722,50.3714],[25.1688,50.3797],[25.1606,50.3737],[25.1408,50.3688],[25.1517,50.3521],[25.1458,50.3443],[25.1662,50.331],[25.1297,50.3185],[25.132,50.3106],[25.1091,50.3122],[25.1104,50.3053],[25.1016,50.2951],[25.1115,50.2943],[25.1128,50.2873],[25.0714,50.2946]]]}},{"type":"Feature","properties":{"id":"zakarpattia","nameUk":"Закарпатська область","nameEn":"Zakarpattia Oblast"},"geometry":{"type":"Polygon","coordinates":[[[22.898,49.005],[22.9188,48.9817],[22.919,48.9704],[22.9122,48.9657],[22.9022,48.9695],[22.8732,48.9567],[22.8716,48.945],[22.8769,48.9334],[22.8869,48.923],[22.8903,48.9114],[22.8973,48.905],[22.9371,48.8848],[22.9707,48.8741],[22.9716,48.8505],[22.9813,48.8392],[23.0009,48.8294],[23.0159,48.8446],[23.044,48.8515],[23.058,48.8465],[23.0645,48.8525],[23.0837,48.8544],[23.0881,48.8611],[23.0988,48.8629],[23.1146,48.8572],[23.1359,48.8457],[23.1307,48.8406],[23.1354,48.8337],[23.1497,48.8329],[23.1699,48.8149],[23.1766,48.8062],[23.1789,48.7927],[23.1885,48.7832],[23.2017,48.7603],[23.2248,48.7635],[23.2402,48.7586],[23.2533,48.7627],[23.2684,48.7618],[23.2862,48.7758],[23.2964,48.7675],[23.313,48.7599],[23.3173,48.7535],[23.3402,48.7567],[23.3608,48.7706],[23.3742,48.7593],[23.3779,48.7439],[23.3907,48.7398],[23.3969,48.7329],[23.4106,48.7355],[23.4307,48.7263],[23.4669,48.7237],[23.4719,48.7183],[23.4924,48.7221],[23.5116,48.7347],[23.5205,48.7294],[23.5407,48.7244],[23.5476,48.7258],[23.5717,48.7247],[23.5937,48.7169],[23.597,48.7056],[23.6245,48.7067],[23.639,48.6984],[23.6381,48.6846],[23.6758,48.6646],[23.6886,48.6464],[23.7074,48.638],[23.7342,48.6385],[23.7466,48.6473],[23.779,48.6433],[23.7899,48.6402],[23.7976,48.631],[23.796,48.6197],[23.7865,48.6104],[23.7961,48.5995],[23.7913,48.5943],[23.804,48.5812],[23.8362,48.5794],[23.8333,48.5678],[23.8579,48.5531],[23.8701,48.557],[23.881,48.553],[23.892,48.5543],[23.9072,48.5629],[23.9125,48.5557],[23.929,48.5524],[23.9147,48.5336],[23.925,48.514],[23.917,48.5063],[23.9185,48.4929],[23.9077,48.4816],[23.9135,48.4718],[23.9278,48.4638],[23.945,48.4629],[23.9624,48.4584],[23.9786,48.464],[23.9732,48.4766],[23.9824,48.481],[23.994,48.5014],[24.0039,48.5066],[24.0318,48.5006],[24.0459,48.5118],[24.0676,48.518],[24.0775,48.5126],[24.0893,48.5203],[24.0882,48.5275],[24.1029,48.5259],[24.1091,48.533],[24.1232,48.534],[24.1332,48.5242],[24.1144,48.4965],[24.1399,48.4817],[24.1265,48.4708],[24.1248,48.4534],[24.1344,48.4374],[24.1448,48.4353],[24.1452,48.4204],[24.1401,48.4102],[24.1522,48.3997],[24.1477,48.3895],[24.1641,48.3832],[24.1648,48.3772],[24.1795,48.3759],[24.1778,48.3657],[24.1907,48.3669],[24.2004,48.3632],[24.2089,48.3661],[24.2258,48.3563],[24.2415,48.3586],[24.2588,48.3502],[24.2746,48.3658],[24.2744,48.3717],[24.2884,48.3798],[24.2805,48.392],[24.2843,48.4022],[24.3309,48.3894],[24.355,48.3793],[24.3585,48.3736],[24.3511,48.3594],[24.358,48.3512],[24.3852,48.3447],[24.3939,48.3351],[24.4163,48.3324],[24.4314,48.3131],[24.4368,48.3137],[24.4493,48.3003],[24.4771,48.2836],[24.484,48.283],[24.4908,48.2725],[24.4842,48.2457],[24.5214,48.2357],[24.5389,48.225],[24.5458,48.2158],[24.5288,48.2107],[24.5206,48.201],[24.5259,48.1954],[24.5116,48.1849],[24.5199,48.177],[24.5059,48.168],[24.5003,48.1599],[24.5041,48.1532],[24.5243,48.1443],[24.5321,48.1318],[24.5303,48.124],[24.5545,48.1178],[24.5573,48.1063],[24.5748,48.1018],[24.5869,48.0915],[24.5953,48.0904],[24.6032,48.0782],[24.6191,48.0654],[24.6255,48.0471],[24.6112,48.0371],[24.5944,48.0344],[24.5887,48.026],[24.5728,48.0134],[24.5723,47.999],[24.5665,47.9966],[24.5667,47.9818],[24.5632,47.9684],[24.5526,47.9585],[24.5272,47.9616],[24.5124,47.9526],[24.5019,47.9523],[24.4722,47.9632],[24.4475,47.964],[24.4361,47.9704],[24.4184,47.9605],[24.3923,47.9528],[24.3862,47.9437],[24.3472,47.9209],[24.3313,47.9205],[24.3249,47.926],[24.3115,47.9201],[24.2979,47.9198],[24.2401,47.9002],[24.2175,47.8976],[24.2171,47.9028],[24.1969,47.9162],[24.1813,47.9148],[24.1653,47.9201],[24.1614,47.9148],[24.1493,47.9165],[24.1441,47.9128],[24.1293,47.9158],[24.0992,47.9351],[24.0681,47.9489],[24.064,47.9532],[24.039,47.9507],[24.0297,47.9524],[24.0072,47.9678],[23.996,47.9617],[23.9787,47.9622],[23.9787,47.9677],[23.9649,47.9622],[23.9498,47.9627],[23.947,47.9539],[23.9175,47.9457],[23.8822,47.9436],[23.8702,47.9344],[23.8576,47.9343],[23.8484,47.9497],[23.8416,47.9539],[23.8362,47.9656],[23.8224,47.9767],[23.8197,47.983],[23.7878,47.9873],[23.7809,47.9923],[23.7646,47.995],[23.7572,47.9919],[23.7509,47.9983],[23.731,47.9924],[23.7203,47.9954],[23.6868,47.9874],[23.6461,47.9966],[23.6373,48.0025],[23.6179,48.0032],[23.6161,48.0081],[23.6011,48.006],[23.5938,48.0085],[23.5857,48.0037],[23.572,48.0038],[23.539,48.0113],[23.5297,48.0218],[23.5231,48.0015],[23.5037,47.9929],[23.4943,47.9805],[23.4823,47.9735],[23.4548,47.9763],[23.4338,47.9898],[23.4163,47.9879],[23.4047,47.9934],[23.4019,48.0001],[23.3884,48.0042],[23.3765,48.0034],[23.3755,48.0087],[23.3472,48.0207],[23.3417,48.0183],[23.3288,48.024],[23.3343,48.0386],[23.326,48.037],[23.3109,48.0444],[23.2951,48.0444],[23.2771,48.0597],[23.291,48.0719],[23.2811,48.0818],[23.2694,48.0858],[23.2676,48.1001],[23.252,48.1006],[23.2463,48.0917],[23.1988,48.0956],[23.1893,48.0977],[23.1872,48.1095],[23.1768,48.1199],[23.1501,48.1114],[23.1465,48.0999],[23.1186,48.0915],[23.099,48.0712],[23.0766,48.0245],[23.0631,48.0075],[23.055,48.0032],[23.0312,48.0003],[23.0238,47.9917],[23.0132,47.9908],[22.9972,47.9959],[22.9956,48.0013],[22.963,48.0116],[22.9608,48.0077],[22.9442,48.0167],[22.9273,48.0192],[22.9217,48.0144],[22.9227,48.0029],[22.9157,47.993],[22.9242,47.9727],[22.9166,47.9605],[22.9012,47.9546],[22.8919,47.957],[22.892,47.9673],[22.8797,47.9635],[22.8695,47.966],[22.8729,47.9748],[22.8616,47.9742],[22.852,47.9819],[22.841,47.981],[22.8495,47.9931],[22.8506,48.0027],[22.8649,48.0114],[22.8651,48.0207],[22.8728,48.0247],[22.8805,48.0361],[22.8815,48.0548],[22.8696,48.0514],[22.861,48.0576],[22.8617,48.0706],[22.8575,48.0775],[22.8448,48.0834],[22.84,48.0794],[22.8341,48.0936],[22.828,48.0962],[22.8318,48.1076],[22.8268,48.1157],[22.8153,48.1181],[22.8103,48.1081],[22.8017,48.1111],[22.8065,48.12],[22.7979,48.122],[22.7887,48.117],[22.7723,48.1219],[22.7777,48.1115],[22.7649,48.11],[22.7576,48.1201],[22.7347,48.1198],[22.7067,48.1105],[22.6932,48.1018],[22.6268,48.1018],[22.6197,48.1056],[22.603,48.1038],[22.5921,48.1122],[22.6001,48.1168],[22.5926,48.1232],[22.5955,48.135],[22.5881,48.1396],[22.5982,48.1448],[22.5834,48.159],[22.5752,48.1592],[22.5621,48.1847],[22.5682,48.1844],[22.5711,48.1961],[22.5576,48.1983],[22.5439,48.2084],[22.5311,48.2094],[22.5136,48.2259],[22.5161,48.238],[22.4972,48.2396],[22.5014,48.2492],[22.49,48.2528],[22.4564,48.2423],[22.4473,48.2436],[22.4328,48.2525],[22.4329,48.2466],[22.4196,48.2506],[22.4006,48.2492],[22.396,48.2446],[22.378,48.2388],[22.3709,48.2465],[22.3603,48.2654],[22.3384,48.2792],[22.3403,48.2956],[22.3373,48.3079],[22.3211,48.3143],[22.3152,48.3285],[22.3203,48.3387],[22.3178,48.3545],[22.2979,48.3548],[22.2676,48.3612],[22.257,48.3732],[22.2718,48.4035],[22.2641,48.4104],[22.2498,48.4108],[22.2246,48.4163],[22.2154,48.4244],[22.2015,48.4243],[22.1893,48.4169],[22.1582,48.4105],[22.1553,48.4034],[22.144,48.4038],[22.1383,48.4146],[22.1377,48.4326],[22.1583,48.527],[22.161,48.5673],[22.1714,48.5875],[22.1833,48.6017],[22.2192,48.6211],[22.23,48.6205],[22.2405,48.6277],[22.2554,48.6483],[22.2943,48.6676],[22.3044,48.6765],[22.3252,48.683],[22.3396,48.6839],[22.3456,48.7059],[22.3537,48.7178],[22.3507,48.7203],[22.3618,48.7302],[22.3601,48.7418],[22.3427,48.7507],[22.3457,48.7661],[22.3623,48.7782],[22.3734,48.7824],[22.3808,48.7965],[22.387,48.7989],[22.3837,48.8245],[22.3759,48.834],[22.3813,48.86],[22.3867,48.8697],[22.4029,48.8793],[22.4211,48.8846],[22.4246,48.9117],[22.4312,48.9219],[22.4287,48.9322],[22.4662,48.9729],[22.4763,48.9815],[22.505,48.9842],[22.5205,48.9929],[22.5311,49.0029],[22.5455,49.0068],[22.538,49.0213],[22.5511,49.0302],[22.5513,49.063],[22.5532,49.0795],[22.5656,49.0845],[22.5808,49.0814],[22.6183,49.0542],[22.6429,49.0432],[22.6732,49.042],[22.6833,49.0389],[22.6895,49.0426],[22.722,49.041],[22.7439,49.0454],[22.7565,49.044],[22.784,49.0214],[22.8129,49.0129],[22.835,48.9997],[22.8553,48.994],[22.8614,49.0024],[22.889,49.0069],[22.898,49.005]]]}},{"type":"Feature","properties":{"id":"zaporizhzhia","nameUk":"Запорізька область","nameEn":"Zaporizhzhia Oblast"},"geometry":{"type":"Polygon","coordinates":[[[34.2074,47.4883],[34.2342,47.4944],[34.2681,47.5089],[34.3,47.5191],[34.3457,47.5219],[34.424,47.5302],[34.4689,47.5321],[34.5281,47.5537],[34.5724,47.5616],[34.5884,47.5624],[34.6292,47.561],[34.6697,47.5557],[34.7355,47.5389],[34.7963,47.537],[34.8171,47.5308],[34.8405,47.521],[34.8623,47.5151],[34.8996,47.5182],[34.9454,47.5296],[34.958,47.5383],[34.9652,47.5513],[34.9569,47.5686],[34.9465,47.5719],[34.936,47.5825],[34.9344,47.5904],[34.9417,47.6012],[34.9328,47.6358],[34.9161,47.6338],[34.9057,47.6739],[34.9382,47.6774],[34.9299,47.7116],[34.956,47.7123],[34.9519,47.727],[34.9575,47.7275],[34.9545,47.7391],[34.9649,47.7402],[34.9575,47.7696],[34.8936,47.7602],[34.8789,47.8184],[34.9034,47.8296],[34.8972,47.8528],[34.8708,47.8506],[34.864,47.8794],[34.858,47.8806],[34.8376,47.8699],[34.8171,47.8643],[34.802,47.9156],[34.8517,47.921],[34.8492,47.9378],[34.8764,47.942],[34.881,47.9289],[34.9191,47.9335],[34.9137,47.9407],[34.9093,47.9574],[34.9125,47.9578],[34.9049,47.9857],[34.8695,47.9824],[34.8583,48.0152],[34.847,48.0139],[34.8392,48.0505],[34.8757,48.0545],[34.8689,48.076],[34.8551,48.133],[34.8783,48.1338],[34.8813,48.1271],[34.9158,48.1306],[34.9201,48.1146],[34.9117,48.1137],[34.9104,48.1041],[34.9147,48.0909],[34.9297,48.0903],[34.9856,48.0966],[34.9903,48.0892],[35.0258,48.098],[35.036,48.0981],[35.0551,48.1184],[35.0653,48.1225],[35.0827,48.123],[35.1027,48.1318],[35.1545,48.1286],[35.179,48.1311],[35.1945,48.1404],[35.2181,48.1427],[35.2419,48.1347],[35.254,48.1361],[35.2789,48.1447],[35.3034,48.1416],[35.3376,48.1238],[35.3807,48.1185],[35.4163,48.1097],[35.4213,48.1002],[35.4497,48.1031],[35.4794,48.098],[35.4856,48.095],[35.5087,48.0972],[35.5194,48.0945],[35.5237,48.0744],[35.5535,48.0839],[35.6806,48.1306],[35.7034,48.1402],[35.7428,48.0957],[35.756,48.0984],[35.7832,48.0942],[35.8061,48.1006],[35.8169,48.0661],[35.9206,48.0821],[35.9666,48.0948],[35.9748,48.0874],[35.9854,48.0848],[35.984,48.0782],[35.9694,48.0725],[35.9716,48.0615],[35.9878,48.0593],[35.9783,48.0519],[35.9753,48.0432],[36.0525,48.0591],[36.0655,48.0252],[36.0344,48.0187],[36.0416,48.0039],[36.062,48.001],[36.0707,47.9715],[36.0479,47.9655],[36.0516,47.9586],[36.0736,47.9652],[36.085,47.9303],[36.1087,47.9418],[36.1197,47.9279],[36.1104,47.9246],[36.1277,47.9019],[36.1225,47.9002],[36.1302,47.8903],[36.1169,47.8709],[36.1192,47.8648],[36.0872,47.8612],[36.0808,47.8832],[36.0541,47.88],[36.0575,47.8683],[36.0686,47.8675],[36.0737,47.8488],[36.0959,47.8501],[36.1017,47.8426],[36.1788,47.8507],[36.1772,47.8572],[36.1972,47.8591],[36.1882,47.8415],[36.1976,47.8325],[36.2662,47.8332],[36.2755,47.8155],[36.2986,47.8159],[36.3302,47.8203],[36.3305,47.8307],[36.3241,47.8395],[36.3744,47.838],[36.3767,47.83],[36.3978,47.8309],[36.4218,47.8289],[36.4491,47.8241],[36.476,47.8242],[36.5229,47.8288],[36.5209,47.8365],[36.5848,47.8474],[36.6047,47.8508],[36.6083,47.8397],[36.5993,47.8178],[36.5885,47.8165],[36.5873,47.786],[36.5938,47.784],[36.6713,47.7936],[36.6802,47.7594],[36.6786,47.7581],[36.6857,47.7309],[36.7,47.7325],[36.7134,47.6789],[36.7916,47.6849],[36.7747,47.6651],[36.7534,47.6668],[36.7548,47.662],[36.7183,47.6588],[36.7252,47.6311],[36.7658,47.6341],[36.7662,47.6234],[36.7453,47.6217],[36.7481,47.6066],[36.7649,47.6078],[36.7646,47.6008],[36.8303,47.6242],[36.8934,47.5449],[36.9443,47.5761],[36.9668,47.5534],[36.9801,47.5607],[37.0016,47.5389],[37.021,47.5528],[37.0268,47.548],[37.0742,47.4937],[37.0843,47.4961],[37.1289,47.4698],[37.1577,47.4549],[37.1798,47.4837],[37.196,47.4789],[37.19,47.469],[37.245,47.4691],[37.2396,47.4597],[37.2486,47.4572],[37.2368,47.4368],[37.232,47.4378],[37.1946,47.3734],[37.2034,47.3558],[37.162,47.3414],[37.146,47.3811],[37.1066,47.376],[37.1222,47.3404],[37.0923,47.3301],[37.0951,47.326],[37.0832,47.3218],[37.0837,47.3147],[37.0364,47.3],[37.0265,47.3148],[36.9466,47.311],[36.9442,47.3206],[36.926,47.3194],[36.9347,47.2938],[36.9452,47.2405],[36.9491,47.2282],[36.9557,47.229],[36.9626,47.2017],[36.9313,47.2006],[36.9309,47.207],[36.8941,47.2059],[36.8918,47.2],[36.8546,47.1991],[36.8591,47.1896],[36.8864,47.1767],[36.8906,47.1707],[36.8986,47.1738],[36.9084,47.1655],[36.9243,47.1703],[36.9245,47.1603],[36.9373,47.1651],[36.9462,47.1601],[36.9548,47.1495],[36.9738,47.1396],[36.9703,47.1361],[36.9835,47.1244],[36.9966,47.1293],[37.003,47.126],[37.0002,47.1139],[37.0101,47.1136],[37.002,47.1009],[37.0117,47.0973],[37.0093,47.0849],[36.9854,47.0798],[37.0812,47.0475],[37.0987,47.0592],[37.1249,47.0391],[37.0893,47.0075],[37.1411,46.982],[37.1027,46.96],[37.0923,46.9684],[37.0214,46.9279],[37.0311,46.9201],[37.0635,46.8823],[37.0288,46.8756],[37.0178,46.8713],[36.9849,46.8525],[36.9388,46.8395],[36.8862,46.804],[36.8537,46.8005],[36.8625,46.7769],[36.8491,46.7545],[36.8296,46.7319],[36.8196,46.7077],[36.8123,46.6806],[36.7937,46.6536],[36.7693,46.6374],[36.7438,46.6422],[36.7438,46.6496],[36.7717,46.6435],[36.7903,46.6713],[36.8023,46.707],[36.8025,46.7248],[36.7943,46.7292],[36.7581,46.7589],[36.7428,46.7647],[36.7101,46.7728],[36.6961,46.78],[36.6792,46.773],[36.6616,46.7737],[36.634,46.78],[36.617,46.7767],[36.5978,46.7622],[36.59,46.7589],[36.5241,46.7589],[36.4827,46.7417],[36.4325,46.7348],[36.4002,46.7239],[36.3711,46.7084],[36.3035,46.6592],[36.2844,46.6364],[36.2783,46.6074],[36.2708,46.6074],[36.2712,46.6222],[36.2676,46.6256],[36.2479,46.619],[36.2458,46.6108],[36.2407,46.6199],[36.2443,46.6353],[36.2306,46.6422],[36.2219,46.654],[36.21,46.6627],[36.1895,46.669],[36.1717,46.6686],[36.1345,46.6627],[36.062,46.6701],[35.9255,46.6523],[35.9016,46.6527],[35.7712,46.6013],[35.742,46.5844],[35.6613,46.5193],[35.6287,46.4985],[35.5105,46.4572],[35.4915,46.448],[35.4758,46.4357],[35.4455,46.406],[35.43,46.3956],[35.395,46.3786],[35.3801,46.3685],[35.2849,46.2597],[35.2696,46.2665],[35.2914,46.2934],[35.3278,46.3192],[35.3421,46.3358],[35.346,46.361],[35.3115,46.3376],[35.2918,46.3364],[35.2676,46.3511],[35.2586,46.3734],[35.2645,46.3998],[35.2845,46.4374],[35.2771,46.4407],[35.2505,46.4435],[35.2146,46.4626],[35.2017,46.4763],[35.1914,46.4943],[35.1883,46.5124],[35.1667,46.4932],[35.174,46.4733],[35.1921,46.4551],[35.202,46.4405],[35.2051,46.4276],[35.2137,46.4118],[35.2095,46.3964],[35.2015,46.3853],[35.1678,46.361],[35.1124,46.3021],[35.0735,46.2999],[35.0583,46.3755],[35.071,46.3798],[35.0642,46.4248],[35.063,46.4249],[35.0535,46.4816],[35.0222,46.4793],[34.9531,46.5038],[34.9472,46.5125],[34.8904,46.5068],[34.8851,46.5367],[34.895,46.5376],[34.8912,46.5626],[34.7576,46.5493],[34.7483,46.5842],[34.7233,46.5815],[34.7128,46.6201],[34.7563,46.627],[34.7462,46.6832],[34.6836,46.6773],[34.6808,46.692],[34.6322,46.6876],[34.6252,46.724],[34.6613,46.7272],[34.6587,46.7403],[34.735,46.7473],[34.7352,46.7571],[34.7505,46.7579],[34.7501,46.7805],[34.7676,46.7809],[34.7581,46.8227],[34.817,46.8289],[34.8127,46.8336],[34.8047,46.8825],[34.7526,46.8795],[34.745,46.9216],[34.7362,46.9615],[34.6855,46.9559],[34.681,46.9791],[34.6426,46.9741],[34.6238,46.9734],[34.6175,46.9933],[34.5996,46.9918],[34.5917,47.0268],[34.5673,47.0245],[34.5529,47.102],[34.5535,47.106],[34.5195,47.1047],[34.5027,47.1887],[34.491,47.2406],[34.4909,47.2468],[34.5301,47.2508],[34.5272,47.2674],[34.5236,47.2672],[34.5182,47.2835],[34.4878,47.2799],[34.4794,47.3151],[34.5138,47.3181],[34.5088,47.3277],[34.5148,47.3376],[34.5026,47.3398],[34.492,47.3323],[34.4135,47.3233],[34.4188,47.3009],[34.3987,47.2984],[34.4012,47.2872],[34.3696,47.2836],[34.3576,47.2934],[34.3291,47.2907],[34.3053,47.2691],[34.293,47.2743],[34.2826,47.3177],[34.2834,47.3263],[34.2712,47.3622],[34.26,47.3606],[34.2529,47.3911],[34.2564,47.3942],[34.253,47.4095],[34.2427,47.4339],[34.2272,47.4481],[34.2127,47.4551],[34.164,47.4709],[34.1395,47.4772],[34.2074,47.4883]]]}},{"type":"Feature","properties":{"id":"zhytomyr","nameUk":"Житомирська область","nameEn":"Zhytomyr Oblast"},"geometry":{"type":"MultiPolygon","coordinates":[[[[29.4848,49.6545],[29.4821,49.6492],[29.4306,49.6626],[29.4252,49.6522],[29.4087,49.6593],[29.3963,49.6479],[29.3799,49.6191],[29.3698,49.6199],[29.353,49.6271],[29.34,49.6151],[29.3257,49.628],[29.2755,49.6271],[29.2755,49.5896],[29.2537,49.5897],[29.2421,49.6043],[29.2124,49.588],[29.203,49.5938],[29.1882,49.5872],[29.1522,49.5937],[29.1332,49.5902],[29.1171,49.5842],[29.1052,49.5941],[29.0616,49.5919],[29.0487,49.5945],[29.0269,49.5904],[28.995,49.597],[28.9851,49.6033],[29.0043,49.6285],[29.0103,49.6326],[28.9893,49.6456],[28.9641,49.6723],[28.95,49.6742],[28.9483,49.6834],[28.9568,49.6842],[28.9658,49.7001],[28.9754,49.6994],[28.9948,49.7166],[28.9954,49.7254],[29.0048,49.7265],[29.0017,49.7403],[28.9637,49.7554],[28.9657,49.7765],[28.9408,49.7828],[28.9711,49.8035],[28.9615,49.8095],[28.961,49.8209],[28.9448,49.8198],[28.9534,49.8402],[28.937,49.8532],[28.9028,49.8617],[28.9101,49.8666],[28.8956,49.8733],[28.8991,49.8821],[28.8809,49.8884],[28.8568,49.8889],[28.8439,49.8602],[28.8144,49.8591],[28.8136,49.8528],[28.7835,49.8515],[28.7845,49.8427],[28.7509,49.8444],[28.7501,49.8185],[28.7385,49.8091],[28.7341,49.7982],[28.7265,49.7969],[28.7137,49.8174],[28.6904,49.8126],[28.6824,49.8022],[28.6674,49.8083],[28.6354,49.8171],[28.6334,49.813],[28.6191,49.8136],[28.6023,49.8101],[28.6006,49.7815],[28.5696,49.7739],[28.563,49.7872],[28.5551,49.7856],[28.5419,49.8065],[28.5297,49.8141],[28.5287,49.8206],[28.4815,49.8071],[28.4732,49.8126],[28.469,49.8235],[28.4317,49.821],[28.4202,49.8232],[28.4122,49.8081],[28.407,49.7918],[28.3793,49.7805],[28.3486,49.7924],[28.2974,49.8014],[28.2893,49.798],[28.2628,49.7995],[28.2618,49.8102],[28.2437,49.8136],[28.2453,49.7982],[28.229,49.7948],[28.226,49.7864],[28.2184,49.7905],[28.1549,49.7867],[28.12,49.7789],[28.1149,49.7756],[28.0928,49.772],[28.0188,49.7716],[28.0089,49.7771],[27.9822,49.7805],[27.9582,49.7788],[27.9327,49.7686],[27.9013,49.7673],[27.8908,49.7579],[27.8485,49.7527],[27.8346,49.7566],[27.8349,49.7458],[27.8158,49.7436],[27.817,49.7347],[27.8069,49.7279],[27.781,49.7285],[27.7571,49.747],[27.7495,49.7567],[27.7258,49.7644],[27.7033,49.7694],[27.7072,49.779],[27.7234,49.7899],[27.7275,49.7998],[27.7163,49.8063],[27.6975,49.8093],[27.6923,49.8025],[27.6683,49.8082],[27.6636,49.7949],[27.6588,49.8013],[27.6459,49.8078],[27.6362,49.8278],[27.6225,49.8389],[27.6271,49.8504],[27.6186,49.8559],[27.6158,49.873],[27.61,49.8755],[27.6252,49.8924],[27.6169,49.8945],[27.5969,49.8902],[27.5889,49.8973],[27.5655,49.91],[27.5656,49.902],[27.5458,49.9008],[27.5491,49.9094],[27.5477,49.9348],[27.5566,49.9354],[27.5559,49.9446],[27.5748,49.9491],[27.5656,49.9592],[27.5618,49.9838],[27.554,49.9881],[27.5457,50.0002],[27.5462,50.0113],[27.5592,50.0128],[27.5636,50.0196],[27.584,50.0169],[27.6101,50.0062],[27.6422,50.0373],[27.6577,50.0333],[27.6571,50.0261],[27.6708,50.0256],[27.6812,50.0352],[27.6814,50.047],[27.6747,50.056],[27.6745,50.0694],[27.6667,50.0766],[27.6147,50.0861],[27.6294,50.1035],[27.6228,50.1047],[27.6235,50.1127],[27.6385,50.1161],[27.6252,50.1236],[27.6321,50.1336],[27.6323,50.1458],[27.6485,50.144],[27.6523,50.1533],[27.6728,50.1537],[27.6789,50.1609],[27.6651,50.1697],[27.6618,50.1935],[27.6366,50.1879],[27.642,50.1731],[27.6214,50.1696],[27.6213,50.1977],[27.6115,50.1951],[27.6082,50.215],[27.593,50.2154],[27.5951,50.23],[27.6008,50.242],[27.5965,50.2585],[27.5779,50.2586],[27.5668,50.253],[27.563,50.2455],[27.5424,50.2458],[27.527,50.2256],[27.5214,50.2253],[27.4911,50.2383],[27.481,50.2517],[27.4812,50.2567],[27.46,50.2571],[27.4424,50.2604],[27.4449,50.275],[27.4156,50.2752],[27.3976,50.2881],[27.4165,50.2945],[27.4143,50.3071],[27.3628,50.3325],[27.3519,50.3312],[27.3258,50.3339],[27.3158,50.3306],[27.3132,50.3402],[27.323,50.3529],[27.3208,50.3688],[27.2492,50.3927],[27.254,50.4134],[27.2623,50.4273],[27.2916,50.4567],[27.2896,50.4726],[27.3003,50.4888],[27.2988,50.4939],[27.2688,50.4907],[27.2616,50.4954],[27.2624,50.5097],[27.2065,50.5318],[27.1964,50.5532],[27.1959,50.5622],[27.21,50.5662],[27.2318,50.5667],[27.2158,50.588],[27.2251,50.606],[27.2049,50.6119],[27.1906,50.6206],[27.1914,50.627],[27.2058,50.6285],[27.2013,50.6325],[27.2135,50.639],[27.2085,50.6437],[27.2138,50.6572],[27.2044,50.6594],[27.2056,50.6672],[27.222,50.6731],[27.2437,50.6733],[27.2515,50.6921],[27.2592,50.7016],[27.2729,50.7118],[27.2758,50.7209],[27.2739,50.7342],[27.2641,50.7451],[27.2714,50.7569],[27.27,50.7631],[27.242,50.7705],[27.2393,50.7757],[27.2436,50.7928],[27.2337,50.7955],[27.2417,50.8256],[27.232,50.8392],[27.2369,50.8473],[27.2495,50.8579],[27.2437,50.8698],[27.2532,50.8822],[27.2469,50.8838],[27.2568,50.896],[27.2336,50.9065],[27.2339,50.9126],[27.224,50.9113],[27.2139,50.9259],[27.2206,50.9307],[27.2373,50.9349],[27.2381,50.9452],[27.2226,50.9514],[27.2258,50.9616],[27.2123,50.9822],[27.2038,50.9886],[27.2006,51.001],[27.2161,51.0088],[27.2262,51.0081],[27.229,51.0218],[27.2203,51.0304],[27.2747,51.0327],[27.2797,51.0406],[27.3262,51.0425],[27.3181,51.0528],[27.3246,51.0696],[27.3244,51.0817],[27.3329,51.0828],[27.3357,51.0893],[27.356,51.0871],[27.3535,51.0954],[27.3671,51.0982],[27.3648,51.1091],[27.3693,51.112],[27.3644,51.143],[27.3811,51.1478],[27.3746,51.1548],[27.3985,51.1701],[27.3951,51.1723],[27.4063,51.1884],[27.3999,51.2009],[27.4167,51.2021],[27.4436,51.2229],[27.4589,51.224],[27.4648,51.2361],[27.4732,51.2375],[27.4635,51.2485],[27.4549,51.2486],[27.4476,51.2588],[27.4619,51.2645],[27.4492,51.2819],[27.4415,51.3104],[27.4904,51.3153],[27.5107,51.3351],[27.5222,51.3419],[27.5274,51.3537],[27.5254,51.3663],[27.4948,51.3765],[27.4922,51.4078],[27.4996,51.4176],[27.5057,51.4365],[27.5042,51.4515],[27.5338,51.4526],[27.5259,51.4436],[27.5343,51.4276],[27.5673,51.4158],[27.5834,51.4073],[27.5846,51.4012],[27.6142,51.4027],[27.6132,51.4108],[27.6031,51.4147],[27.5986,51.4302],[27.5821,51.4297],[27.5787,51.4782],[27.6231,51.4824],[27.6467,51.498],[27.6485,51.5019],[27.6671,51.4974],[27.6641,51.4929],[27.6703,51.4848],[27.7,51.4675],[27.7143,51.4637],[27.7301,51.4652],[27.7466,51.4765],[27.7591,51.4741],[27.7684,51.4778],[27.7697,51.4927],[27.78,51.5008],[27.7961,51.5223],[27.8053,51.5311],[27.8345,51.5354],[27.8543,51.5455],[27.8445,51.5518],[27.8448,51.56],[27.8297,51.5787],[27.8346,51.589],[27.8337,51.5979],[27.8405,51.6083],[27.8318,51.613],[27.8542,51.6153],[27.8756,51.608],[27.9361,51.567],[27.9466,51.5635],[27.9458,51.5582],[28.0708,51.5576],[28.0902,51.562],[28.1142,51.5756],[28.1411,51.6078],[28.1519,51.6059],[28.1747,51.6286],[28.1739,51.6375],[28.1876,51.6452],[28.21,51.652],[28.2304,51.6511],[28.2451,51.6406],[28.2489,51.6306],[28.2494,51.6131],[28.2578,51.6018],[28.2697,51.5943],[28.2985,51.583],[28.3109,51.5745],[28.3174,51.564],[28.3282,51.5364],[28.3339,51.5284],[28.3469,51.5252],[28.3596,51.5294],[28.3855,51.545],[28.4353,51.5661],[28.4612,51.5717],[28.4884,51.572],[28.5781,51.5601],[28.6039,51.5535],[28.6127,51.5399],[28.6152,51.5196],[28.6309,51.4636],[28.6373,51.4496],[28.647,51.439],[28.6636,51.434],[28.6911,51.4434],[28.704,51.4426],[28.7182,51.4116],[28.7288,51.4013],[28.7468,51.414],[28.7508,51.4262],[28.7574,51.4159],[28.772,51.4294],[28.7754,51.4489],[28.7851,51.4533],[28.7756,51.4778],[28.7657,51.484],[28.7667,51.4905],[28.7858,51.5094],[28.7968,51.5302],[28.8319,51.5483],[28.8636,51.5589],[28.8929,51.5629],[28.9546,51.5633],[28.9808,51.5695],[28.9864,51.5733],[29.0017,51.5733],[29.0351,51.5923],[29.043,51.6026],[29.0777,51.63],[29.0918,51.63],[29.1239,51.625],[29.148,51.6156],[29.1604,51.6033],[29.1815,51.567],[29.2148,51.5355],[29.2265,51.5191],[29.2304,51.4929],[29.221,51.467],[29.2278,51.4556],[29.2444,51.4479],[29.2649,51.4329],[29.2761,51.4136],[29.2846,51.3917],[29.297,51.3737],[29.3199,51.3656],[29.3406,51.3701],[29.3596,51.3805],[29.3605,51.3764],[29.3946,51.3798],[29.3933,51.3423],[29.3988,51.3212],[29.3558,51.2751],[29.3365,51.2701],[29.3296,51.2713],[29.3336,51.2782],[29.3006,51.2736],[29.2688,51.2655],[29.2854,51.2165],[29.3128,51.1399],[29.3193,51.1276],[29.3298,51.1265],[29.332,51.1582],[29.3492,51.1597],[29.4249,51.1257],[29.4567,51.0918],[29.4768,51.0796],[29.4939,51.0736],[29.5116,51.0605],[29.4837,51.0381],[29.4668,51.019],[29.4676,50.9871],[29.4751,50.9789],[29.4403,50.9891],[29.4118,50.9852],[29.411,50.9492],[29.4353,50.9452],[29.4675,50.9245],[29.4747,50.9148],[29.472,50.9027],[29.4894,50.8895],[29.4975,50.8878],[29.5146,50.8781],[29.5201,50.8684],[29.4974,50.8377],[29.5291,50.8243],[29.5422,50.8283],[29.5484,50.8122],[29.5158,50.8184],[29.5019,50.8188],[29.4887,50.8124],[29.4978,50.8011],[29.521,50.7903],[29.5065,50.7861],[29.5116,50.7764],[29.5024,50.7741],[29.4752,50.7745],[29.5063,50.766],[29.5235,50.7732],[29.5413,50.7761],[29.5503,50.7717],[29.5698,50.772],[29.5682,50.7618],[29.5745,50.7585],[29.5777,50.7484],[29.5848,50.7467],[29.5789,50.741],[29.5871,50.7382],[29.5895,50.7291],[29.5974,50.7296],[29.5864,50.7093],[29.5764,50.6991],[29.5652,50.6933],[29.5496,50.6934],[29.5388,50.682],[29.5282,50.6783],[29.5286,50.6633],[29.508,50.6575],[29.4922,50.6618],[29.4788,50.6572],[29.4768,50.6525],[29.4851,50.6468],[29.4641,50.6332],[29.4733,50.6282],[29.4447,50.6212],[29.4562,50.6139],[29.4772,50.6069],[29.4971,50.5918],[29.497,50.5802],[29.5055,50.5728],[29.4991,50.5651],[29.5031,50.5524],[29.4861,50.5373],[29.4595,50.5392],[29.4659,50.5283],[29.4583,50.5167],[29.4922,50.504],[29.5069,50.5001],[29.5087,50.4882],[29.5023,50.4841],[29.511,50.4714],[29.4821,50.4596],[29.4566,50.4712],[29.4469,50.4524],[29.4743,50.4523],[29.4744,50.4486],[29.4974,50.4497],[29.4969,50.4354],[29.4691,50.4156],[29.4488,50.4206],[29.4427,50.4162],[29.4557,50.401],[29.4823,50.4039],[29.4807,50.4128],[29.5602,50.4223],[29.5899,50.4004],[29.5871,50.3937],[29.5894,50.375],[29.6031,50.3742],[29.6172,50.3644],[29.6312,50.3721],[29.638,50.3572],[29.6111,50.3412],[29.6261,50.3303],[29.6473,50.324],[29.6585,50.3249],[29.6748,50.321],[29.6934,50.3248],[29.6901,50.3108],[29.6823,50.3125],[29.676,50.296],[29.6785,50.2854],[29.6899,50.2845],[29.6817,50.2739],[29.6736,50.2781],[29.6658,50.2751],[29.6747,50.2672],[29.6653,50.2658],[29.6812,50.2565],[29.6918,50.2376],[29.7024,50.2308],[29.6898,50.2285],[29.6699,50.2003],[29.6432,50.18],[29.6518,50.1721],[29.6614,50.1702],[29.6807,50.158],[29.6936,50.1561],[29.6876,50.1436],[29.6588,50.1276],[29.6561,50.1187],[29.6721,50.1164],[29.667,50.1122],[29.6477,50.1064],[29.6972,50.0678],[29.6958,50.0451],[29.6721,50.033],[29.6788,50.03],[29.6856,50.0108],[29.6989,50.0056],[29.6912,49.9995],[29.6946,49.9917],[29.7153,49.9806],[29.7146,49.9668],[29.7286,49.9685],[29.7319,49.9632],[29.7212,49.9594],[29.7352,49.9444],[29.7254,49.9418],[29.7281,49.9328],[29.7061,49.9262],[29.6609,49.9077],[29.6423,49.8979],[29.6332,49.8853],[29.6337,49.8769],[29.6486,49.8782],[29.667,49.8747],[29.6516,49.8647],[29.6389,49.869],[29.6258,49.8606],[29.6198,49.8525],[29.6018,49.8558],[29.5956,49.8431],[29.573,49.84],[29.5742,49.8372],[29.5479,49.836],[29.5493,49.8285],[29.5424,49.8211],[29.524,49.8263],[29.5071,49.8354],[29.4901,49.8257],[29.4969,49.8122],[29.4834,49.8024],[29.471,49.8156],[29.4485,49.8024],[29.4402,49.8044],[29.4631,49.7615],[29.4455,49.7331],[29.4356,49.7289],[29.4486,49.7125],[29.4967,49.7134],[29.4899,49.7076],[29.49,49.6697],[29.5142,49.6633],[29.5055,49.6493],[29.4848,49.6545]]],[[[27.6775,51.5131],[27.669,51.5003],[27.6688,51.5178],[27.6775,51.5131]]]]}}]}
